strategy,ticker,tf,rr,stop_mult,target_mult,long_only,n_trades,win_rate_pct,avg_r,expectancy_r,profit_factor,net_pnl_dollars,trades_per_day,max_consec_losses,max_dd_dollars,max_dd_pct,recovery_days,sharpe_R,kelly_pct,slip_atr_frac,survival_score,n_train,n_test,test_win_rate_pct,test_avg_r
ema_cross_12_26,GBPJPY,D1,1.0,1.5,1.5,True,33,72.73,0.3611,0.3611,2.421,1982.9,0.012,2,470.77,0.47,385.0,0.398,45.45,0.05,-136.39,24,9,88.89,0.6901
ema_cross_9_20,GBPJPY,D1,1.0,1.5,1.5,True,43,69.77,0.3025,0.3025,1.869,1954.82,0.015,3,845.41,0.84,397.0,0.325,39.53,0.05,-142.58,30,13,92.31,0.7551
ema_cross_12_26,USDJPY,D1,1.0,1.5,1.5,True,34,67.65,0.2377,0.2377,1.916,1007.65,0.012,3,484.25,0.48,349.0,0.249,35.29,0.05,-123.92,22,12,83.33,0.5728
ema_cross_9_20,USDSEK,D1,1.0,1.5,1.5,True,43,67.44,0.2552,0.2552,1.752,1808.4,0.015,4,665.98,0.66,349.0,0.269,34.88,0.05,-121.63,28,15,73.33,0.3755
ema_cross_12_26,USDSEK,D1,1.0,1.5,1.5,True,38,65.79,0.222,0.222,1.47,1141.55,0.013,3,929.11,0.92,595.0,0.231,31.58,0.05,-248.03,25,13,69.23,0.2931
donchian_55,US100.cash,D1,1.0,1.5,1.5,True,52,65.38,0.1361,0.1361,1.43,354.58,0.027,2,150.41,0.15,118.0,0.141,30.77,0.05,-6.81,30,22,68.18,0.2121
donchian_55,XAUUSD,D1,1.0,1.5,1.5,True,75,65.33,0.2279,0.2279,1.399,5839.04,0.027,3,2643.37,2.47,,0.238,30.67,0.05,26.56,36,39,61.54,0.1548
ema_cross_9_20,US30.cash,D1,1.0,1.5,1.5,True,34,64.71,0.1761,0.1761,1.532,573.6,0.013,4,464.21,0.46,840.0,0.181,29.41,0.05,-372.85,23,11,81.82,0.522
ema_cross_9_20,GER40.cash,D1,1.0,1.5,1.5,True,39,64.1,0.1258,0.1258,1.508,370.0,0.013,3,163.57,0.16,223.0,0.128,28.21,0.05,-63.89,22,17,58.82,0.0274
rsi_30_70,XPDUSD,H1,1.0,1.5,1.5,True,54,62.96,0.1728,0.1728,1.301,1959.27,0.109,3,1791.98,1.77,97.4,0.177,25.93,0.05,0.36,23,31,61.29,0.1475
rsi_30_70,EURUSD,M15,1.0,1.5,1.5,True,104,61.54,-0.2387,-0.2387,0.639,-228.94,0.902,3,239.75,0.24,,-0.241,23.08,0.05,-30.0,62,42,64.29,-0.1905
donchian_20,US100.cash,D1,1.0,1.5,1.5,True,69,60.87,0.0531,0.0531,1.158,215.86,0.036,3,242.63,0.24,58.0,0.054,21.74,0.05,18.06,39,30,60.0,0.0527
rsi_30_70,GBPJPY,H1,1.0,1.5,1.5,True,74,60.81,0.0221,0.0221,1.08,96.4,0.158,4,355.4,0.36,122.2,0.023,21.62,0.05,-30.0,43,31,61.29,0.0233
ema_cross_12_26,GBPUSD,D1,1.0,1.5,1.5,True,33,60.61,0.1012,0.1012,1.03,77.12,0.012,4,1836.38,1.82,,0.103,21.21,0.05,-30.0,23,10,90.0,0.6431
donchian_20,XAUUSD,D1,1.0,1.5,1.5,True,104,60.58,0.1331,0.1331,1.204,4567.01,0.037,5,3253.45,3.02,,0.135,21.15,0.05,21.57,55,49,59.18,0.1081
ema_cross_9_20,EURUSD,D1,1.0,1.5,1.5,True,38,60.53,0.1046,0.1046,1.057,113.49,0.013,5,1216.83,1.22,1121.0,0.106,21.05,0.05,-30.0,24,14,92.86,0.7527
ema_cross_9_20,EURJPY,D1,1.0,1.5,1.5,True,40,60.0,0.0961,0.0961,1.38,726.66,0.014,3,602.79,0.6,657.0,0.096,20.0,0.05,-285.85,27,13,61.54,0.1377
ema_cross_12_26,EURJPY,D1,1.0,1.5,1.5,True,30,60.0,0.0974,0.0974,1.232,368.93,0.011,2,580.52,0.58,,0.098,20.0,0.05,10.95,21,9,55.56,0.0173
donchian_55,XAGUSD,D1,1.0,1.5,1.5,True,67,59.7,0.1168,0.1168,1.504,9316.96,0.024,4,4480.11,4.4,191.0,0.118,19.4,0.05,-49.62,30,37,62.16,0.1692
donchian_20,XAUUSD,H1,1.0,1.5,1.5,True,343,59.18,0.0932,0.0932,1.195,6445.01,0.69,7,3296.67,3.08,15.6,0.095,18.37,0.05,34.02,216,127,54.33,0.0089
donchian_55,XAUUSD,H1,1.0,1.5,1.5,True,240,59.17,0.0905,0.0905,1.151,3368.52,0.483,11,3170.47,3.01,,0.092,18.33,0.05,26.4,156,84,55.95,0.0369
donchian_20,GER40.cash,D1,1.0,1.5,1.5,True,66,59.09,0.006,0.006,1.009,12.28,0.022,3,442.55,0.44,,0.006,18.18,0.05,-30.0,32,34,55.88,-0.0649
donchian_20,US30.cash,D1,1.0,1.5,1.5,True,83,59.04,0.0589,0.0589,1.234,577.22,0.031,3,491.95,0.49,,0.06,18.07,0.05,16.46,44,39,53.85,-0.0312
donchian_55,UK100.cash,D1,1.0,1.5,1.5,True,39,58.97,-0.1115,-0.1115,0.834,-60.54,0.013,2,151.7,0.15,,-0.111,17.95,0.05,-30.0,15,24,66.67,0.0459
donchian_20,UK100.cash,D1,1.0,1.5,1.5,True,62,58.06,-0.1108,-0.1108,0.806,-117.81,0.02,5,237.87,0.24,,-0.112,16.13,0.05,-30.0,29,33,54.55,-0.1724
rsi_30_70,GBPUSD,H1,1.0,1.5,1.5,True,95,57.89,-0.0618,-0.0618,0.884,-159.97,0.202,4,450.4,0.45,,-0.062,15.79,0.05,-30.0,60,35,57.14,-0.0823
rsi_30_70,AUDUSD,H1,1.0,1.5,1.5,True,83,57.83,-0.1316,-0.1316,0.888,-93.24,0.177,4,284.9,0.28,,-0.131,15.66,0.05,-30.0,51,32,53.12,-0.2048
ema_pullback_20_50,GBPJPY,D1,1.0,1.5,1.5,True,192,57.81,-0.0159,-0.0159,1.194,1679.02,0.068,6,1177.03,1.17,406.0,-0.016,15.62,0.05,-151.35,108,84,65.48,0.1622
rsi_30_70,AUDUSD,M15,1.0,1.5,1.5,True,85,57.65,-0.2889,-0.2889,0.582,-255.02,0.737,4,268.09,0.27,,-0.287,15.29,0.05,-30.0,49,36,63.89,-0.1552
ema_cross_9_20,XAGUSD,D1,1.0,1.5,1.5,True,47,57.45,0.0719,0.0719,0.621,-7159.52,0.017,4,11856.84,11.32,,0.072,14.89,0.05,-30.0,25,22,59.09,0.1086
ema_cross_12_26,USDCAD,D1,1.0,1.5,1.5,True,35,57.14,0.0276,0.0276,0.956,-66.68,0.012,3,381.69,0.38,384.0,0.028,14.29,0.05,-30.0,19,16,50.0,-0.1205
donchian_20,US500.cash,D1,1.0,1.5,1.5,True,70,57.14,-0.4037,-0.4037,0.533,-181.15,0.036,3,199.68,0.2,,-0.39,14.29,0.05,-30.0,42,28,53.57,-0.4098
ema_cross_12_26,US30.cash,H1,1.0,1.5,1.5,True,127,56.69,-0.1947,-0.1947,0.717,-373.59,0.255,5,525.02,0.52,,-0.192,13.39,0.05,-30.0,82,45,66.67,0.0477
donchian_55,US30.cash,D1,1.0,1.5,1.5,True,60,56.67,0.0106,0.0106,1.026,46.19,0.023,4,542.34,0.54,,0.011,13.33,0.05,-30.0,29,31,48.39,-0.1381
donchian_20,XAGUSD,D1,1.0,1.5,1.5,True,99,56.57,0.054,0.054,0.99,-351.89,0.035,4,9590.97,8.78,,0.054,13.13,0.05,-30.0,49,50,56.0,0.0462
donchian_55,GER40.cash,H1,1.0,1.5,1.5,True,216,56.48,-0.3519,-0.3519,0.472,-798.94,0.421,5,815.2,0.82,,-0.352,12.96,0.05,-30.0,133,83,57.83,-0.2933
rsi_30_70,GER40.cash,H1,1.0,1.5,1.5,True,108,56.48,-0.2546,-0.2546,0.618,-359.09,0.211,7,450.99,0.45,,-0.257,12.96,0.05,-30.0,61,47,48.94,-0.3623
ema_cross_12_26,AUDUSD,D1,1.0,1.5,1.5,True,39,56.41,0.0181,0.0181,1.183,313.2,0.014,3,412.62,0.41,,0.018,12.82,0.05,8.01,23,16,50.0,-0.1101
donchian_20,GER40.cash,H1,1.0,1.5,1.5,True,327,56.27,-0.3497,-0.3497,0.501,-1189.79,0.638,5,1248.53,1.25,,-0.347,12.54,0.05,-30.0,205,122,60.66,-0.2275
ema_cross_9_20,GBPUSD,D1,1.0,1.5,1.5,True,41,56.1,0.0284,0.0284,1.061,189.71,0.015,5,1709.3,1.7,,0.028,12.2,0.05,-30.0,28,13,76.92,0.4407
ema_pullback_20_50,XPDUSD,D1,1.0,1.5,1.5,True,190,55.79,-0.0259,-0.0259,0.786,-13748.94,0.067,5,16767.63,16.28,,-0.026,11.58,0.05,-30.0,109,81,49.38,-0.1553
ema_cross_9_20,USDJPY,D1,1.0,1.5,1.5,True,47,55.32,-0.0108,-0.0108,1.267,508.99,0.017,4,824.21,0.82,908.0,-0.011,10.64,0.05,-416.71,32,15,73.33,0.3711
donchian_20,XPDUSD,D1,1.0,1.5,1.5,True,85,55.29,0.0317,0.0317,0.85,-6055.17,0.03,5,14035.77,13.3,,0.032,10.59,0.05,-30.0,58,27,59.26,0.109
donchian_55,XPTUSD,D1,1.0,1.5,1.5,True,49,55.1,0.0238,0.0238,1.054,647.74,0.017,3,2297.35,2.28,,0.024,10.2,0.05,-30.0,27,22,63.64,0.1951
donchian_55,EURUSD,H1,1.0,1.5,1.5,True,187,55.08,-0.1473,-0.1473,0.759,-617.62,0.398,4,778.46,0.78,,-0.148,10.16,0.05,-30.0,116,71,52.11,-0.2396
ema_cross_12_26,XAUUSD,D1,1.0,1.5,1.5,True,31,54.84,0.0158,0.0158,1.412,1804.27,0.011,2,1068.43,1.07,9.0,0.016,9.68,0.05,5.39,20,11,63.64,0.195
ema_pullback_20_50,US100.cash,D1,1.0,1.5,1.5,True,119,54.62,-0.1494,-0.1494,0.867,-288.08,0.062,6,534.87,0.53,,-0.147,9.24,0.05,-30.0,68,51,58.82,-0.0381
ema_cross_9_20,XPTUSD,D1,1.0,1.5,1.5,True,46,54.35,0.009,0.009,0.663,-4339.92,0.016,2,4768.16,4.75,,0.009,8.7,0.05,-30.0,27,19,63.16,0.1859
donchian_20,XAGUSD,M15,1.0,1.5,1.5,True,302,54.3,0.0079,0.0079,0.99,-636.64,2.452,6,8657.41,8.2,,0.008,8.61,0.05,-30.0,192,110,53.64,-0.0091
ema_cross_9_20,USDJPY,H1,1.0,1.5,1.5,True,155,54.19,-0.1638,-0.1638,0.617,-876.57,0.33,6,935.75,0.94,,-0.165,8.39,0.05,-30.0,95,60,53.33,-0.2059
ema_cross_9_20,AUDUSD,D1,1.0,1.5,1.5,True,48,54.17,-0.0265,-0.0265,1.077,170.59,0.017,4,555.18,0.55,,-0.026,8.33,0.05,-30.0,25,23,47.83,-0.1543
ema_cross_12_26,XAUUSD,H1,1.0,1.5,1.5,True,120,54.17,-0.0031,-0.0031,1.034,458.31,0.241,5,1704.06,1.67,,-0.003,8.33,0.05,-30.0,71,49,48.98,-0.0904
rsi_30_70,XAGUSD,M15,1.0,1.5,1.5,True,109,54.13,0.0066,0.0066,1.143,4168.04,0.885,5,4059.0,3.91,1.9,0.007,8.26,0.05,8.62,57,52,50.0,-0.0792
ema_cross_12_26,XAGUSD,H1,1.0,1.5,1.5,True,122,54.1,-0.0098,-0.0098,0.982,-387.04,0.245,4,6981.85,6.59,,-0.01,8.2,0.05,-30.0,76,46,54.35,0.014
donchian_20,US30.cash,H1,1.0,1.5,1.5,True,309,54.05,-0.2639,-0.2639,0.633,-1152.79,0.621,10,1255.92,1.26,,-0.263,8.09,0.05,-30.0,185,124,55.65,-0.2129
donchian_55,XPDUSD,D1,1.0,1.5,1.5,True,50,54.0,0.0054,0.0054,0.818,-4630.1,0.018,6,9506.83,9.19,,0.005,8.0,0.05,-30.0,36,14,57.14,0.0671
donchian_55,XAGUSD,M15,1.0,1.5,1.5,True,195,53.85,-0.0022,-0.0022,0.995,-172.63,1.583,7,6097.79,5.84,,-0.002,7.69,0.05,-30.0,134,61,52.46,-0.0334
ema_pullback_20_50,EURJPY,D1,1.0,1.5,1.5,True,196,53.57,-0.1203,-0.1203,0.804,-1649.04,0.07,7,1993.08,1.99,,-0.121,7.14,0.05,-30.0,118,78,53.85,-0.0961
rsi_30_70,GBPUSD,M15,1.0,1.5,1.5,True,112,53.57,-0.3087,-0.3087,0.574,-418.51,0.971,5,429.81,0.43,,-0.306,7.14,0.05,-30.0,69,43,60.47,-0.1914
rsi_30_70,XPTUSD,H1,1.0,1.5,1.5,True,73,53.42,-0.0202,-0.0202,0.904,-1305.22,0.147,6,5277.56,5.14,,-0.02,6.85,0.05,-30.0,30,43,53.49,-0.0064
donchian_55,GBPJPY,D1,1.0,1.5,1.5,True,60,53.33,-0.0303,-0.0303,0.839,-722.2,0.021,6,1408.33,1.4,,-0.03,6.67,0.05,-30.0,30,30,50.0,-0.0948
donchian_20,AUDUSD,D1,1.0,1.5,1.5,True,77,53.25,-0.05,-0.05,1.003,11.57,0.027,6,1028.68,1.02,,-0.05,6.49,0.05,-30.0,44,33,45.45,-0.2147
ema_cross_9_20,US30.cash,H1,1.0,1.5,1.5,True,175,53.14,-0.2788,-0.2788,0.618,-711.95,0.352,9,816.18,0.82,,-0.274,6.29,0.05,-30.0,113,62,58.06,-0.1413
ema_cross_9_20,EU50.cash,D1,1.0,1.5,1.5,True,32,53.12,-0.3179,-0.3179,0.544,-110.27,0.017,4,139.2,0.14,,-0.313,6.25,0.05,-30.0,18,14,42.86,-0.4616
donchian_20,EURJPY,D1,1.0,1.5,1.5,True,81,53.09,-0.0448,-0.0448,0.944,-248.75,0.029,5,719.12,0.72,634.0,-0.045,6.17,0.05,-30.0,45,36,52.78,-0.0446
ema_cross_9_20,NZDUSD,D1,1.0,1.5,1.5,True,49,53.06,-0.0315,-0.0315,1.031,67.04,0.017,4,545.75,0.54,,-0.032,6.12,0.05,-30.0,27,22,45.45,-0.1614
rsi_30_70,EURJPY,H1,1.0,1.5,1.5,True,85,52.94,-0.1803,-0.1803,0.716,-352.47,0.181,7,470.32,0.47,,-0.18,5.88,0.05,-30.0,54,31,61.29,-0.0306
rsi_30_70,GBPJPY,M15,1.0,1.5,1.5,True,91,52.75,-0.2781,-0.2781,0.689,-282.63,0.789,8,358.97,0.36,,-0.271,5.49,0.05,-30.0,57,34,47.06,-0.4293
ema_cross_12_26,USDJPY,M15,1.0,1.5,1.5,True,133,52.63,-0.4629,-0.4629,0.397,-542.57,1.153,6,578.22,0.58,,-0.455,5.26,0.05,-30.0,80,53,56.6,-0.4572
ema_pullback_20_50,XAUUSD,D1,1.0,1.5,1.5,True,209,52.63,-0.098,-0.098,0.959,-1499.7,0.074,5,5265.31,5.18,1516.0,-0.097,5.26,0.05,-30.0,100,109,53.21,-0.0937
rsi_30_70,XAUUSD,H1,1.0,1.5,1.5,True,82,52.44,-0.0347,-0.0347,0.948,-814.51,0.165,4,5358.59,5.32,,-0.035,4.88,0.05,-30.0,46,36,50.0,-0.0742
ema_cross_9_20,USDCHF,M15,1.0,1.5,1.5,True,187,52.41,-0.4376,-0.4376,0.418,-789.99,1.622,7,832.63,0.83,,-0.433,4.81,0.05,-30.0,113,74,55.41,-0.3885
rsi_30_70,NZDUSD,M15,1.0,1.5,1.5,True,105,52.38,-0.4827,-0.4827,0.391,-405.28,0.91,9,409.61,0.41,,-0.47,4.76,0.05,-30.0,61,44,56.82,-0.3771
donchian_20,GBPJPY,D1,1.0,1.5,1.5,True,90,52.22,-0.0513,-0.0513,0.89,-748.58,0.032,4,1329.16,1.32,,-0.051,4.44,0.05,-30.0,52,38,50.0,-0.0927
donchian_20,USDJPY,D1,1.0,1.5,1.5,True,90,52.22,-0.0691,-0.0691,0.866,-645.71,0.032,3,936.49,0.94,,-0.069,4.44,0.05,-30.0,47,43,53.49,-0.0323
ema_pullback_20_50,AUDUSD,D1,1.0,1.5,1.5,True,186,52.15,-0.1466,-0.1466,0.825,-1176.22,0.066,6,1749.0,1.74,,-0.145,4.3,0.05,-30.0,100,86,56.98,-0.0436
donchian_55,GBPJPY,M15,1.0,1.5,1.5,True,209,52.15,-0.3599,-0.3599,0.482,-920.27,1.811,7,932.57,0.93,,-0.359,4.31,0.05,-30.0,121,88,47.73,-0.4977
ema_cross_12_26,USDCHF,M15,1.0,1.5,1.5,True,139,51.8,-0.4546,-0.4546,0.377,-645.09,1.205,7,661.31,0.66,,-0.458,3.6,0.05,-30.0,80,59,47.46,-0.559
ema_pullback_20_50,XAGUSD,D1,1.0,1.5,1.5,True,205,51.71,-0.1131,-0.1131,0.717,-15734.75,0.072,6,17343.56,17.07,,-0.111,3.41,0.05,-30.0,105,100,50.0,-0.1337
ema_cross_9_20,XAGUSD,M15,1.0,1.5,1.5,True,159,51.57,-0.0458,-0.0458,0.96,-1374.39,1.291,7,11211.97,10.37,,-0.046,3.14,0.05,-30.0,91,68,50.0,-0.0805
ema_cross_12_26,US100.cash,H1,1.0,1.5,1.5,True,128,51.56,-0.4032,-0.4032,0.475,-585.06,0.257,4,601.0,0.6,,-0.396,3.12,0.05,-30.0,78,50,48.0,-0.4124
donchian_55,US30.cash,H1,1.0,1.5,1.5,True,167,51.5,-0.32,-0.32,0.523,-840.67,0.335,6,899.46,0.9,,-0.319,2.99,0.05,-30.0,101,66,57.58,-0.1862
ema_cross_9_20,US100.cash,H1,1.0,1.5,1.5,True,171,51.46,-0.4145,-0.4145,0.49,-734.69,0.344,6,752.7,0.75,,-0.409,2.92,0.05,-30.0,105,66,46.97,-0.4478
ema_cross_12_26,USDSEK,M15,1.0,1.5,1.5,True,138,51.45,-0.3389,-0.3389,0.583,-525.94,1.196,5,525.94,0.53,,-0.332,2.9,0.05,-30.0,85,53,52.83,-0.2785
ema_cross_12_26,XAGUSD,D1,1.0,1.5,1.5,True,35,51.43,-0.0484,-0.0484,0.43,-9677.35,0.012,4,12145.41,11.85,,-0.048,2.86,0.05,-30.0,21,14,50.0,-0.0726
ema_cross_9_20,EURJPY,H1,1.0,1.5,1.5,True,177,51.41,-0.2227,-0.2227,0.609,-1024.76,0.377,5,1183.12,1.18,,-0.223,2.82,0.05,-30.0,109,68,51.47,-0.2411
ema_cross_9_20,GER40.cash,H1,1.0,1.5,1.5,True,177,51.41,-0.419,-0.419,0.447,-850.49,0.345,6,952.14,0.95,,-0.412,2.82,0.05,-30.0,107,70,52.86,-0.3664
ema_cross_12_26,XPTUSD,D1,1.0,1.5,1.5,True,37,51.35,-0.0507,-0.0507,0.733,-2610.88,0.013,5,4417.3,4.34,,-0.05,2.7,0.05,-30.0,21,16,43.75,-0.2021
donchian_55,EURUSD,D1,1.0,1.5,1.5,True,37,51.35,-0.0741,-0.0741,0.984,-37.13,0.013,4,471.04,0.47,60.0,-0.073,2.7,0.05,-30.0,20,17,52.94,-0.0437
ema_pullback_20_50,XAGUSD,M15,1.0,1.5,1.5,True,609,51.23,-0.1204,-0.1204,0.924,-6591.7,4.945,7,12871.71,12.21,,-0.119,2.46,0.05,-30.0,411,198,48.99,-0.1692
ema_cross_9_20,XPTUSD,M15,1.0,1.5,1.5,True,176,51.14,-0.0664,-0.0664,0.943,-1052.91,1.429,7,3873.79,3.77,,-0.066,2.27,0.05,-30.0,104,72,44.44,-0.2056
rsi_30_70,EURJPY,M15,1.0,1.5,1.5,True,88,51.14,-0.393,-0.393,0.464,-445.09,0.763,5,505.11,0.51,,-0.386,2.27,0.05,-30.0,59,29,51.72,-0.4623
ema_cross_12_26,GER40.cash,H1,1.0,1.5,1.5,True,133,51.13,-0.404,-0.404,0.445,-680.23,0.259,5,725.55,0.73,,-0.401,2.26,0.05,-30.0,84,49,55.1,-0.2796
donchian_55,EURJPY,H1,1.0,1.5,1.5,True,223,51.12,-0.2456,-0.2456,0.653,-1007.82,0.475,8,1232.45,1.23,,-0.244,2.24,0.05,-30.0,125,98,51.02,-0.2704
ema_cross_12_26,GBPJPY,M15,1.0,1.5,1.5,True,135,51.11,-0.3744,-0.3744,0.487,-617.96,1.17,5,636.39,0.64,,-0.372,2.22,0.05,-30.0,79,56,58.93,-0.2694
donchian_55,XAUUSD,M15,1.0,1.5,1.5,True,182,51.1,-0.0691,-0.0691,0.841,-3038.31,1.478,7,4885.55,4.83,,-0.069,2.2,0.05,-30.0,128,54,51.85,-0.0521
rsi_30_70,NZDUSD,H1,1.0,1.5,1.5,True,96,51.04,-0.306,-0.306,0.626,-362.18,0.205,6,581.9,0.58,,-0.3,2.08,0.05,-30.0,54,42,50.0,-0.3366
donchian_55,GBPUSD,H1,1.0,1.5,1.5,True,194,51.03,-0.2006,-0.2006,0.691,-977.25,0.413,7,1092.37,1.09,,-0.2,2.06,0.05,-30.0,128,66,51.52,-0.1942
ema_pullback_20_50,XAGUSD,H1,1.0,1.5,1.5,True,657,50.99,-0.1368,-0.1368,0.907,-7799.97,1.322,8,14861.48,14.03,,-0.136,1.98,0.05,-30.0,394,263,54.75,-0.0365
donchian_55,AUDUSD,H1,1.0,1.5,1.5,True,206,50.97,-0.3046,-0.3046,0.591,-908.07,0.439,6,933.1,0.93,,-0.302,1.94,0.05,-30.0,109,97,54.64,-0.2469
rsi_30_70,US100.cash,H1,1.0,1.5,1.5,True,112,50.89,-0.3627,-0.3627,0.545,-469.3,0.225,4,504.79,0.5,,-0.353,1.79,0.05,-30.0,65,47,57.45,-0.2073
ema_cross_9_20,GBPJPY,H1,1.0,1.5,1.5,True,175,50.86,-0.1948,-0.1948,0.663,-1064.02,0.373,5,1275.59,1.27,,-0.195,1.71,0.05,-30.0,113,62,54.84,-0.1229
donchian_55,EURJPY,D1,1.0,1.5,1.5,True,59,50.85,-0.0908,-0.0908,0.786,-741.88,0.021,4,1026.52,1.02,,-0.09,1.69,0.05,-30.0,27,32,46.88,-0.1649
donchian_55,USDCAD,H1,1.0,1.5,1.5,True,185,50.81,-0.342,-0.342,0.464,-1032.86,0.394,6,1040.08,1.04,,-0.343,1.62,0.05,-30.0,112,73,50.68,-0.3631
donchian_20,EURUSD,H1,1.0,1.5,1.5,True,315,50.79,-0.2401,-0.2401,0.608,-1807.18,0.671,7,1869.74,1.87,,-0.24,1.59,0.05,-30.0,194,121,47.11,-0.3469
donchian_20,XAGUSD,H1,1.0,1.5,1.5,True,331,50.76,-0.0758,-0.0758,0.924,-4365.52,0.666,6,12907.17,11.99,,-0.076,1.51,0.05,-30.0,193,138,53.62,-0.0033
donchian_20,GBPJPY,H1,1.0,1.5,1.5,True,316,50.63,-0.2079,-0.2079,0.664,-1800.5,0.673,6,1934.32,1.93,,-0.207,1.27,0.05,-30.0,181,135,52.59,-0.1813
rsi_30_70,EURUSD,H1,1.0,1.5,1.5,True,93,50.54,-0.242,-0.242,0.639,-473.7,0.198,5,617.73,0.62,,-0.24,1.08,0.05,-30.0,54,39,38.46,-0.4976
ema_pullback_20_50,US30.cash,D1,1.0,1.5,1.5,True,190,50.53,-0.2095,-0.2095,0.837,-778.18,0.072,5,1326.03,1.33,,-0.205,1.05,0.05,-30.0,113,77,59.74,-0.0255
donchian_20,EURJPY,H1,1.0,1.5,1.5,True,337,50.45,-0.2534,-0.2534,0.606,-1843.29,0.718,7,1891.11,1.89,,-0.253,0.89,0.05,-30.0,194,143,54.55,-0.1938
ema_cross_12_26,EURJPY,H1,1.0,1.5,1.5,True,133,50.38,-0.2401,-0.2401,0.658,-668.31,0.283,6,785.88,0.79,,-0.239,0.75,0.05,-30.0,84,49,53.06,-0.207
ema_cross_12_26,XPTUSD,M15,1.0,1.5,1.5,True,139,50.36,-0.0819,-0.0819,0.92,-1168.15,1.128,5,3394.44,3.33,,-0.082,0.72,0.05,-30.0,89,50,46.0,-0.1731
donchian_55,XPTUSD,M15,1.0,1.5,1.5,True,181,50.28,-0.0838,-0.0838,0.807,-3857.36,1.469,5,4147.55,4.14,,-0.084,0.55,0.05,-30.0,122,59,44.07,-0.2126
ema_cross_9_20,AUDUSD,M15,1.0,1.5,1.5,True,185,50.27,-0.497,-0.497,0.391,-821.85,1.604,5,833.31,0.83,,-0.487,0.54,0.05,-30.0,115,70,44.29,-0.5922
donchian_20,GBPUSD,H1,1.0,1.5,1.5,True,319,50.16,-0.2194,-0.2194,0.653,-1831.73,0.68,9,1927.49,1.93,,-0.219,0.31,0.05,-30.0,205,114,48.25,-0.261
ema_cross_12_26,EURUSD,D1,1.0,1.5,1.5,True,32,50.0,-0.0767,-0.0767,0.853,-269.27,0.011,5,1153.03,1.15,,-0.077,0.0,0.05,-100.0,21,11,72.73,0.433
donchian_20,EU50.cash,D1,1.0,1.5,1.5,True,52,50.0,-0.4264,-0.4264,0.364,-267.46,0.027,6,297.0,0.3,,-0.431,0.0,0.05,-100.0,32,20,30.0,-0.7635
donchian_20,XPTUSD,M15,1.0,1.5,1.5,True,304,50.0,-0.0895,-0.0895,0.821,-6028.79,2.468,8,8271.5,8.12,,-0.089,0.0,0.05,-100.0,192,112,46.43,-0.1658
donchian_55,AUDUSD,D1,1.0,1.5,1.5,True,46,50.0,-0.1258,-0.1258,0.782,-541.68,0.016,4,802.19,0.8,,-0.126,0.0,0.05,-100.0,23,23,47.83,-0.1874
donchian_55,AUDUSD,M15,1.0,1.5,1.5,True,194,50.0,-0.5161,-0.5161,0.378,-888.86,1.682,6,900.15,0.9,,-0.505,0.0,0.05,-100.0,119,75,50.67,-0.4899
donchian_55,EU50.cash,D1,1.0,1.5,1.5,True,36,50.0,-0.4747,-0.4747,0.385,-163.15,0.019,3,187.39,0.19,,-0.463,0.0,0.05,-100.0,22,14,35.71,-0.7153
rsi_30_70,USDSEK,H1,1.0,1.5,1.5,True,106,50.0,-0.1896,-0.1896,0.672,-751.13,0.226,9,953.21,0.95,,-0.189,0.0,0.05,-100.0,67,39,56.41,-0.0852
donchian_20,AUDUSD,H1,1.0,1.5,1.5,True,341,49.85,-0.3198,-0.3198,0.531,-1870.89,0.727,7,1924.39,1.92,,-0.319,-0.29,0.05,-100.0,198,143,52.45,-0.2766
ema_pullback_20_50,XPTUSD,D1,1.0,1.5,1.5,True,211,49.76,-0.1493,-0.1493,0.745,-9620.17,0.075,6,10233.43,10.17,,-0.148,-0.47,0.05,-100.0,135,76,51.32,-0.1075
ema_pullback_20_50,USDCAD,D1,1.0,1.5,1.5,True,203,49.75,-0.2133,-0.2133,0.688,-2384.1,0.072,6,2635.27,2.63,,-0.211,-0.49,0.05,-100.0,115,88,55.68,-0.1001
ema_cross_9_20,NZDUSD,M15,1.0,1.5,1.5,True,177,49.72,-0.5936,-0.5936,0.29,-822.9,1.535,7,829.27,0.83,,-0.585,-0.56,0.05,-100.0,103,74,48.65,-0.6473
ema_cross_9_20,XAUUSD,H1,1.0,1.5,1.5,True,167,49.7,-0.0935,-0.0935,0.782,-4807.08,0.336,5,6270.77,6.18,,-0.094,-0.6,0.05,-100.0,102,65,46.15,-0.1495
donchian_20,USDJPY,M15,1.0,1.5,1.5,True,332,49.7,-0.5165,-0.5165,0.338,-1597.99,2.879,10,1621.65,1.62,,-0.514,-0.6,0.05,-100.0,205,127,48.03,-0.6117
donchian_55,XAGUSD,H1,1.0,1.5,1.5,True,230,49.57,-0.0997,-0.0997,0.85,-5830.1,0.463,7,8663.53,8.45,,-0.099,-0.87,0.05,-100.0,132,98,52.04,-0.0363
rsi_30_70,XPDUSD,M15,1.0,1.5,1.5,True,89,49.44,-0.103,-0.103,0.724,-2876.22,0.722,5,3871.12,3.87,,-0.103,-1.12,0.05,-100.0,51,38,60.53,0.1099
donchian_20,XPTUSD,D1,1.0,1.5,1.5,True,87,49.43,-0.0894,-0.0894,0.765,-5551.82,0.031,5,7175.99,7.08,,-0.089,-1.15,0.05,-100.0,55,32,56.25,0.0476
ema_cross_9_20,XAGUSD,H1,1.0,1.5,1.5,True,170,49.41,-0.1032,-0.1032,0.91,-2755.35,0.342,5,10461.48,9.79,,-0.103,-1.18,0.05,-100.0,107,63,55.56,0.038
donchian_20,USDSEK,D1,1.0,1.5,1.5,True,79,49.37,-0.1069,-0.1069,0.757,-1805.93,0.028,5,2961.99,2.93,,-0.106,-1.27,0.05,-100.0,47,32,40.62,-0.2776
donchian_20,EURUSD,D1,1.0,1.5,1.5,True,73,49.32,-0.1173,-0.1173,0.816,-863.81,0.026,6,2192.11,2.19,,-0.116,-1.37,0.05,-100.0,45,28,64.29,0.1818
ema_pullback_20_50,XAUUSD,H1,1.0,1.5,1.5,True,731,49.25,-0.1777,-0.1777,0.792,-12651.98,1.471,7,13039.09,13.01,,-0.176,-1.5,0.05,-100.0,454,277,47.29,-0.1937
ema_cross_12_26,EURJPY,M15,1.0,1.5,1.5,True,130,49.23,-0.5072,-0.5072,0.341,-663.1,1.127,8,669.69,0.67,,-0.508,-1.54,0.05,-100.0,82,48,56.25,-0.4283
ema_cross_12_26,USDCAD,H1,1.0,1.5,1.5,True,124,49.19,-0.3722,-0.3722,0.453,-734.57,0.264,5,818.1,0.82,,-0.37,-1.61,0.05,-100.0,87,37,62.16,-0.1305
donchian_20,FRA40.cash,D1,1.0,1.5,1.5,True,61,49.18,-0.3228,-0.3228,0.505,-354.39,0.032,5,354.39,0.35,,-0.32,-1.64,0.05,-100.0,37,24,33.33,-0.6269
ema_cross_9_20,USDSEK,M15,1.0,1.5,1.5,True,179,49.16,-0.3746,-0.3746,0.5,-907.6,1.552,4,907.6,0.91,,-0.371,-1.68,0.05,-100.0,108,71,52.11,-0.29
ema_pullback_20_50,USDJPY,D1,1.0,1.5,1.5,True,175,49.14,-0.2209,-0.2209,0.802,-1282.53,0.062,7,1584.4,1.58,,-0.216,-1.71,0.05,-100.0,110,65,55.38,-0.0515
donchian_20,GBPJPY,M15,1.0,1.5,1.5,True,340,49.12,-0.4173,-0.4173,0.432,-1771.59,2.947,8,1800.04,1.8,,-0.416,-1.76,0.05,-100.0,200,140,50.0,-0.4499
rsi_30_70,XAUUSD,M15,1.0,1.5,1.5,True,104,49.04,-0.1043,-0.1043,0.888,-1783.61,0.844,5,4671.28,4.55,,-0.104,-1.92,0.05,-100.0,50,54,40.74,-0.2724
ema_cross_12_26,USDCAD,M15,1.0,1.5,1.5,True,145,48.97,-0.6284,-0.6284,0.27,-585.78,1.257,5,602.44,0.6,,-0.611,-2.07,0.05,-100.0,89,56,48.21,-0.6484
ema_cross_9_20,USDJPY,M15,1.0,1.5,1.5,True,188,48.94,-0.5337,-0.5337,0.364,-867.95,1.63,6,910.58,0.91,,-0.522,-2.13,0.05,-100.0,113,75,48.0,-0.6159
ema_cross_12_26,GBPUSD,H1,1.0,1.5,1.5,True,135,48.89,-0.2435,-0.2435,0.639,-821.99,0.288,5,957.52,0.96,,-0.243,-2.22,0.05,-100.0,79,56,44.64,-0.3292
ema_cross_9_20,XAUUSD,D1,1.0,1.5,1.5,True,43,48.84,-0.1019,-0.1019,0.996,-36.61,0.015,4,2626.7,2.56,,-0.101,-2.33,0.05,-100.0,28,15,53.33,-0.008
donchian_55,GER40.cash,D1,1.0,1.5,1.5,True,43,48.84,-0.1924,-0.1924,0.624,-434.85,0.015,6,489.96,0.49,,-0.191,-2.33,0.05,-100.0,18,25,52.0,-0.1284
rsi_30_70,USDSEK,M15,1.0,1.5,1.5,True,86,48.84,-0.3462,-0.3462,0.506,-497.36,0.746,8,592.33,0.59,,-0.346,-2.33,0.05,-100.0,55,31,58.06,-0.127
ema_cross_9_20,XPDUSD,D1,1.0,1.5,1.5,True,41,48.78,-0.0958,-0.0958,0.518,-14136.69,0.014,4,15956.84,15.67,,-0.095,-2.44,0.05,-100.0,25,16,50.0,-0.0731
donchian_20,XAUUSD,M15,1.0,1.5,1.5,True,316,48.73,-0.116,-0.116,0.846,-5249.4,2.566,7,7500.7,7.44,,-0.116,-2.53,0.05,-100.0,206,110,49.09,-0.1088
ema_cross_12_26,NZDUSD,D1,1.0,1.5,1.5,True,39,48.72,-0.1103,-0.1103,0.814,-357.56,0.014,4,680.94,0.68,,-0.11,-2.56,0.05,-100.0,20,19,42.11,-0.215
donchian_55,FRA40.cash,D1,1.0,1.5,1.5,True,39,48.72,-0.3463,-0.3463,0.495,-214.99,0.02,6,234.12,0.23,,-0.342,-2.56,0.05,-100.0,23,16,25.0,-0.8077
donchian_20,US100.cash,H1,1.0,1.5,1.5,True,343,48.69,-0.5052,-0.5052,0.432,-1534.63,0.689,10,1552.34,1.55,,-0.494,-2.62,0.05,-100.0,212,131,51.91,-0.398
donchian_20,NZDUSD,D1,1.0,1.5,1.5,True,74,48.65,-0.1238,-0.1238,0.821,-690.99,0.026,4,1329.45,1.32,,-0.124,-2.7,0.05,-100.0,48,26,38.46,-0.3062
ema_cross_12_26,NZDUSD,H1,1.0,1.5,1.5,True,136,48.53,-0.3626,-0.3626,0.537,-665.09,0.29,5,747.32,0.75,,-0.358,-2.94,0.05,-100.0,86,50,46.0,-0.4205
ema_cross_9_20,GBPUSD,H1,1.0,1.5,1.5,True,159,48.43,-0.2559,-0.2559,0.619,-1010.14,0.339,6,1203.29,1.2,,-0.255,-3.14,0.05,-100.0,89,70,35.71,-0.515
ema_cross_12_26,EURUSD,H1,1.0,1.5,1.5,True,126,48.41,-0.2922,-0.2922,0.573,-789.91,0.268,6,860.31,0.86,,-0.291,-3.17,0.05,-100.0,77,49,48.98,-0.32
ema_cross_9_20,USDCHF,H1,1.0,1.5,1.5,True,184,48.37,-0.2907,-0.2907,0.577,-1153.41,0.392,5,1168.49,1.17,,-0.29,-3.26,0.05,-100.0,109,75,44.0,-0.3929
donchian_20,AUDUSD,M15,1.0,1.5,1.5,True,329,48.33,-0.5562,-0.5562,0.34,-1627.96,2.853,7,1635.94,1.64,,-0.547,-3.34,0.05,-100.0,201,128,49.22,-0.53
ema_cross_12_26,NZDUSD,M15,1.0,1.5,1.5,True,137,48.18,-0.6349,-0.6349,0.26,-674.29,1.188,7,674.87,0.67,,-0.624,-3.65,0.05,-100.0,81,56,44.64,-0.7345
ema_pullback_20_50,USDCHF,D1,1.0,1.5,1.5,True,164,48.17,-0.2174,-0.2174,0.716,-2323.03,0.058,7,2467.93,2.47,,-0.213,-3.66,0.05,-100.0,97,67,47.76,-0.2213
rsi_30_70,USDCHF,M15,1.0,1.5,1.5,True,81,48.15,-0.435,-0.435,0.427,-433.07,0.702,5,465.76,0.47,,-0.432,-3.7,0.05,-100.0,47,34,50.0,-0.408
rsi_30_70,USDJPY,M15,1.0,1.5,1.5,True,81,48.15,-0.4599,-0.4599,0.346,-554.71,0.702,9,576.64,0.58,,-0.461,-3.7,0.05,-100.0,45,36,55.56,-0.3703
ema_cross_9_20,AUDUSD,H1,1.0,1.5,1.5,True,185,48.11,-0.3504,-0.3504,0.537,-1005.63,0.394,5,1109.61,1.11,,-0.348,-3.78,0.05,-100.0,115,70,47.14,-0.3651
ema_cross_12_26,USDCNH,H1,1.0,1.5,1.5,True,131,48.09,-0.6348,-0.6348,0.313,-628.15,0.279,6,635.04,0.64,,-0.616,-3.82,0.05,-100.0,81,50,40.0,-0.8338
ema_cross_9_20,GBPJPY,M15,1.0,1.5,1.5,True,175,48.0,-0.4343,-0.4343,0.438,-937.38,1.517,8,958.41,0.96,,-0.431,-4.0,0.05,-100.0,101,74,52.7,-0.3867
donchian_20,NZDUSD,H1,1.0,1.5,1.5,True,319,47.96,-0.3726,-0.3726,0.511,-1700.65,0.68,8,1721.29,1.72,,-0.37,-4.08,0.05,-100.0,187,132,43.94,-0.4633
ema_cross_9_20,NZDUSD,H1,1.0,1.5,1.5,True,171,47.95,-0.3716,-0.3716,0.53,-861.59,0.364,6,956.92,0.96,,-0.367,-4.09,0.05,-100.0,105,66,42.42,-0.4844
ema_cross_9_20,EURUSD,H1,1.0,1.5,1.5,True,167,47.9,-0.2997,-0.2997,0.555,-1120.12,0.356,6,1233.74,1.23,,-0.299,-4.19,0.05,-100.0,101,66,43.94,-0.4129
ema_pullback_20_50,EURJPY,H1,1.0,1.5,1.5,True,706,47.88,-0.4535,-0.4535,0.53,-3474.59,1.504,8,3559.02,3.56,,-0.434,-4.25,0.05,-100.0,432,274,48.91,-0.4519
ema_pullback_20_50,GBPJPY,H1,1.0,1.5,1.5,True,703,47.8,-0.4099,-0.4099,0.56,-4099.76,1.498,7,4179.13,4.18,,-0.399,-4.41,0.05,-100.0,376,327,46.79,-0.4504
rsi_30_70,EURGBP,H1,1.0,1.5,1.5,True,88,47.73,-0.3744,-0.3744,0.503,-473.0,0.188,6,516.74,0.52,,-0.369,-4.55,0.05,-100.0,58,30,50.0,-0.3424
ema_cross_9_20,XPTUSD,H1,1.0,1.5,1.5,True,170,47.65,-0.1444,-0.1444,1.004,69.14,0.342,6,3747.24,3.75,126.5,-0.144,-4.71,0.05,-100.0,105,65,58.46,0.0894
donchian_55,NZDUSD,H1,1.0,1.5,1.5,True,191,47.64,-0.3797,-0.3797,0.533,-952.38,0.407,18,1148.23,1.15,,-0.375,-4.71,0.05,-100.0,107,84,38.1,-0.5881
ema_cross_12_26,USDJPY,H1,1.0,1.5,1.5,True,122,47.54,-0.3003,-0.3003,0.489,-1002.82,0.26,5,1065.97,1.07,,-0.301,-4.92,0.05,-100.0,70,52,50.0,-0.2744
ema_pullback_20_50,XAUUSD,M15,1.0,1.5,1.5,True,629,47.54,-0.2185,-0.2185,0.807,-8629.97,5.107,9,10481.56,10.31,,-0.217,-4.93,0.05,-100.0,419,210,47.14,-0.2385
donchian_20,USDJPY,H1,1.0,1.5,1.5,True,343,47.52,-0.3105,-0.3105,0.538,-2308.77,0.731,9,2322.26,2.32,,-0.31,-4.96,0.05,-100.0,193,150,50.67,-0.272
ema_cross_12_26,XPTUSD,H1,1.0,1.5,1.5,True,139,47.48,-0.1475,-0.1475,1.077,1034.1,0.279,8,3112.79,3.11,37.7,-0.147,-5.04,0.05,-100.0,86,53,56.6,0.0525
rsi_30_70,XAGUSD,H1,1.0,1.5,1.5,True,78,47.44,-0.1342,-0.1342,0.754,-6498.67,0.157,10,10792.84,10.73,,-0.133,-5.13,0.05,-100.0,40,38,44.74,-0.1768
rsi_30_70,USDCAD,M15,1.0,1.5,1.5,True,97,47.42,-0.7008,-0.7008,0.236,-429.79,0.841,6,442.91,0.44,,-0.68,-5.15,0.05,-100.0,52,45,42.22,-0.8212
rsi_30_70,US30.cash,H1,1.0,1.5,1.5,True,110,47.27,-0.3476,-0.3476,0.489,-783.24,0.221,6,808.83,0.81,,-0.345,-5.45,0.05,-100.0,59,51,47.06,-0.3511
ema_cross_12_26,AUDUSD,H1,1.0,1.5,1.5,True,144,47.22,-0.3651,-0.3651,0.49,-911.71,0.307,5,1015.25,1.01,,-0.364,-5.56,0.05,-100.0,93,51,37.25,-0.5563
donchian_20,USDCAD,H1,1.0,1.5,1.5,True,322,47.2,-0.4169,-0.4169,0.45,-1840.37,0.686,12,1872.15,1.87,,-0.415,-5.59,0.05,-100.0,199,123,47.15,-0.4351
donchian_20,HK50.cash,D1,1.0,1.5,1.5,True,53,47.17,-0.5513,-0.5513,0.272,-290.04,0.027,4,299.98,0.3,,-0.562,-5.66,0.05,-100.0,24,29,48.28,-0.5295
ema_pullback_20_50,USDCNH,D1,1.0,1.5,1.5,True,51,47.06,-0.3765,-0.3765,0.522,-550.11,0.06,7,608.01,0.61,,-0.38,-5.88,0.05,-100.0,45,6,0.0,-1.2641
ema_cross_12_26,XAUUSD,M15,1.0,1.5,1.5,True,132,46.97,-0.1507,-0.1507,0.819,-2697.35,1.072,8,4065.33,4.03,,-0.15,-6.06,0.05,-100.0,76,56,46.43,-0.162
donchian_55,USDJPY,H1,1.0,1.5,1.5,True,211,46.92,-0.3297,-0.3297,0.525,-1427.76,0.45,5,1446.06,1.45,,-0.329,-6.16,0.05,-100.0,112,99,49.49,-0.3047
ema_cross_12_26,GBPJPY,H1,1.0,1.5,1.5,True,145,46.9,-0.2748,-0.2748,0.576,-1181.23,0.309,6,1320.64,1.32,,-0.274,-6.21,0.05,-100.0,90,55,43.64,-0.349
donchian_55,US100.cash,H1,1.0,1.5,1.5,True,224,46.88,-0.5646,-0.5646,0.327,-1168.64,0.45,7,1207.84,1.21,,-0.561,-6.25,0.05,-100.0,136,88,47.73,-0.4886
donchian_55,GBPJPY,H1,1.0,1.5,1.5,True,203,46.8,-0.2861,-0.2861,0.558,-1617.75,0.433,7,1745.81,1.74,,-0.286,-6.4,0.05,-100.0,110,93,47.31,-0.2879
ema_cross_9_20,USDCNH,H1,1.0,1.5,1.5,True,169,46.75,-0.6713,-0.6713,0.272,-877.15,0.36,9,889.17,0.89,,-0.657,-6.51,0.05,-100.0,107,62,37.1,-0.9178
ema_pullback_20_50,GBPUSD,D1,1.0,1.5,1.5,True,199,46.73,-0.2348,-0.2348,0.761,-2810.84,0.071,6,3814.0,3.81,,-0.231,-6.53,0.05,-100.0,110,89,48.31,-0.2057
ema_cross_9_20,USDCAD,D1,1.0,1.5,1.5,True,45,46.67,-0.1812,-0.1812,0.601,-1017.94,0.016,4,1090.56,1.09,,-0.18,-6.67,0.05,-100.0,25,20,40.0,-0.321
ema_pullback_20_50,GER40.cash,D1,1.0,1.5,1.5,True,165,46.67,-0.3605,-0.3605,0.56,-1410.54,0.056,7,1540.49,1.54,,-0.349,-6.67,0.05,-100.0,86,79,50.63,-0.2794
donchian_55,USDJPY,D1,1.0,1.5,1.5,True,60,46.67,-0.1814,-0.1814,0.661,-1191.4,0.021,4,1200.77,1.2,,-0.18,-6.67,0.05,-100.0,30,30,46.67,-0.1715
donchian_20,USDSEK,M15,1.0,1.5,1.5,True,328,46.65,-0.411,-0.411,0.477,-1882.46,2.844,8,1890.86,1.89,,-0.406,-6.71,0.05,-100.0,197,131,44.27,-0.4424
ema_pullback_20_50,XPTUSD,M15,1.0,1.5,1.5,True,652,46.63,-0.2266,-0.2266,0.773,-12108.44,5.293,9,12208.96,12.2,,-0.225,-6.75,0.05,-100.0,411,241,42.74,-0.3192
ema_pullback_20_50,USDJPY,H1,1.0,1.5,1.5,True,618,46.6,-0.4886,-0.4886,0.485,-3545.56,1.317,7,3590.82,3.59,,-0.462,-6.8,0.05,-100.0,341,277,45.85,-0.5554
donchian_20,USDCAD,D1,1.0,1.5,1.5,True,86,46.51,-0.1859,-0.1859,0.671,-1476.34,0.031,5,1670.72,1.67,,-0.185,-6.98,0.05,-100.0,48,38,39.47,-0.3311
rsi_30_70,USDJPY,H1,1.0,1.5,1.5,True,114,46.49,-0.3001,-0.3001,0.522,-979.87,0.243,4,1036.63,1.04,,-0.301,-7.02,0.05,-100.0,78,36,55.56,-0.144
ema_pullback_20_50,EURUSD,D1,1.0,1.5,1.5,True,170,46.47,-0.2561,-0.2561,0.79,-1569.65,0.06,6,2176.45,2.17,,-0.252,-7.06,0.05,-100.0,87,83,46.99,-0.2491
rsi_30_70,EURGBP,M15,1.0,1.5,1.5,True,84,46.43,-0.6232,-0.6232,0.254,-405.4,0.728,9,417.16,0.42,,-0.625,-7.14,0.05,-100.0,53,31,41.94,-0.7389
ema_pullback_20_50,EURUSD,H1,1.0,1.5,1.5,True,576,46.35,-0.4837,-0.4837,0.568,-2905.05,1.227,10,3042.45,3.04,,-0.455,-7.29,0.05,-100.0,342,234,44.44,-0.5579
ema_pullback_20_50,GBPUSD,H1,1.0,1.5,1.5,True,576,46.35,-0.4504,-0.4504,0.582,-3185.66,1.227,11,3377.21,3.37,,-0.426,-7.29,0.05,-100.0,365,211,43.13,-0.4803
rsi_30_70,USDCHF,H1,1.0,1.5,1.5,True,104,46.15,-0.3136,-0.3136,0.523,-873.34,0.222,4,999.15,1.0,,-0.312,-7.69,0.05,-100.0,67,37,48.65,-0.2848
ema_pullback_20_50,NZDUSD,D1,1.0,1.5,1.5,True,193,46.11,-0.2766,-0.2766,0.629,-2838.49,0.069,6,3001.13,3.0,,-0.276,-7.77,0.05,-100.0,120,73,42.47,-0.3509
ema_cross_12_26,USDCHF,H1,1.0,1.5,1.5,True,139,46.04,-0.3371,-0.3371,0.466,-1199.96,0.296,5,1228.06,1.23,,-0.339,-7.91,0.05,-100.0,85,54,53.7,-0.1961
ema_cross_9_20,USDCAD,M15,1.0,1.5,1.5,True,185,45.95,-0.6633,-0.6633,0.25,-765.65,1.604,10,780.14,0.78,,-0.642,-8.11,0.05,-100.0,111,74,44.59,-0.7264
ema_pullback_20_50,USDSEK,D1,1.0,1.5,1.5,True,159,45.91,-0.2448,-0.2448,0.754,-2842.14,0.056,6,3821.44,3.78,,-0.243,-8.18,0.05,-100.0,88,71,42.25,-0.3167
donchian_55,EURUSD,M15,1.0,1.5,1.5,True,170,45.88,-0.5467,-0.5467,0.344,-985.96,1.474,8,993.77,0.99,,-0.545,-8.24,0.05,-100.0,91,79,48.1,-0.5
donchian_20,USDCHF,D1,1.0,1.5,1.5,True,72,45.83,-0.184,-0.184,0.686,-1694.22,0.026,3,1964.3,1.96,,-0.183,-8.33,0.05,-100.0,45,27,51.85,-0.0635
donchian_55,USDSEK,D1,1.0,1.5,1.5,True,48,45.83,-0.1772,-0.1772,0.642,-1796.26,0.017,4,2403.65,2.39,,-0.176,-8.33,0.05,-100.0,30,18,38.89,-0.3119
ema_cross_12_26,AUDUSD,M15,1.0,1.5,1.5,True,142,45.77,-0.5796,-0.5796,0.304,-799.83,1.231,7,810.36,0.81,,-0.581,-8.45,0.05,-100.0,91,51,39.22,-0.675
ema_cross_9_20,USDSEK,H1,1.0,1.5,1.5,True,177,45.76,-0.2935,-0.2935,0.519,-1763.39,0.377,13,1837.08,1.84,,-0.295,-8.47,0.05,-100.0,105,72,47.22,-0.2736
donchian_55,US500.cash,D1,1.0,1.5,1.5,True,59,45.76,-0.6289,-0.6289,0.275,-297.59,0.031,5,312.56,0.31,,-0.619,-8.47,0.05,-100.0,33,26,46.15,-0.5123
rsi_30_70,XPTUSD,M15,1.0,1.5,1.5,True,94,45.74,-0.1697,-0.1697,0.695,-4805.44,0.763,5,5619.3,5.59,,-0.17,-8.51,0.05,-100.0,50,44,45.45,-0.1819
ema_cross_9_20,FRA40.cash,D1,1.0,1.5,1.5,True,35,45.71,-0.368,-0.368,0.423,-283.0,0.018,3,302.71,0.3,,-0.367,-8.57,0.05,-100.0,19,16,37.5,-0.5296
donchian_55,GBPUSD,M15,1.0,1.5,1.5,True,186,45.7,-0.4688,-0.4688,0.421,-1132.53,1.613,8,1132.53,1.13,,-0.464,-8.6,0.05,-100.0,96,90,48.89,-0.4077
donchian_20,GBPUSD,D1,1.0,1.5,1.5,True,81,45.68,-0.1697,-0.1697,0.696,-2316.21,0.029,6,3159.37,3.15,,-0.17,-8.64,0.05,-100.0,48,33,54.55,0.0178
donchian_20,XPDUSD,M15,1.0,1.5,1.5,True,294,45.58,-0.1834,-0.1834,0.716,-7933.73,2.386,7,8570.44,8.53,,-0.184,-8.84,0.05,-100.0,186,108,43.52,-0.2313
ema_cross_12_26,XPDUSD,M15,1.0,1.5,1.5,True,145,45.52,-0.1847,-0.1847,0.68,-4558.45,1.177,6,5042.3,5.03,,-0.185,-8.97,0.05,-100.0,89,56,44.64,-0.21
ema_cross_9_20,EURJPY,M15,1.0,1.5,1.5,True,176,45.45,-0.5877,-0.5877,0.317,-971.05,1.526,10,996.03,1.0,,-0.581,-9.09,0.05,-100.0,104,72,48.61,-0.5827
ema_cross_12_26,XPDUSD,H1,1.0,1.5,1.5,True,143,45.45,-0.187,-0.187,0.793,-3028.54,0.288,6,5068.74,5.06,,-0.187,-9.09,0.05,-100.0,93,50,54.0,-0.0002
donchian_55,EURGBP,D1,1.0,1.5,1.5,True,33,45.45,-0.1981,-0.1981,0.728,-576.97,0.012,6,1252.71,1.25,,-0.195,-9.09,0.05,-100.0,21,12,41.67,-0.2859
donchian_55,GBPUSD,D1,1.0,1.5,1.5,True,44,45.45,-0.1847,-0.1847,0.712,-1157.95,0.016,4,1271.04,1.27,,-0.183,-9.09,0.05,-100.0,19,25,48.0,-0.1371
ema_cross_9_20,EURGBP,H1,1.0,1.5,1.5,True,183,45.36,-0.4368,-0.4368,0.386,-1258.09,0.39,8,1284.46,1.28,,-0.443,-9.29,0.05,-100.0,106,77,45.45,-0.4518
donchian_20,GBPUSD,M15,1.0,1.5,1.5,True,318,45.28,-0.4944,-0.4944,0.384,-2002.4,2.757,9,2008.68,2.01,,-0.493,-9.43,0.05,-100.0,182,136,49.26,-0.414
donchian_55,USDJPY,M15,1.0,1.5,1.5,True,219,45.21,-0.6132,-0.6132,0.284,-1202.99,1.899,12,1202.99,1.2,,-0.612,-9.59,0.05,-100.0,133,86,41.86,-0.7601
ema_pullback_20_50,UK100.cash,D1,1.0,1.5,1.5,True,164,45.12,-0.5563,-0.5563,0.459,-723.96,0.054,5,727.56,0.73,,-0.511,-9.76,0.05,-100.0,82,82,50.0,-0.4761
ema_cross_9_20,XPDUSD,H1,1.0,1.5,1.5,True,184,45.11,-0.1934,-0.1934,0.757,-4743.94,0.37,7,5664.13,5.65,,-0.194,-9.78,0.05,-100.0,118,66,48.48,-0.1108
ema_pullback_20_50,XPTUSD,H1,1.0,1.5,1.5,True,723,45.09,-0.2632,-0.2632,0.679,-20474.26,1.454,11,20871.44,20.85,,-0.262,-9.82,0.05,-100.0,437,286,45.45,-0.239
donchian_20,XPDUSD,H1,1.0,1.5,1.5,True,322,45.03,-0.194,-0.194,0.773,-8089.44,0.647,7,9466.81,9.45,,-0.194,-9.94,0.05,-100.0,187,135,48.15,-0.1187
ema_pullback_20_50,EURGBP,D1,1.0,1.5,1.5,True,183,44.81,-0.3051,-0.3051,0.633,-3192.92,0.065,9,3436.99,3.43,,-0.301,-10.38,0.05,-100.0,108,75,46.67,-0.2953
donchian_20,XPTUSD,H1,1.0,1.5,1.5,True,326,44.79,-0.2015,-0.2015,0.686,-12686.61,0.655,13,12787.02,12.77,,-0.202,-10.43,0.05,-100.0,194,132,47.73,-0.1256
donchian_20,EURJPY,M15,1.0,1.5,1.5,True,334,44.61,-0.609,-0.609,0.29,-1932.16,2.896,10,1932.16,1.93,,-0.606,-10.78,0.05,-100.0,198,136,44.85,-0.6653
ema_cross_9_20,GBPUSD,M15,1.0,1.5,1.5,True,175,44.57,-0.5258,-0.5258,0.373,-1087.1,1.517,5,1102.0,1.1,,-0.524,-10.86,0.05,-100.0,106,69,49.28,-0.4488
ema_pullback_20_50,XPDUSD,H1,1.0,1.5,1.5,True,678,44.54,-0.2778,-0.2778,0.626,-21950.29,1.363,10,22253.76,22.19,,-0.277,-10.91,0.05,-100.0,426,252,43.25,-0.274
ema_pullback_20_50,XPDUSD,M15,1.0,1.5,1.5,True,670,44.48,-0.2856,-0.2856,0.634,-17193.72,5.437,9,17398.2,17.4,,-0.284,-11.04,0.05,-100.0,444,226,42.92,-0.3354
donchian_20,USDCHF,M15,1.0,1.5,1.5,True,335,44.48,-0.583,-0.583,0.304,-2048.12,2.905,10,2051.94,2.05,,-0.585,-11.04,0.05,-100.0,207,128,46.09,-0.5622
ema_cross_9_20,US2000.cash,D1,1.0,1.5,1.5,True,45,44.44,-0.671,-0.671,0.232,-167.81,0.016,3,186.24,0.19,,-0.636,-11.11,0.05,-100.0,27,18,50.0,-0.6008
ema_cross_12_26,US30.cash,M15,1.0,1.5,1.5,True,126,44.44,-0.6378,-0.6378,0.278,-632.57,1.028,9,637.62,0.64,,-0.626,-11.11,0.05,-100.0,80,46,43.48,-0.6572
ema_pullback_20_50,USDSEK,H1,1.0,1.5,1.5,True,585,44.44,-0.4486,-0.4486,0.477,-5355.8,1.246,10,5395.77,5.39,,-0.439,-11.11,0.05,-100.0,307,278,45.32,-0.461
ema_pullback_20_50,USDCHF,H1,1.0,1.5,1.5,True,610,44.43,-0.5128,-0.5128,0.412,-4701.55,1.3,8,4716.63,4.72,,-0.499,-11.15,0.05,-100.0,349,261,45.59,-0.5012
donchian_55,EURJPY,M15,1.0,1.5,1.5,True,196,44.39,-0.627,-0.627,0.271,-1134.62,1.7,11,1134.65,1.13,,-0.625,-11.22,0.05,-100.0,106,90,40.0,-0.7743
rsi_30_70,US30.cash,M15,1.0,1.5,1.5,True,122,44.26,-0.6036,-0.6036,0.381,-541.76,0.995,8,544.18,0.54,,-0.571,-11.48,0.05,-100.0,80,42,42.86,-0.6274
ema_cross_9_20,EURGBP,D1,1.0,1.5,1.5,True,52,44.23,-0.2243,-0.2243,0.656,-1130.09,0.018,6,1618.28,1.62,,-0.224,-11.54,0.05,-100.0,31,21,42.86,-0.262
donchian_55,NZDUSD,D1,1.0,1.5,1.5,True,43,44.19,-0.2257,-0.2257,0.658,-869.52,0.015,4,1181.58,1.18,,-0.224,-11.63,0.05,-100.0,27,16,31.25,-0.4861
ema_cross_9_20,USDCAD,H1,1.0,1.5,1.5,True,170,44.12,-0.4777,-0.4777,0.387,-1209.31,0.362,6,1238.87,1.24,,-0.478,-11.76,0.05,-100.0,110,60,41.67,-0.5624
ema_cross_9_20,XAUUSD,M15,1.0,1.5,1.5,True,170,44.12,-0.2079,-0.2079,0.715,-5768.62,1.38,8,6521.87,6.5,,-0.208,-11.76,0.05,-100.0,97,73,42.47,-0.2405
donchian_20,NZDUSD,M15,1.0,1.5,1.5,True,323,43.96,-0.7175,-0.7175,0.225,-1789.15,2.801,12,1806.67,1.81,,-0.715,-12.07,0.05,-100.0,208,115,43.48,-0.7325
donchian_55,XPDUSD,M15,1.0,1.5,1.5,True,180,43.89,-0.2162,-0.2162,0.625,-6989.91,1.461,5,7549.23,7.51,,-0.217,-12.22,0.05,-100.0,123,57,40.35,-0.2925
donchian_55,XPDUSD,H1,1.0,1.5,1.5,True,210,43.81,-0.2188,-0.2188,0.681,-7749.81,0.422,6,7843.23,7.84,,-0.22,-12.38,0.05,-100.0,121,89,44.94,-0.1842
rsi_30_70,USDCAD,H1,1.0,1.5,1.5,True,105,43.81,-0.4641,-0.4641,0.392,-825.15,0.224,8,875.48,0.88,,-0.462,-12.38,0.05,-100.0,54,51,45.1,-0.4778
ema_cross_12_26,XAGUSD,M15,1.0,1.5,1.5,True,137,43.8,-0.2011,-0.2011,0.707,-10174.77,1.112,5,13348.41,13.01,,-0.202,-12.41,0.05,-100.0,79,58,41.38,-0.2526
ema_cross_12_26,US2000.cash,D1,1.0,1.5,1.5,True,32,43.75,-0.7317,-0.7317,0.203,-130.1,0.011,6,146.78,0.15,,-0.685,-12.5,0.05,-100.0,21,11,63.64,-0.4086
donchian_20,JP225.cash,D1,1.0,1.5,1.5,True,64,43.75,-0.7401,-0.7401,0.183,-272.55,0.021,8,283.9,0.28,,-0.735,-12.5,0.05,-100.0,35,29,44.83,-0.6636
donchian_20,US30.cash,M15,1.0,1.5,1.5,True,293,43.69,-0.6378,-0.6378,0.321,-1406.59,2.39,9,1419.81,1.42,,-0.617,-12.63,0.05,-100.0,169,124,46.77,-0.5259
ema_pullback_20_50,GBPJPY,M15,1.0,1.5,1.5,True,711,43.6,-0.6736,-0.6736,0.348,-3171.82,6.163,11,3174.48,3.17,,-0.612,-12.8,0.05,-100.0,396,315,41.59,-0.7473
ema_pullback_20_50,USDCAD,H1,1.0,1.5,1.5,True,638,43.57,-0.6676,-0.6676,0.392,-3094.21,1.359,13,3210.39,3.21,,-0.594,-12.85,0.05,-100.0,376,262,43.13,-0.6779
donchian_55,NZDUSD,M15,1.0,1.5,1.5,True,193,43.52,-0.7241,-0.7241,0.229,-1057.99,1.674,7,1070.43,1.07,,-0.728,-12.95,0.05,-100.0,121,72,40.28,-0.784
donchian_20,EURGBP,D1,1.0,1.5,1.5,True,69,43.48,-0.2394,-0.2394,0.663,-1461.92,0.025,11,2303.3,2.29,,-0.24,-13.04,0.05,-100.0,40,29,44.83,-0.2222
donchian_20,EURUSD,M15,1.0,1.5,1.5,True,302,43.38,-0.632,-0.632,0.303,-1818.36,2.619,8,1820.46,1.82,,-0.624,-13.25,0.05,-100.0,177,125,42.4,-0.644
ema_pullback_20_50,FRA40.cash,D1,1.0,1.5,1.5,True,134,43.28,-0.6252,-0.6252,0.368,-776.74,0.07,6,859.8,0.86,,-0.581,-13.43,0.05,-100.0,81,53,43.4,-0.6083
donchian_55,USDCHF,M15,1.0,1.5,1.5,True,215,43.26,-0.6084,-0.6084,0.299,-1355.09,1.864,9,1358.67,1.36,,-0.607,-13.49,0.05,-100.0,129,86,45.35,-0.576
ema_pullback_20_50,AUDUSD,H1,1.0,1.5,1.5,True,647,43.12,-0.6192,-0.6192,0.44,-3344.04,1.379,8,3381.57,3.38,,-0.577,-13.76,0.05,-100.0,362,285,45.61,-0.549
donchian_55,XPTUSD,H1,1.0,1.5,1.5,True,214,42.99,-0.2379,-0.2379,0.553,-12654.15,0.43,8,12654.15,12.65,,-0.24,-14.02,0.05,-100.0,128,86,41.86,-0.2444
ema_pullback_20_50,NZDUSD,H1,1.0,1.5,1.5,True,596,42.95,-0.6516,-0.6516,0.435,-2904.7,1.27,8,2945.72,2.95,,-0.598,-14.09,0.05,-100.0,363,233,42.49,-0.6568
ema_cross_9_20,XPDUSD,M15,1.0,1.5,1.5,True,184,42.93,-0.2353,-0.2353,0.672,-6055.53,1.493,7,6902.36,6.88,,-0.237,-14.13,0.05,-100.0,111,73,41.1,-0.2793
ema_cross_9_20,US30.cash,M15,1.0,1.5,1.5,True,158,42.41,-0.6425,-0.6425,0.287,-789.65,1.289,7,794.73,0.79,,-0.632,-15.19,0.05,-100.0,97,61,40.98,-0.6231
donchian_55,USDSEK,M15,1.0,1.5,1.5,True,203,42.36,-0.4864,-0.4864,0.399,-1502.97,1.76,8,1517.18,1.52,,-0.486,-15.27,0.05,-100.0,117,86,38.37,-0.5617
rsi_30_70,GER40.cash,M15,1.0,1.5,1.5,True,104,42.31,-0.7163,-0.7163,0.274,-476.1,0.783,9,476.2,0.48,,-0.682,-15.38,0.05,-100.0,61,43,46.51,-0.6256
ema_cross_12_26,EURGBP,H1,1.0,1.5,1.5,True,142,42.25,-0.5107,-0.5107,0.365,-1010.16,0.303,6,1032.58,1.03,,-0.516,-15.49,0.05,-100.0,81,61,40.98,-0.5596
ema_pullback_20_50,US30.cash,H1,1.0,1.5,1.5,True,497,42.25,-0.7023,-0.7023,0.578,-1850.51,0.998,9,1918.76,1.92,,-0.583,-15.49,0.05,-100.0,322,175,43.43,-0.6496
donchian_55,US30.cash,M15,1.0,1.5,1.5,True,180,42.22,-0.649,-0.649,0.296,-1029.81,1.468,10,1056.33,1.06,,-0.638,-15.56,0.05,-100.0,99,81,40.74,-0.6139
donchian_20,USDCNH,H1,1.0,1.5,1.5,True,291,41.92,-0.7446,-0.7446,0.261,-1633.84,0.62,9,1633.84,1.63,,-0.731,-16.15,0.05,-100.0,183,108,41.67,-0.8028
ema_cross_12_26,GBPUSD,M15,1.0,1.5,1.5,True,141,41.84,-0.5767,-0.5767,0.353,-941.75,1.223,6,957.39,0.96,,-0.582,-16.31,0.05,-100.0,89,52,44.23,-0.5398
donchian_20,EURGBP,H1,1.0,1.5,1.5,True,311,41.8,-0.5011,-0.5011,0.387,-2317.46,0.663,11,2317.46,2.32,,-0.506,-16.4,0.05,-100.0,199,112,41.96,-0.5231
ema_pullback_20_50,EURGBP,H1,1.0,1.5,1.5,True,536,41.79,-0.6558,-0.6558,0.402,-3181.41,1.142,11,3181.41,3.18,,-0.613,-16.42,0.05,-100.0,312,224,38.84,-0.7677
donchian_20,USDCAD,M15,1.0,1.5,1.5,True,312,41.67,-0.7445,-0.7445,0.206,-1546.04,2.705,8,1553.97,1.55,,-0.732,-16.67,0.05,-100.0,193,119,41.18,-0.7771
donchian_55,EURGBP,M15,1.0,1.5,1.5,True,158,41.14,-0.7744,-0.7744,0.185,-866.73,1.37,10,870.72,0.87,,-0.767,-17.72,0.05,-100.0,96,62,32.26,-0.9969
ema_cross_9_20,USDCHF,D1,1.0,1.5,1.5,True,49,40.82,-0.2837,-0.2837,0.582,-1620.08,0.017,5,2001.07,2.0,,-0.285,-18.37,0.05,-100.0,33,16,25.0,-0.6003
ema_cross_9_20,US100.cash,M15,1.0,1.5,1.5,True,153,40.52,-0.7352,-0.7352,0.23,-610.86,1.248,12,626.61,0.63,,-0.69,-18.95,0.05,-100.0,100,53,43.4,-0.7561
rsi_30_70,USDCNH,H1,1.0,1.5,1.5,True,116,40.52,-0.7215,-0.7215,0.226,-809.66,0.247,8,827.58,0.83,,-0.725,-18.97,0.05,-100.0,64,52,38.46,-0.8314
donchian_20,USDCHF,H1,1.0,1.5,1.5,True,311,40.51,-0.4478,-0.4478,0.437,-2894.35,0.663,7,2897.56,2.9,,-0.453,-18.97,0.05,-100.0,183,128,45.31,-0.3633
donchian_55,USDCHF,H1,1.0,1.5,1.5,True,168,40.48,-0.448,-0.448,0.434,-1548.88,0.358,9,1548.88,1.55,,-0.453,-19.05,0.05,-100.0,96,72,48.61,-0.2959
ema_cross_9_20,GER40.cash,M15,1.0,1.5,1.5,True,172,40.12,-0.7407,-0.7407,0.231,-723.68,1.295,9,730.32,0.73,,-0.686,-19.77,0.05,-100.0,107,65,50.77,-0.4474
donchian_55,USDCHF,D1,1.0,1.5,1.5,True,40,40.0,-0.3019,-0.3019,0.508,-1642.72,0.014,5,1642.72,1.64,,-0.304,-20.0,0.05,-100.0,27,13,46.15,-0.1814
rsi_30_70,US100.cash,M15,1.0,1.5,1.5,True,115,40.0,-0.7482,-0.7482,0.236,-535.93,0.938,10,539.34,0.54,,-0.721,-20.0,0.05,-100.0,77,38,42.11,-0.7586
donchian_20,US2000.cash,D1,1.0,1.5,1.5,True,86,39.53,-0.8363,-0.8363,0.164,-403.22,0.03,6,410.03,0.41,,-0.809,-20.93,0.05,-100.0,46,40,35.0,-0.9864
donchian_55,USDCAD,D1,1.0,1.5,1.5,True,43,39.53,-0.3268,-0.3268,0.526,-1180.37,0.015,5,1362.95,1.36,,-0.33,-20.93,0.05,-100.0,23,20,40.0,-0.324
donchian_55,US2000.cash,D1,1.0,1.5,1.5,True,56,39.29,-0.9333,-0.9333,0.135,-274.92,0.02,8,277.79,0.28,,-0.881,-21.43,0.05,-100.0,29,27,40.74,-0.8828
donchian_55,EURGBP,H1,1.0,1.5,1.5,True,169,39.05,-0.5406,-0.5406,0.381,-1401.32,0.36,8,1401.32,1.4,,-0.546,-21.89,0.05,-100.0,113,56,35.71,-0.6334
ema_cross_9_20,EURGBP,M15,1.0,1.5,1.5,True,187,39.04,-0.8338,-0.8338,0.181,-966.6,1.622,10,974.43,0.97,,-0.812,-21.93,0.05,-100.0,103,84,29.76,-1.0087
donchian_20,USDSEK,H1,1.0,1.5,1.5,True,323,39.01,-0.4221,-0.4221,0.428,-4374.95,0.688,10,4374.95,4.37,,-0.431,-21.98,0.05,-100.0,183,140,38.57,-0.4437
ema_pullback_20_50,US500.cash,D1,1.0,1.5,1.5,True,131,38.93,-0.7821,-0.7821,0.305,-518.7,0.068,8,531.08,0.53,,-0.666,-22.14,0.05,-100.0,73,58,46.55,-0.5749
ema_pullback_20_50,USDSEK,M15,1.0,1.5,1.5,True,612,38.73,-0.7037,-0.7037,0.365,-3593.94,5.306,12,3599.92,3.6,,-0.638,-22.55,0.05,-100.0,337,275,39.27,-0.7073
ema_cross_12_26,USDSEK,H1,1.0,1.5,1.5,True,140,38.57,-0.4356,-0.4356,0.409,-1929.44,0.298,10,1966.87,1.97,,-0.447,-22.86,0.05,-100.0,87,53,39.62,-0.4231
donchian_55,USDCAD,M15,1.0,1.5,1.5,True,187,38.5,-0.8065,-0.8065,0.175,-1031.75,1.622,9,1032.34,1.03,,-0.808,-22.99,0.05,-100.0,115,72,44.44,-0.7262
donchian_55,JP225.cash,D1,1.0,1.5,1.5,True,39,38.46,-0.7912,-0.7912,0.129,-194.56,0.013,8,197.6,0.2,,-0.806,-23.08,0.05,-100.0,19,20,40.0,-0.7599
ema_pullback_20_50,GBPUSD,M15,1.0,1.5,1.5,True,582,38.32,-0.8274,-0.8274,0.33,-3313.97,5.047,16,3319.03,3.32,,-0.715,-23.37,0.05,-100.0,330,252,40.48,-0.7681
ema_cross_12_26,EURGBP,D1,1.0,1.5,1.5,True,42,38.1,-0.3471,-0.3471,0.502,-1447.98,0.015,10,1943.13,1.94,,-0.353,-23.81,0.05,-100.0,25,17,47.06,-0.1769
ema_cross_12_26,USDCHF,D1,1.0,1.5,1.5,True,40,37.5,-0.3504,-0.3504,0.52,-1593.5,0.014,5,1892.29,1.89,,-0.357,-25.0,0.05,-100.0,27,13,23.08,-0.6408
donchian_55,USDCNH,H1,1.0,1.5,1.5,True,145,37.24,-0.8425,-0.8425,0.233,-906.26,0.309,8,906.26,0.91,,-0.837,-25.52,0.05,-100.0,93,52,36.54,-0.8665
ema_cross_12_26,US100.cash,M15,1.0,1.5,1.5,True,125,36.8,-0.7641,-0.7641,0.196,-528.86,1.02,12,541.99,0.54,,-0.738,-26.4,0.05,-100.0,83,42,38.1,-0.7309
donchian_20,US100.cash,M15,1.0,1.5,1.5,True,299,36.45,-0.7564,-0.7564,0.225,-1165.11,2.439,10,1165.11,1.17,,-0.73,-27.09,0.05,-100.0,173,126,42.06,-0.6641
ema_pullback_20_50,EURJPY,M15,1.0,1.5,1.5,True,640,36.25,-0.9132,-0.9132,0.239,-2935.07,5.55,10,2935.97,2.94,,-0.771,-27.5,0.05,-100.0,347,293,33.45,-1.005
donchian_55,USDSEK,H1,1.0,1.5,1.5,True,163,36.2,-0.4739,-0.4739,0.383,-2540.69,0.347,12,2546.04,2.55,,-0.49,-27.61,0.05,-100.0,87,76,34.21,-0.5275
donchian_20,EURGBP,M15,1.0,1.5,1.5,True,277,36.1,-0.8538,-0.8538,0.158,-1595.75,2.402,11,1597.36,1.6,,-0.854,-27.8,0.05,-100.0,172,105,27.62,-0.9963
donchian_55,US100.cash,M15,1.0,1.5,1.5,True,189,35.98,-0.7837,-0.7837,0.226,-758.2,1.542,11,758.2,0.76,,-0.752,-28.04,0.05,-100.0,95,94,39.36,-0.6944
ema_cross_9_20,EURUSD,M15,1.0,1.5,1.5,True,184,35.87,-0.8042,-0.8042,0.223,-1310.71,1.596,12,1312.06,1.31,,-0.817,-28.26,0.05,-100.0,114,70,37.14,-0.7998
ema_pullback_20_50,GER40.cash,H1,1.0,1.5,1.5,True,597,35.34,-0.8672,-0.8672,0.33,-2599.55,1.165,12,2622.8,2.62,,-0.748,-29.31,0.05,-100.0,368,229,37.55,-0.8479
donchian_20,GER40.cash,M15,1.0,1.5,1.5,True,312,35.26,-0.8693,-0.8693,0.208,-1474.3,2.349,14,1488.92,1.49,,-0.801,-29.49,0.05,-100.0,189,123,44.72,-0.6249
ema_cross_12_26,EURUSD,M15,1.0,1.5,1.5,True,145,35.17,-0.8025,-0.8025,0.212,-1092.3,1.257,8,1094.4,1.09,,-0.819,-29.66,0.05,-100.0,92,53,33.96,-0.8392
donchian_55,GER40.cash,M15,1.0,1.5,1.5,True,188,35.11,-0.8866,-0.8866,0.219,-887.88,1.416,12,903.68,0.9,,-0.809,-29.79,0.05,-100.0,112,76,43.42,-0.6043
ema_cross_12_26,GER40.cash,M15,1.0,1.5,1.5,True,137,35.04,-0.7851,-0.7851,0.2,-612.0,1.032,8,618.78,0.62,,-0.747,-29.93,0.05,-100.0,88,49,44.9,-0.6047
ema_cross_12_26,EURGBP,M15,1.0,1.5,1.5,True,160,35.0,-0.9379,-0.9379,0.145,-920.15,1.387,10,928.05,0.93,,-0.935,-30.0,0.05,-100.0,91,69,31.88,-0.994
ema_pullback_20_50,USDCHF,M15,1.0,1.5,1.5,True,585,34.36,-0.9332,-0.9332,0.248,-3171.95,5.073,14,3190.78,3.19,,-0.784,-31.28,0.05,-100.0,344,241,35.68,-0.8912
ema_pullback_20_50,EU50.cash,D1,1.0,1.5,1.5,True,146,34.25,-0.8607,-0.8607,0.205,-812.17,0.076,7,820.86,0.82,,-0.788,-31.51,0.05,-100.0,77,69,36.23,-0.8388
ema_pullback_20_50,US100.cash,H1,1.0,1.5,1.5,True,507,33.53,-0.9415,-0.9415,0.407,-2078.22,1.019,15,2139.99,2.14,,-0.745,-32.94,0.05,-100.0,309,198,39.9,-0.773
ema_pullback_20_50,USDJPY,M15,1.0,1.5,1.5,True,651,32.57,-0.9954,-0.9954,0.232,-3052.02,5.645,16,3062.63,3.06,,-0.79,-34.87,0.05,-100.0,395,256,25.78,-1.1896
ema_pullback_20_50,HK50.cash,D1,1.0,1.5,1.5,True,139,32.37,-1.0077,-1.0077,0.124,-675.32,0.07,12,675.32,0.68,,-0.907,-35.25,0.05,-100.0,58,81,32.1,-0.9988
ema_pullback_20_50,EURUSD,M15,1.0,1.5,1.5,True,516,29.84,-1.0562,-1.0562,0.223,-2876.14,4.474,15,2906.73,2.91,,-0.873,-40.31,0.05,-100.0,321,195,33.85,-0.9376
ema_pullback_20_50,AUDUSD,M15,1.0,1.5,1.5,True,653,29.56,-1.0329,-1.0329,0.223,-3258.58,5.662,20,3258.58,3.26,,-0.834,-40.89,0.05,-100.0,427,226,30.09,-1.1153
rsi_30_70,FRA40.cash,H1,1.0,1.5,1.5,True,103,28.16,-0.9508,-0.9508,0.135,-397.84,0.148,12,399.53,0.4,,-0.884,-43.69,0.05,-100.0,61,42,35.71,-0.9018
ema_pullback_20_50,USDCNH,H1,1.0,1.5,1.5,True,501,28.14,-1.1368,-1.1368,0.257,-2277.7,1.068,21,2321.45,2.32,,-0.862,-43.71,0.05,-100.0,323,178,28.09,-1.2121
ema_pullback_20_50,US30.cash,M15,1.0,1.5,1.5,True,457,26.48,-1.431,-1.431,0.272,-2331.85,3.727,26,2361.53,2.36,,-0.841,-47.05,0.05,-100.0,270,187,30.48,-1.2349
ema_pullback_20_50,USDCAD,M15,1.0,1.5,1.5,True,647,26.12,-1.2684,-1.2684,0.171,-2856.82,5.61,16,2856.82,2.86,,-0.929,-47.76,0.05,-100.0,385,262,24.05,-1.3596
ema_pullback_20_50,NZDUSD,M15,1.0,1.5,1.5,True,622,25.4,-1.1783,-1.1783,0.162,-3133.27,5.394,22,3143.52,3.14,,-0.969,-49.2,0.05,-100.0,423,199,22.61,-1.25
rsi_30_70,UK100.cash,H1,1.0,1.5,1.5,True,75,25.33,-0.9989,-0.9989,0.144,-314.9,0.146,16,321.45,0.32,,-0.93,-49.33,0.05,-100.0,37,38,34.21,-0.8435
ema_cross_9_20,FRA40.cash,H1,1.0,1.5,1.5,True,186,23.12,-0.9917,-0.9917,0.084,-759.06,0.267,19,760.44,0.76,,-0.967,-53.76,0.05,-100.0,108,78,21.79,-1.0015
ema_pullback_20_50,EURGBP,M15,1.0,1.5,1.5,True,565,20.35,-1.4003,-1.4003,0.124,-3115.48,4.899,21,3117.11,3.12,,-1.095,-59.29,0.05,-100.0,356,209,20.1,-1.4274
rsi_30_70,USDCNH,M15,1.0,1.5,1.5,True,114,20.18,-1.1933,-1.1933,0.07,-569.87,0.988,18,569.87,0.57,,-1.142,-59.65,0.05,-100.0,76,38,21.05,-1.0299
ema_cross_9_20,UK100.cash,H1,1.0,1.5,1.5,True,184,19.57,-1.094,-1.094,0.07,-778.34,0.359,51,780.08,0.78,,-1.03,-60.87,0.05,-100.0,114,70,34.29,-0.8706
ema_pullback_20_50,GER40.cash,M15,1.0,1.5,1.5,True,436,18.81,-1.7261,-1.7261,0.197,-1714.86,3.283,49,1784.46,1.78,,-0.861,-62.39,0.05,-100.0,360,76,28.95,-1.2081
ema_pullback_20_50,US2000.cash,D1,1.0,1.5,1.5,True,202,18.81,-1.4412,-1.4412,0.094,-838.71,0.072,36,838.71,0.84,,-1.001,-62.38,0.05,-100.0,114,88,23.86,-1.112
ema_pullback_20_50,JP225.cash,D1,1.0,1.5,1.5,True,151,17.88,-1.4793,-1.4793,0.126,-604.2,0.05,80,613.18,0.61,,-0.961,-64.24,0.05,-100.0,87,64,35.94,-0.8165
ema_cross_12_26,UK100.cash,H1,1.0,1.5,1.5,True,146,17.81,-1.0607,-1.0607,0.072,-624.99,0.285,55,628.55,0.63,,-1.028,-64.38,0.05,-100.0,96,50,36.0,-0.8465
donchian_55,USDCNH,M15,1.0,1.5,1.5,True,166,17.47,-1.3547,-1.3547,0.051,-864.97,1.438,37,864.97,0.86,,-1.293,-65.06,0.05,-100.0,88,78,19.23,-1.2857
ema_cross_12_26,USDCNH,M15,1.0,1.5,1.5,True,144,17.36,-1.3355,-1.3355,0.058,-644.28,1.248,42,644.28,0.64,,-1.182,-65.28,0.05,-100.0,80,64,25.0,-1.0927
ema_cross_12_26,FRA40.cash,H1,1.0,1.5,1.5,True,152,17.11,-1.0686,-1.0686,0.045,-699.64,0.219,16,701.02,0.7,,-1.072,-65.79,0.05,-100.0,87,65,15.38,-1.0598
ema_pullback_20_50,US100.cash,M15,1.0,1.5,1.5,True,556,17.09,-1.7974,-1.7974,0.158,-2396.39,4.535,25,2397.0,2.4,,-0.956,-65.83,0.05,-100.0,283,273,17.58,-1.8164
donchian_20,FRA40.cash,H1,1.0,1.5,1.5,True,337,16.32,-1.1102,-1.1102,0.051,-1439.87,0.485,32,1441.59,1.44,,-1.062,-67.36,0.05,-100.0,204,133,18.05,-0.999
donchian_20,USDCNH,M15,1.0,1.5,1.5,True,292,16.1,-1.3545,-1.3545,0.049,-1414.83,2.53,58,1414.83,1.41,,-1.24,-67.81,0.05,-100.0,163,129,17.83,-1.2554
ema_cross_9_20,USDCNH,M15,1.0,1.5,1.5,True,190,15.26,-1.3741,-1.3741,0.055,-867.28,1.646,50,867.28,0.87,,-1.2,-69.47,0.05,-100.0,112,78,19.23,-1.1716
donchian_55,FRA40.cash,H1,1.0,1.5,1.5,True,202,13.37,-1.2183,-1.2183,0.034,-947.77,0.29,26,948.77,0.95,,-1.176,-73.27,0.05,-100.0,122,80,12.5,-1.1215
donchian_20,UK100.cash,H1,1.0,1.5,1.5,True,361,13.3,-1.2213,-1.2213,0.057,-1585.48,0.705,124,1587.29,1.59,,-1.14,-73.41,0.05,-100.0,227,134,25.37,-0.9619
donchian_55,UK100.cash,H1,1.0,1.5,1.5,True,228,13.16,-1.1872,-1.1872,0.053,-957.4,0.445,98,957.4,0.96,,-1.111,-73.68,0.05,-100.0,145,83,26.51,-0.9184
rsi_30_70,EU50.cash,H1,1.0,1.5,1.5,True,95,12.63,-1.3087,-1.3087,0.075,-360.64,0.137,31,362.42,0.36,,-1.164,-74.74,0.05,-100.0,56,39,15.38,-1.3079
ema_pullback_20_50,UK100.cash,H1,1.0,1.5,1.5,True,651,11.06,-2.3363,-2.3363,0.067,-2634.59,1.271,92,2634.59,2.63,,-1.135,-77.88,0.05,-100.0,410,241,19.92,-1.8938
ema_pullback_20_50,FRA40.cash,H1,1.0,1.5,1.5,True,579,10.88,-1.9704,-1.9704,0.066,-2351.35,0.833,51,2355.07,2.35,,-1.178,-78.24,0.05,-100.0,334,245,8.98,-1.7787
ema_cross_12_26,EU50.cash,H1,1.0,1.5,1.5,True,140,10.0,-1.399,-1.399,0.029,-546.81,0.201,48,547.67,0.55,,-1.28,-80.0,0.05,-100.0,84,56,16.07,-1.1732
ema_pullback_20_50,USDCNH,M15,1.0,1.5,1.5,True,578,9.34,-2.2934,-2.2934,0.041,-2675.05,5.008,80,2675.05,2.68,,-1.188,-81.31,0.05,-100.0,323,255,8.24,-2.207
ema_cross_9_20,EU50.cash,H1,1.0,1.5,1.5,True,179,8.94,-1.436,-1.436,0.035,-716.62,0.257,41,717.81,0.72,,-1.305,-82.12,0.05,-100.0,101,78,12.82,-1.3119
rsi_30_70,US500.cash,H1,1.0,1.5,1.5,True,109,8.26,-1.4143,-1.4143,0.021,-416.74,0.219,35,416.74,0.42,,-1.245,-83.49,0.05,-100.0,59,50,10.0,-1.3011
rsi_30_70,UK100.cash,M15,1.0,1.5,1.5,True,101,7.92,-1.562,-1.562,0.012,-457.08,0.779,40,457.98,0.46,,-1.409,-84.16,0.05,-100.0,49,52,9.62,-1.505
ema_cross_12_26,UK100.cash,M15,1.0,1.5,1.5,True,140,5.71,-1.9655,-1.9655,0.017,-592.43,1.08,73,592.6,0.59,,-1.347,-88.57,0.05,-100.0,84,56,10.71,-1.5303
donchian_55,UK100.cash,M15,1.0,1.5,1.5,True,198,5.56,-1.811,-1.811,0.017,-804.83,1.528,116,804.83,0.8,,-1.356,-88.89,0.05,-100.0,128,70,10.0,-1.5083
ema_cross_9_20,UK100.cash,M15,1.0,1.5,1.5,True,194,5.15,-2.0175,-2.0175,0.01,-808.6,1.497,114,808.78,0.81,,-1.347,-89.69,0.05,-100.0,126,68,8.82,-1.4495
donchian_20,UK100.cash,M15,1.0,1.5,1.5,True,314,4.78,-1.8109,-1.8109,0.014,-1294.14,2.423,166,1294.44,1.29,,-1.374,-90.45,0.05,-100.0,190,124,7.26,-1.5206
ema_cross_12_26,US500.cash,H1,1.0,1.5,1.5,True,126,4.76,-1.7767,-1.7767,0.026,-524.62,0.253,48,525.81,0.53,,-1.411,-90.48,0.05,-100.0,77,49,6.12,-1.6206
donchian_20,EU50.cash,H1,1.0,1.5,1.5,True,337,4.45,-1.5957,-1.5957,0.017,-1379.69,0.485,129,1382.65,1.38,,-1.44,-91.1,0.05,-100.0,204,133,6.77,-1.4556
ema_cross_9_20,US500.cash,H1,1.0,1.5,1.5,True,165,4.24,-1.8118,-1.8118,0.025,-660.72,0.331,67,661.91,0.66,,-1.449,-91.52,0.05,-100.0,100,65,6.15,-1.7756
ema_pullback_20_50,UK100.cash,M15,1.0,1.5,1.5,True,594,4.04,-4.0114,-4.0114,0.031,-2432.2,4.583,81,2432.48,2.43,,-1.11,-91.92,0.05,-100.0,420,174,6.9,-3.1007
ema_pullback_20_50,EU50.cash,H1,1.0,1.5,1.5,True,593,3.54,-3.0575,-3.0575,0.03,-2398.7,0.853,143,2399.56,2.4,,-1.395,-92.92,0.05,-100.0,351,242,3.72,-2.8031
ema_pullback_20_50,US500.cash,H1,1.0,1.5,1.5,True,593,3.54,-4.4831,-4.4831,0.032,-2369.18,1.191,246,2369.5,2.37,,-1.188,-92.92,0.05,-100.0,399,194,5.15,-3.5427
rsi_30_70,JP225.cash,H1,1.0,1.5,1.5,True,90,3.33,-2.4633,-2.4633,0.01,-351.61,0.181,53,352.2,0.35,,-1.701,-93.33,0.05,-100.0,58,32,6.25,-1.6799
rsi_30_70,FRA40.cash,M15,1.0,1.5,1.5,True,96,3.12,-1.6726,-1.6726,0.005,-397.4,0.459,66,398.78,0.4,,-1.37,-93.75,0.05,-100.0,49,47,6.38,-1.3864
donchian_20,US500.cash,H1,1.0,1.5,1.5,True,326,3.07,-2.0943,-2.0943,0.019,-1338.93,0.655,151,1341.2,1.34,,-1.577,-93.87,0.05,-100.0,208,118,4.24,-1.8038
donchian_55,EU50.cash,H1,1.0,1.5,1.5,True,217,2.76,-1.7302,-1.7302,0.009,-920.58,0.312,101,924.51,0.92,,-1.57,-94.47,0.05,-100.0,130,87,2.3,-1.6117
ema_cross_12_26,FRA40.cash,M15,1.0,1.5,1.5,True,126,2.38,-1.9101,-1.9101,0.011,-526.32,0.603,95,526.32,0.53,,-1.585,-95.24,0.05,-100.0,76,50,6.0,-1.6314
ema_cross_12_26,JP225.cash,H1,1.0,1.5,1.5,True,140,2.14,-2.8113,-2.8113,0.004,-595.7,0.281,97,595.7,0.6,,-1.819,-95.71,0.05,-100.0,83,57,3.51,-1.9874
donchian_55,FRA40.cash,M15,1.0,1.5,1.5,True,194,2.06,-2.0839,-2.0839,0.004,-844.14,0.928,149,844.14,0.84,,-1.769,-95.88,0.05,-100.0,118,76,5.26,-1.83
ema_pullback_20_50,FRA40.cash,M15,1.0,1.5,1.5,True,508,1.97,-3.6135,-3.6135,0.027,-2082.2,2.43,99,2082.29,2.08,,-1.355,-96.06,0.05,-100.0,336,172,2.33,-3.3921
rsi_30_70,HK50.cash,H1,1.0,1.5,1.5,True,106,1.89,-2.5381,-2.5381,0.008,-470.61,0.162,53,470.61,0.47,,-1.76,-96.23,0.05,-100.0,63,43,0.0,-2.0416
donchian_20,FRA40.cash,M15,1.0,1.5,1.5,True,321,1.87,-2.0273,-2.0273,0.002,-1403.75,1.536,243,1404.12,1.4,,-1.732,-96.26,0.05,-100.0,193,128,4.69,-1.7573
donchian_55,US500.cash,H1,1.0,1.5,1.5,True,214,1.87,-2.3198,-2.3198,0.003,-922.27,0.43,148,923.52,0.92,,-1.795,-96.26,0.05,-100.0,137,77,2.6,-2.0385
donchian_20,JP225.cash,H1,1.0,1.5,1.5,True,329,1.82,-2.7759,-2.7759,0.004,-1300.61,0.661,233,1300.61,1.3,,-1.884,-96.35,0.05,-100.0,198,131,3.82,-2.0103
ema_cross_9_20,JP225.cash,H1,1.0,1.5,1.5,True,169,1.78,-2.7699,-2.7699,0.006,-671.43,0.34,111,672.02,0.67,,-1.716,-96.45,0.05,-100.0,102,67,2.99,-1.8961
ema_cross_9_20,FRA40.cash,M15,1.0,1.5,1.5,True,171,1.75,-1.9483,-1.9483,0.002,-734.96,0.818,129,734.96,0.73,,-1.61,-96.49,0.05,-100.0,106,65,4.62,-1.6322
ema_pullback_20_50,US500.cash,M15,1.0,1.5,1.5,True,572,1.4,-8.5924,-8.5924,0.004,-2347.06,4.665,158,2347.06,2.35,,-1.205,-97.2,0.05,-100.0,334,238,1.26,-8.6259
ema_pullback_20_50,JP225.cash,H1,1.0,1.5,1.5,True,594,1.35,-5.3773,-5.3773,0.008,-2444.25,1.194,143,2444.84,2.44,,-1.248,-97.31,0.05,-100.0,341,253,1.98,-3.6841
ema_pullback_20_50,HK50.cash,H1,1.0,1.5,1.5,True,604,1.32,-4.307,-4.307,0.006,-2409.06,0.923,196,2409.06,2.41,,-1.34,-97.35,0.05,-100.0,340,264,0.38,-4.4498
ema_cross_9_20,HK50.cash,H1,1.0,1.5,1.5,True,162,1.23,-2.3439,-2.3439,0.004,-638.81,0.247,89,638.81,0.64,,-1.807,-97.53,0.05,-100.0,96,66,0.0,-2.0712
ema_pullback_20_50,US2000.cash,H1,1.0,1.5,1.5,True,440,1.14,-6.7461,-6.7461,0.01,-1795.33,0.884,135,1795.43,1.8,,-1.152,-97.73,0.05,-100.0,255,185,1.08,-5.7229
donchian_55,JP225.cash,H1,1.0,1.5,1.5,True,204,0.98,-2.8246,-2.8246,0.001,-824.78,0.41,190,825.46,0.83,,-1.997,-98.04,0.05,-100.0,123,81,2.47,-1.9944
rsi_30_70,EU50.cash,M15,1.0,1.5,1.5,True,109,0.92,-2.1159,-2.1159,0.001,-442.06,0.52,79,442.27,0.44,,-1.728,-98.17,0.05,-100.0,59,50,2.0,-1.7632
rsi_30_70,US2000.cash,H1,1.0,1.5,1.5,True,114,0.88,-2.7748,-2.7748,0.001,-442.93,0.229,79,443.39,0.44,,-1.998,-98.25,0.05,-100.0,65,49,0.0,-2.6482
ema_cross_12_26,HK50.cash,H1,1.0,1.5,1.5,True,119,0.84,-2.3662,-2.3662,0.001,-464.15,0.182,102,464.15,0.46,,-1.766,-98.32,0.05,-100.0,70,49,0.0,-2.1029
ema_pullback_20_50,EU50.cash,M15,1.0,1.5,1.5,True,516,0.78,-5.3086,-5.3086,0.019,-2062.08,2.463,334,2062.29,2.06,,-1.422,-98.45,0.05,-100.0,371,145,1.38,-3.9783
ema_cross_9_20,EU50.cash,M15,1.0,1.5,1.5,True,173,0.58,-2.8445,-2.8445,0.0,-767.75,0.826,153,767.95,0.77,,-1.874,-98.84,0.05,-100.0,109,64,1.56,-2.1478
donchian_20,HK50.cash,H1,1.0,1.5,1.5,True,349,0.57,-2.4441,-2.4441,0.002,-1436.37,0.533,185,1437.31,1.44,,-1.888,-98.85,0.05,-100.0,218,131,0.0,-2.2826
donchian_55,EU50.cash,M15,1.0,1.5,1.5,True,211,0.47,-2.8675,-2.8675,0.0,-924.92,1.007,183,925.71,0.93,,-2.13,-99.05,0.05,-100.0,126,85,1.18,-2.3025
donchian_55,HK50.cash,H1,1.0,1.5,1.5,True,223,0.45,-2.4275,-2.4275,0.001,-915.11,0.341,184,915.11,0.92,,-1.855,-99.1,0.05,-100.0,140,83,0.0,-2.381
donchian_20,EU50.cash,M15,1.0,1.5,1.5,True,334,0.3,-2.8605,-2.8605,0.0,-1458.37,1.594,287,1458.92,1.46,,-1.986,-99.4,0.05,-100.0,206,128,0.78,-2.2175
ema_pullback_20_50,HK50.cash,M15,1.0,1.5,1.5,True,515,0.19,-9.0698,-9.0698,0.003,-2084.68,2.689,456,2084.68,2.08,,-1.167,-99.61,0.05,-100.0,368,147,0.68,-7.1827
ema_pullback_20_50,JP225.cash,M15,1.0,1.5,1.5,True,563,0.18,-7.4698,-7.4698,0.0,-2271.5,4.592,387,2271.5,2.27,,-1.067,-99.64,0.05,-100.0,344,219,0.46,-6.5278
ema_pullback_20_50,US2000.cash,M15,1.0,1.5,1.5,True,574,0.17,-15.5864,-15.5864,0.0,-2324.67,4.682,411,2324.67,2.32,,-1.214,-99.65,0.05,-100.0,326,248,0.4,-15.3908
ema_cross_9_20,AMD,D1,1.0,1.5,1.5,True,33,0.0,-6.6713,-6.6713,0.0,-133.69,0.016,33,133.71,0.13,,-2.373,-100.0,0.05,-100.0,22,11,0.0,-4.0105
ema_cross_9_20,AMD,H1,1.0,1.5,1.5,True,159,0.0,-15.7693,-15.7693,0.0,-632.14,0.098,159,632.68,0.63,,-2.445,-100.0,0.05,-100.0,98,61,0.0,-12.4307
ema_cross_9_20,AMD,M15,1.0,1.5,1.5,True,160,0.0,-23.6774,-23.6774,0.0,-647.22,0.399,160,647.24,0.65,,-2.119,-100.0,0.05,-100.0,91,69,0.0,-17.5538
ema_cross_9_20,AMZN,D1,1.0,1.5,1.5,True,34,0.0,-8.03,-8.03,0.0,-133.31,0.013,34,133.32,0.13,,-1.363,-100.0,0.05,-100.0,21,13,0.0,-5.7689
ema_cross_9_20,AMZN,H1,1.0,1.5,1.5,True,174,0.0,-18.3765,-18.3765,0.0,-695.87,0.104,174,695.95,0.7,,-3.104,-100.0,0.05,-100.0,104,70,0.0,-14.9247
ema_cross_9_20,AMZN,M15,1.0,1.5,1.5,True,147,0.0,-31.6064,-31.6064,0.0,-584.91,0.327,147,584.91,0.58,,-2.899,-100.0,0.05,-100.0,91,56,0.0,-30.2744
ema_cross_9_20,AVGO,D1,1.0,1.5,1.5,True,32,0.0,-14.1093,-14.1093,0.0,-128.19,0.016,32,128.19,0.13,,-1.433,-100.0,0.05,-100.0,21,11,0.0,-3.7792
ema_cross_9_20,AVGO,H1,1.0,1.5,1.5,True,165,0.0,-31.4221,-31.4221,0.0,-658.38,0.098,165,658.38,0.66,,-1.158,-100.0,0.05,-100.0,99,66,0.0,-8.6984
ema_cross_9_20,AVGO,M15,1.0,1.5,1.5,True,153,0.0,-17.3115,-17.3115,0.0,-614.94,0.34,153,615.0,0.62,,-2.467,-100.0,0.05,-100.0,99,54,0.0,-12.8904
ema_cross_9_20,CSCO,H1,1.0,1.5,1.5,True,180,0.0,-81.9845,-81.9845,0.0,-721.62,0.107,180,721.62,0.72,,-3.206,-100.0,0.05,-100.0,106,74,0.0,-71.5266
ema_cross_9_20,CSCO,M15,1.0,1.5,1.5,True,158,0.0,-136.5713,-136.5713,0.0,-631.81,0.351,158,631.81,0.63,,-2.7,-100.0,0.05,-100.0,99,59,0.0,-104.6723
ema_cross_9_20,HK50.cash,M15,1.0,1.5,1.5,True,156,0.0,-4.3423,-4.3423,0.0,-632.86,0.815,156,632.86,0.63,,-2.504,-100.0,0.05,-100.0,90,66,0.0,-3.7806
ema_cross_9_20,INTC,D1,1.0,1.5,1.5,True,34,0.0,-26.838,-26.838,0.0,-136.47,0.017,34,136.47,0.14,,-2.887,-100.0,0.05,-100.0,17,17,0.0,-25.0348
ema_cross_9_20,INTC,H1,1.0,1.5,1.5,True,166,0.0,-76.5801,-76.5801,0.0,-664.82,0.099,166,664.86,0.66,,-2.838,-100.0,0.05,-100.0,102,64,0.0,-75.8021
ema_cross_9_20,INTC,M15,1.0,1.5,1.5,True,165,0.0,-146.9349,-146.9349,0.0,-660.78,0.367,165,660.78,0.66,,-1.626,-100.0,0.05,-100.0,100,65,0.0,-78.4877
ema_cross_9_20,JP225.cash,M15,1.0,1.5,1.5,True,157,0.0,-3.674,-3.674,0.0,-623.83,1.281,157,624.14,0.62,,-1.938,-100.0,0.05,-100.0,94,63,0.0,-3.0342
ema_cross_9_20,MSFT,D1,1.0,1.5,1.5,True,44,0.0,-6.9971,-6.9971,0.0,-173.3,0.014,44,173.34,0.17,,-0.972,-100.0,0.05,-100.0,31,13,0.0,-3.2967
ema_cross_9_20,MSFT,H1,1.0,1.5,1.5,True,155,0.0,-10.4319,-10.4319,0.0,-617.88,0.093,155,618.06,0.62,,-4.0,-100.0,0.05,-100.0,99,56,0.0,-9.6041
ema_cross_9_20,MSFT,M15,1.0,1.5,1.5,True,168,0.0,-20.3504,-20.3504,0.0,-676.54,0.374,168,676.54,0.68,,-3.263,-100.0,0.05,-100.0,107,61,0.0,-18.6032
ema_cross_9_20,NVDA,D1,1.0,1.5,1.5,True,32,0.0,-26.2166,-26.2166,0.0,-130.27,0.016,32,130.27,0.13,,-0.976,-100.0,0.05,-100.0,18,14,0.0,-5.2876
ema_cross_9_20,NVDA,H1,1.0,1.5,1.5,True,173,0.0,-45.7573,-45.7573,0.0,-695.03,0.104,173,695.03,0.7,,-1.233,-100.0,0.05,-100.0,101,72,0.0,-14.4775
ema_cross_9_20,NVDA,M15,1.0,1.5,1.5,True,173,0.0,-32.4977,-32.4977,0.0,-693.77,0.385,173,693.77,0.69,,-3.081,-100.0,0.05,-100.0,104,69,0.0,-28.9445
ema_cross_9_20,US2000.cash,H1,1.0,1.5,1.5,True,171,0.0,-3.4412,-3.4412,0.0,-701.95,0.343,171,701.95,0.7,,-2.052,-100.0,0.05,-100.0,104,67,0.0,-3.1795
ema_cross_9_20,US2000.cash,M15,1.0,1.5,1.5,True,151,0.0,-6.4705,-6.4705,0.0,-610.16,1.232,151,610.51,0.61,,-1.935,-100.0,0.05,-100.0,88,63,0.0,-6.3367
ema_cross_9_20,US500.cash,M15,1.0,1.5,1.5,True,162,0.0,-3.663,-3.663,0.0,-650.25,1.321,162,650.9,0.65,,-1.741,-100.0,0.05,-100.0,106,56,0.0,-3.3333
ema_cross_12_26,AMD,D1,1.0,1.5,1.5,True,30,0.0,-6.6734,-6.6734,0.0,-119.83,0.015,30,119.84,0.12,,-2.437,-100.0,0.05,-100.0,20,10,0.0,-4.2573
ema_cross_12_26,AMD,H1,1.0,1.5,1.5,True,130,0.0,-15.757,-15.757,0.0,-518.35,0.08,130,518.89,0.52,,-2.498,-100.0,0.05,-100.0,83,47,0.0,-12.855
ema_cross_12_26,AMD,M15,1.0,1.5,1.5,True,121,0.0,-23.3553,-23.3553,0.0,-490.66,0.302,121,490.66,0.49,,-2.217,-100.0,0.05,-100.0,66,55,0.0,-18.2693
ema_cross_12_26,AMZN,H1,1.0,1.5,1.5,True,135,0.0,-17.8481,-17.8481,0.0,-542.78,0.081,135,542.87,0.54,,-3.326,-100.0,0.05,-100.0,80,55,0.0,-14.5605
ema_cross_12_26,AMZN,M15,1.0,1.5,1.5,True,122,0.0,-31.1237,-31.1237,0.0,-489.07,0.272,122,489.07,0.49,,-2.71,-100.0,0.05,-100.0,78,44,0.0,-30.666
ema_cross_12_26,AVGO,H1,1.0,1.5,1.5,True,133,0.0,-31.1228,-31.1228,0.0,-532.98,0.079,133,532.98,0.53,,-1.128,-100.0,0.05,-100.0,80,53,0.0,-8.3374
ema_cross_12_26,AVGO,M15,1.0,1.5,1.5,True,121,0.0,-16.7783,-16.7783,0.0,-487.5,0.269,121,487.57,0.49,,-2.657,-100.0,0.05,-100.0,76,45,0.0,-12.1286
ema_cross_12_26,CSCO,H1,1.0,1.5,1.5,True,144,0.0,-83.7411,-83.7411,0.0,-576.28,0.086,144,576.28,0.58,,-3.037,-100.0,0.05,-100.0,88,56,0.0,-72.597
ema_cross_12_26,CSCO,M15,1.0,1.5,1.5,True,121,0.0,-134.4028,-134.4028,0.0,-483.53,0.269,121,483.53,0.48,,-2.727,-100.0,0.05,-100.0,78,43,0.0,-97.8313
ema_cross_12_26,EU50.cash,M15,1.0,1.5,1.5,True,133,0.0,-2.8643,-2.8643,0.0,-590.57,0.635,133,590.77,0.59,,-1.821,-100.0,0.05,-100.0,85,48,0.0,-2.0934
ema_cross_12_26,HK50.cash,M15,1.0,1.5,1.5,True,119,0.0,-4.2758,-4.2758,0.0,-470.72,0.621,119,470.72,0.47,,-2.216,-100.0,0.05,-100.0,74,45,0.0,-3.5933
ema_cross_12_26,INTC,D1,1.0,1.5,1.5,True,33,0.0,-25.8501,-25.8501,0.0,-132.74,0.017,33,132.74,0.13,,-2.727,-100.0,0.05,-100.0,18,15,0.0,-22.5712
ema_cross_12_26,INTC,H1,1.0,1.5,1.5,True,128,0.0,-76.6047,-76.6047,0.0,-513.67,0.076,128,513.71,0.51,,-2.943,-100.0,0.05,-100.0,81,47,0.0,-76.6172
ema_cross_12_26,INTC,M15,1.0,1.5,1.5,True,127,0.0,-147.7439,-147.7439,0.0,-507.91,0.282,127,507.91,0.51,,-1.538,-100.0,0.05,-100.0,82,45,0.0,-72.9845
ema_cross_12_26,JP225.cash,M15,1.0,1.5,1.5,True,123,0.0,-3.8672,-3.8672,0.0,-502.72,1.003,123,503.02,0.5,,-1.908,-100.0,0.05,-100.0,76,47,0.0,-3.1893
ema_cross_12_26,MSFT,D1,1.0,1.5,1.5,True,34,0.0,-6.5466,-6.5466,0.0,-131.38,0.011,34,131.42,0.13,,-0.919,-100.0,0.05,-100.0,22,12,0.0,-3.4991
ema_cross_12_26,MSFT,H1,1.0,1.5,1.5,True,120,0.0,-10.1658,-10.1658,0.0,-484.85,0.072,120,485.03,0.49,,-4.091,-100.0,0.05,-100.0,74,46,0.0,-9.4727
ema_cross_12_26,MSFT,M15,1.0,1.5,1.5,True,129,0.0,-20.371,-20.371,0.0,-518.36,0.287,129,518.36,0.52,,-3.095,-100.0,0.05,-100.0,88,41,0.0,-18.5528
ema_cross_12_26,NVDA,H1,1.0,1.5,1.5,True,129,0.0,-47.3442,-47.3442,0.0,-516.99,0.077,129,516.99,0.52,,-1.196,-100.0,0.05,-100.0,75,54,0.0,-14.2872
ema_cross_12_26,NVDA,M15,1.0,1.5,1.5,True,130,0.0,-32.553,-32.553,0.0,-523.18,0.29,130,523.18,0.52,,-3.058,-100.0,0.05,-100.0,76,54,0.0,-28.9812
ema_cross_12_26,US2000.cash,H1,1.0,1.5,1.5,True,143,0.0,-3.4715,-3.4715,0.0,-589.51,0.287,143,589.51,0.59,,-2.002,-100.0,0.05,-100.0,92,51,0.0,-2.8908
ema_cross_12_26,US2000.cash,M15,1.0,1.5,1.5,True,116,0.0,-6.3817,-6.3817,0.0,-468.57,0.946,116,468.92,0.47,,-1.861,-100.0,0.05,-100.0,71,45,0.0,-6.195
ema_cross_12_26,US500.cash,M15,1.0,1.5,1.5,True,132,0.0,-3.6927,-3.6927,0.0,-538.97,1.077,132,539.61,0.54,,-1.865,-100.0,0.05,-100.0,87,45,0.0,-3.38
ema_pullback_20_50,AMD,D1,1.0,1.5,1.5,True,121,0.0,-13.9053,-13.9053,0.0,-489.57,0.06,121,489.59,0.49,,-1.698,-100.0,0.05,-100.0,84,37,0.0,-9.1792
ema_pullback_20_50,AMD,H1,1.0,1.5,1.5,True,585,0.0,-32.6536,-32.6536,0.0,-2351.25,0.36,585,2351.25,2.35,,-1.466,-100.0,0.05,-100.0,354,231,0.0,-28.671
ema_pullback_20_50,AMD,M15,1.0,1.5,1.5,True,618,0.0,-54.0482,-54.0482,0.0,-2483.16,1.54,618,2483.17,2.48,,-1.17,-100.0,0.05,-100.0,394,224,0.0,-37.6642
ema_pullback_20_50,AMZN,D1,1.0,1.5,1.5,True,174,0.0,-14.5161,-14.5161,0.0,-694.27,0.068,174,694.28,0.69,,-1.774,-100.0,0.05,-100.0,87,87,0.0,-13.5621
ema_pullback_20_50,AMZN,H1,1.0,1.5,1.5,True,598,0.0,-38.6208,-38.6208,0.0,-2397.27,0.358,598,2397.36,2.4,,-1.448,-100.0,0.05,-100.0,377,221,0.0,-32.6956
ema_pullback_20_50,AMZN,M15,1.0,1.5,1.5,True,507,0.0,-67.7771,-67.7771,0.0,-2031.1,1.129,507,2031.1,2.03,,-1.433,-100.0,0.05,-100.0,299,208,0.0,-65.1798
ema_pullback_20_50,AVGO,D1,1.0,1.5,1.5,True,174,0.0,-28.2227,-28.2227,0.0,-697.7,0.088,174,697.7,0.7,,-1.003,-100.0,0.05,-100.0,102,72,0.0,-9.5346
ema_pullback_20_50,AVGO,H1,1.0,1.5,1.5,True,634,0.0,-59.6953,-59.6953,0.0,-2543.97,0.375,634,2543.97,2.54,,-1.04,-100.0,0.05,-100.0,371,263,0.0,-18.3174
ema_pullback_20_50,AVGO,M15,1.0,1.5,1.5,True,558,0.0,-36.6322,-36.6322,0.0,-2244.48,1.239,558,2244.48,2.24,,-1.32,-100.0,0.05,-100.0,378,180,0.0,-27.0542
ema_pullback_20_50,CSCO,D1,1.0,1.5,1.5,True,163,0.0,-63.0235,-63.0235,0.0,-652.6,0.081,163,652.6,0.65,,-1.81,-100.0,0.05,-100.0,96,67,0.0,-53.8043
ema_pullback_20_50,CSCO,H1,1.0,1.5,1.5,True,633,0.0,-162.9329,-162.9329,0.0,-2533.04,0.376,633,2533.04,2.53,,-1.377,-100.0,0.05,-100.0,354,279,0.0,-143.3555
ema_pullback_20_50,CSCO,M15,1.0,1.5,1.5,True,539,0.0,-260.5655,-260.5655,0.0,-2156.31,1.197,539,2156.31,2.16,,-1.319,-100.0,0.05,-100.0,331,208,0.0,-161.1495
ema_pullback_20_50,INTC,D1,1.0,1.5,1.5,True,116,0.0,-47.8177,-47.8177,0.0,-467.0,0.059,116,467.0,0.47,,-1.735,-100.0,0.05,-100.0,70,46,0.0,-48.2154
ema_pullback_20_50,INTC,H1,1.0,1.5,1.5,True,538,0.0,-153.3171,-153.3171,0.0,-2154.6,0.32,538,2154.6,2.15,,-1.479,-100.0,0.05,-100.0,314,224,0.0,-156.1262
ema_pullback_20_50,INTC,M15,1.0,1.5,1.5,True,502,0.0,-283.9828,-283.9828,0.0,-2009.64,1.115,502,2009.64,2.01,,-1.078,-100.0,0.05,-100.0,299,203,0.0,-145.0165
ema_pullback_20_50,MSFT,D1,1.0,1.5,1.5,True,215,0.0,-16.9434,-16.9434,0.0,-862.81,0.067,215,862.81,0.86,,-0.993,-100.0,0.05,-100.0,144,71,0.0,-8.2441
ema_pullback_20_50,MSFT,H1,1.0,1.5,1.5,True,643,0.0,-22.6148,-22.6148,0.0,-2588.7,0.385,643,2589.06,2.59,,-1.559,-100.0,0.05,-100.0,421,222,0.0,-19.369
ema_pullback_20_50,MSFT,M15,1.0,1.5,1.5,True,546,0.0,-43.1505,-43.1505,0.0,-2193.92,1.216,546,2193.92,2.19,,-1.401,-100.0,0.05,-100.0,380,166,0.0,-37.6422
ema_pullback_20_50,NVDA,D1,1.0,1.5,1.5,True,148,0.0,-48.9136,-48.9136,0.0,-595.04,0.074,148,595.04,0.6,,-0.926,-100.0,0.05,-100.0,80,68,0.0,-12.7157
ema_pullback_20_50,NVDA,H1,1.0,1.5,1.5,True,601,0.0,-86.1277,-86.1277,0.0,-2409.75,0.36,601,2409.75,2.41,,-1.044,-100.0,0.05,-100.0,360,241,0.0,-30.6292
ema_pullback_20_50,NVDA,M15,1.0,1.5,1.5,True,575,0.0,-65.8182,-65.8182,0.0,-2306.74,1.281,575,2306.74,2.31,,-1.556,-100.0,0.05,-100.0,366,209,0.0,-60.6624
donchian_20,AMD,D1,1.0,1.5,1.5,True,69,0.0,-6.0379,-6.0379,0.0,-270.94,0.034,69,270.98,0.27,,-2.273,-100.0,0.05,-100.0,42,27,0.0,-3.8261
donchian_20,AMD,H1,1.0,1.5,1.5,True,335,0.0,-15.4935,-15.4935,0.0,-1337.63,0.206,335,1337.92,1.34,,-2.488,-100.0,0.05,-100.0,200,135,0.0,-12.4637
donchian_20,AMD,M15,1.0,1.5,1.5,True,325,0.0,-23.0009,-23.0009,0.0,-1312.11,0.81,325,1312.12,1.31,,-2.117,-100.0,0.05,-100.0,193,132,0.0,-16.9732
donchian_20,AMZN,D1,1.0,1.5,1.5,True,86,0.0,-7.6943,-7.6943,0.0,-331.39,0.033,86,331.63,0.33,,-2.147,-100.0,0.05,-100.0,51,35,0.0,-6.0821
donchian_20,AMZN,H1,1.0,1.5,1.5,True,341,0.0,-18.5135,-18.5135,0.0,-1365.69,0.204,341,1365.8,1.37,,-3.348,-100.0,0.05,-100.0,207,134,0.0,-15.2019
donchian_20,AMZN,M15,1.0,1.5,1.5,True,317,0.0,-31.5486,-31.5486,0.0,-1270.56,0.706,317,1270.66,1.27,,-3.245,-100.0,0.05,-100.0,185,132,0.0,-29.1875
donchian_20,AVGO,D1,1.0,1.5,1.5,True,68,0.0,-13.0524,-13.0524,0.0,-270.16,0.035,68,270.23,0.27,,-1.335,-100.0,0.05,-100.0,43,25,0.0,-3.3411
donchian_20,AVGO,H1,1.0,1.5,1.5,True,359,0.0,-31.5847,-31.5847,0.0,-1435.79,0.213,359,1435.8,1.44,,-1.16,-100.0,0.05,-100.0,212,147,0.0,-8.9423
donchian_20,AVGO,M15,1.0,1.5,1.5,True,328,0.0,-16.9552,-16.9552,0.0,-1323.09,0.729,328,1323.09,1.32,,-2.79,-100.0,0.05,-100.0,195,133,0.0,-13.1737
donchian_20,CSCO,D1,1.0,1.5,1.5,True,71,0.0,-28.3129,-28.3129,0.0,-281.74,0.035,71,281.78,0.28,,-3.718,-100.0,0.05,-100.0,40,31,0.0,-25.3331
donchian_20,CSCO,H1,1.0,1.5,1.5,True,346,0.0,-83.6956,-83.6956,0.0,-1382.99,0.206,346,1383.02,1.38,,-3.114,-100.0,0.05,-100.0,188,158,0.0,-73.9903
donchian_20,CSCO,M15,1.0,1.5,1.5,True,347,0.0,-132.7655,-132.7655,0.0,-1388.05,0.771,347,1388.05,1.39,,-2.602,-100.0,0.05,-100.0,204,143,0.0,-93.666
donchian_20,HK50.cash,M15,1.0,1.5,1.5,True,320,0.0,-4.5822,-4.5822,0.0,-1320.48,1.671,320,1320.48,1.32,,-2.719,-100.0,0.05,-100.0,198,122,0.0,-4.1567
donchian_20,INTC,D1,1.0,1.5,1.5,True,60,0.0,-21.548,-21.548,0.0,-240.36,0.03,60,240.46,0.24,,-2.952,-100.0,0.05,-100.0,32,28,0.0,-20.0446
donchian_20,INTC,H1,1.0,1.5,1.5,True,351,0.0,-73.7122,-73.7122,0.0,-1402.59,0.209,351,1402.6,1.4,,-2.614,-100.0,0.05,-100.0,199,152,0.0,-69.5595
donchian_20,INTC,M15,1.0,1.5,1.5,True,319,0.0,-135.5554,-135.5554,0.0,-1277.3,0.709,319,1277.3,1.28,,-1.519,-100.0,0.05,-100.0,187,132,0.0,-69.1179
donchian_20,JP225.cash,M15,1.0,1.5,1.5,True,323,0.0,-3.7524,-3.7524,0.0,-1276.15,2.634,323,1276.34,1.28,,-1.902,-100.0,0.05,-100.0,195,128,0.0,-3.2686
donchian_20,MSFT,D1,1.0,1.5,1.5,True,115,0.0,-8.0371,-8.0371,0.0,-451.53,0.036,115,451.65,0.45,,-1.174,-100.0,0.05,-100.0,67,48,0.0,-3.6792
donchian_20,MSFT,H1,1.0,1.5,1.5,True,355,0.0,-10.9928,-10.9928,0.0,-1429.39,0.213,355,1429.39,1.43,,-3.854,-100.0,0.05,-100.0,219,136,0.0,-9.852
donchian_20,MSFT,M15,1.0,1.5,1.5,True,304,0.0,-19.7585,-19.7585,0.0,-1219.65,0.677,304,1219.65,1.22,,-3.503,-100.0,0.05,-100.0,193,111,0.0,-17.6742
donchian_20,NVDA,D1,1.0,1.5,1.5,True,81,0.0,-24.038,-24.038,0.0,-322.71,0.041,81,322.71,0.32,,-1.16,-100.0,0.05,-100.0,50,31,0.0,-5.6673
donchian_20,NVDA,H1,1.0,1.5,1.5,True,359,0.0,-48.8118,-48.8118,0.0,-1439.96,0.215,359,1439.98,1.44,,-1.273,-100.0,0.05,-100.0,221,138,0.0,-15.7843
donchian_20,NVDA,M15,1.0,1.5,1.5,True,296,0.0,-32.7661,-32.7661,0.0,-1187.67,0.659,296,1187.67,1.19,,-3.178,-100.0,0.05,-100.0,180,116,0.0,-29.6597
donchian_20,US2000.cash,H1,1.0,1.5,1.5,True,337,0.0,-3.632,-3.632,0.0,-1416.28,0.677,337,1416.28,1.42,,-2.302,-100.0,0.05,-100.0,214,123,0.0,-3.1549
donchian_20,US2000.cash,M15,1.0,1.5,1.5,True,305,0.0,-6.6769,-6.6769,0.0,-1216.76,2.488,305,1216.97,1.22,,-1.896,-100.0,0.05,-100.0,183,122,0.0,-5.9346
donchian_20,US500.cash,M15,1.0,1.5,1.5,True,301,0.0,-3.8361,-3.8361,0.0,-1206.24,2.455,301,1206.24,1.21,,-1.859,-100.0,0.05,-100.0,180,121,0.0,-3.2999
donchian_55,AMD,D1,1.0,1.5,1.5,True,41,0.0,-5.3636,-5.3636,0.0,-155.85,0.02,41,155.94,0.16,,-2.197,-100.0,0.05,-100.0,23,18,0.0,-3.6342
donchian_55,AMD,H1,1.0,1.5,1.5,True,213,0.0,-14.8802,-14.8802,0.0,-850.37,0.131,213,850.37,0.85,,-2.6,-100.0,0.05,-100.0,128,85,0.0,-12.0467
donchian_55,AMD,M15,1.0,1.5,1.5,True,202,0.0,-22.0721,-22.0721,0.0,-815.56,0.503,202,815.56,0.82,,-2.137,-100.0,0.05,-100.0,124,78,0.0,-16.1604
donchian_55,AMZN,D1,1.0,1.5,1.5,True,59,0.0,-7.6663,-7.6663,0.0,-236.23,0.023,59,236.37,0.24,,-2.406,-100.0,0.05,-100.0,33,26,0.0,-6.4191
donchian_55,AMZN,H1,1.0,1.5,1.5,True,218,0.0,-18.536,-18.536,0.0,-870.11,0.131,218,870.18,0.87,,-3.39,-100.0,0.05,-100.0,127,91,0.0,-15.4346
donchian_55,AMZN,M15,1.0,1.5,1.5,True,183,0.0,-30.8667,-30.8667,0.0,-732.57,0.408,183,732.62,0.73,,-3.464,-100.0,0.05,-100.0,104,79,0.0,-28.4323
donchian_55,AVGO,D1,1.0,1.5,1.5,True,51,0.0,-12.635,-12.635,0.0,-205.47,0.026,51,205.47,0.21,,-1.253,-100.0,0.05,-100.0,31,20,0.0,-3.3845
donchian_55,AVGO,H1,1.0,1.5,1.5,True,240,0.0,-33.2924,-33.2924,0.0,-961.33,0.142,240,961.35,0.96,,-1.137,-100.0,0.05,-100.0,146,94,0.0,-9.2371
donchian_55,AVGO,M15,1.0,1.5,1.5,True,195,0.0,-16.6989,-16.6989,0.0,-790.97,0.433,195,791.17,0.79,,-2.845,-100.0,0.05,-100.0,118,77,0.0,-12.7198
donchian_55,CSCO,D1,1.0,1.5,1.5,True,45,0.0,-27.4961,-27.4961,0.0,-177.47,0.022,45,177.47,0.18,,-3.775,-100.0,0.05,-100.0,24,21,0.0,-23.8755
donchian_55,CSCO,H1,1.0,1.5,1.5,True,225,0.0,-84.2368,-84.2368,0.0,-900.34,0.134,225,900.35,0.9,,-3.171,-100.0,0.05,-100.0,119,106,0.0,-74.7486
donchian_55,CSCO,M15,1.0,1.5,1.5,True,217,0.0,-126.7844,-126.7844,0.0,-867.97,0.482,217,867.97,0.87,,-2.531,-100.0,0.05,-100.0,122,95,0.0,-87.9789
donchian_55,HK50.cash,M15,1.0,1.5,1.5,True,185,0.0,-4.4399,-4.4399,0.0,-764.62,0.966,185,764.62,0.76,,-2.674,-100.0,0.05,-100.0,123,62,0.0,-3.8679
donchian_55,INTC,D1,1.0,1.5,1.5,True,31,0.0,-19.9227,-19.9227,0.0,-122.75,0.016,31,122.99,0.12,,-2.61,-100.0,0.05,-100.0,13,18,0.0,-17.8814
donchian_55,INTC,H1,1.0,1.5,1.5,True,200,0.0,-68.4735,-68.4735,0.0,-798.83,0.119,200,798.83,0.8,,-2.568,-100.0,0.05,-100.0,111,89,0.0,-60.5351
donchian_55,INTC,M15,1.0,1.5,1.5,True,200,0.0,-115.2074,-115.2074,0.0,-801.4,0.444,200,801.4,0.8,,-1.552,-100.0,0.05,-100.0,111,89,0.0,-66.7105
donchian_55,JP225.cash,M15,1.0,1.5,1.5,True,200,0.0,-3.8074,-3.8074,0.0,-791.64,1.631,200,791.77,0.79,,-2.025,-100.0,0.05,-100.0,117,83,0.0,-3.3987
donchian_55,MSFT,D1,1.0,1.5,1.5,True,86,0.0,-8.2979,-8.2979,0.0,-341.16,0.027,86,341.27,0.34,,-1.224,-100.0,0.05,-100.0,51,35,0.0,-3.7795
donchian_55,MSFT,H1,1.0,1.5,1.5,True,230,0.0,-11.4855,-11.4855,0.0,-931.8,0.138,230,931.97,0.93,,-3.999,-100.0,0.05,-100.0,144,86,0.0,-10.2935
donchian_55,MSFT,M15,1.0,1.5,1.5,True,185,0.0,-19.6001,-19.6001,0.0,-745.24,0.412,185,745.38,0.75,,-3.44,-100.0,0.05,-100.0,116,69,0.0,-18.128
donchian_55,NVDA,D1,1.0,1.5,1.5,True,62,0.0,-22.0606,-22.0606,0.0,-247.06,0.031,62,247.09,0.25,,-1.18,-100.0,0.05,-100.0,38,24,0.0,-5.873
donchian_55,NVDA,H1,1.0,1.5,1.5,True,239,0.0,-47.2419,-47.2419,0.0,-959.64,0.143,239,959.66,0.96,,-1.291,-100.0,0.05,-100.0,149,90,0.0,-17.0629
donchian_55,NVDA,M15,1.0,1.5,1.5,True,173,0.0,-33.3184,-33.3184,0.0,-695.17,0.385,173,695.27,0.7,,-3.233,-100.0,0.05,-100.0,101,72,0.0,-30.872
donchian_55,US2000.cash,H1,1.0,1.5,1.5,True,183,0.0,-3.5776,-3.5776,0.0,-765.24,0.368,183,766.09,0.77,,-2.571,-100.0,0.05,-100.0,113,70,0.0,-3.2525
donchian_55,US2000.cash,M15,1.0,1.5,1.5,True,191,0.0,-6.4349,-6.4349,0.0,-773.49,1.558,191,773.49,0.77,,-1.834,-100.0,0.05,-100.0,113,78,0.0,-5.5395
donchian_55,US500.cash,M15,1.0,1.5,1.5,True,181,0.0,-3.8281,-3.8281,0.0,-738.38,1.476,181,738.38,0.74,,-1.87,-100.0,0.05,-100.0,96,85,0.0,-3.5279
rsi_30_70,AMD,H1,1.0,1.5,1.5,True,122,0.0,-16.0205,-16.0205,0.0,-487.8,0.075,122,487.93,0.49,,-2.5,-100.0,0.05,-100.0,81,41,0.0,-12.5011
rsi_30_70,AMD,M15,1.0,1.5,1.5,True,108,0.0,-21.7572,-21.7572,0.0,-440.03,0.269,108,440.06,0.44,,-1.944,-100.0,0.05,-100.0,65,43,0.0,-14.7238
rsi_30_70,AMZN,H1,1.0,1.5,1.5,True,105,0.0,-16.2196,-16.2196,0.0,-421.95,0.063,105,422.04,0.42,,-3.025,-100.0,0.05,-100.0,57,48,0.0,-13.5379
rsi_30_70,AMZN,M15,1.0,1.5,1.5,True,121,0.0,-26.7207,-26.7207,0.0,-486.73,0.269,121,486.88,0.49,,-3.193,-100.0,0.05,-100.0,70,51,0.0,-24.72
rsi_30_70,AVGO,H1,1.0,1.5,1.5,True,104,0.0,-30.7677,-30.7677,0.0,-408.45,0.062,104,408.45,0.41,,-1.215,-100.0,0.05,-100.0,61,43,0.0,-8.4272
rsi_30_70,AVGO,M15,1.0,1.5,1.5,True,109,0.0,-15.3169,-15.3169,0.0,-438.68,0.242,109,438.75,0.44,,-2.623,-100.0,0.05,-100.0,61,48,0.0,-12.0162
rsi_30_70,CSCO,H1,1.0,1.5,1.5,True,102,0.0,-78.506,-78.506,0.0,-407.45,0.061,102,407.45,0.41,,-2.943,-100.0,0.05,-100.0,65,37,0.0,-71.198
rsi_30_70,CSCO,M15,1.0,1.5,1.5,True,97,0.0,-119.3923,-119.3923,0.0,-387.93,0.215,97,387.94,0.39,,-2.727,-100.0,0.05,-100.0,62,35,0.0,-86.7586
rsi_30_70,HK50.cash,M15,1.0,1.5,1.5,True,120,0.0,-4.2737,-4.2737,0.0,-501.96,0.627,120,501.96,0.5,,-2.57,-100.0,0.05,-100.0,75,45,0.0,-3.6544
rsi_30_70,INTC,H1,1.0,1.5,1.5,True,124,0.0,-77.3914,-77.3914,0.0,-497.02,0.074,124,497.02,0.5,,-2.895,-100.0,0.05,-100.0,82,42,0.0,-79.9793
rsi_30_70,INTC,M15,1.0,1.5,1.5,True,120,0.0,-138.0617,-138.0617,0.0,-480.08,0.267,120,480.08,0.48,,-1.625,-100.0,0.05,-100.0,66,54,0.0,-80.0766
rsi_30_70,JP225.cash,M15,1.0,1.5,1.5,True,114,0.0,-3.3227,-3.3227,0.0,-477.5,0.93,114,477.73,0.48,,-2.023,-100.0,0.05,-100.0,68,46,0.0,-2.9822
rsi_30_70,MSFT,H1,1.0,1.5,1.5,True,122,0.0,-9.5087,-9.5087,0.0,-488.79,0.073,122,488.97,0.49,,-3.558,-100.0,0.05,-100.0,71,51,0.0,-8.2549
rsi_30_70,MSFT,M15,1.0,1.5,1.5,True,128,0.0,-18.2881,-18.2881,0.0,-518.4,0.285,128,518.4,0.52,,-3.167,-100.0,0.05,-100.0,66,62,0.0,-16.5326
rsi_30_70,NVDA,H1,1.0,1.5,1.5,True,103,0.0,-41.9546,-41.9546,0.0,-412.17,0.062,103,412.18,0.41,,-1.16,-100.0,0.05,-100.0,57,46,0.0,-12.9876
rsi_30_70,NVDA,M15,1.0,1.5,1.5,True,111,0.0,-26.1834,-26.1834,0.0,-445.6,0.247,111,445.62,0.45,,-3.754,-100.0,0.05,-100.0,57,54,0.0,-25.0543
rsi_30_70,US2000.cash,M15,1.0,1.5,1.5,True,126,0.0,-5.9517,-5.9517,0.0,-518.48,1.028,126,518.48,0.52,,-1.661,-100.0,0.05,-100.0,79,47,0.0,-5.1205
rsi_30_70,US500.cash,M15,1.0,1.5,1.5,True,114,0.0,-3.3217,-3.3217,0.0,-463.44,0.93,114,464.08,0.46,,-1.832,-100.0,0.05,-100.0,76,38,0.0,-2.874
ema_cross_12_26,GBPJPY,D1,1.1,1.5,1.6500000000000001,True,33,72.73,0.4336,0.4336,2.686,2353.24,0.012,2,470.77,0.47,185.0,0.455,47.93,0.05,-34.96,24,9,88.89,0.7784
ema_cross_12_26,USDJPY,D1,1.1,1.5,1.6500000000000001,True,33,66.67,0.2853,0.2853,2.054,1167.96,0.012,3,451.15,0.45,246.0,0.282,36.36,0.05,-72.11,21,12,83.33,0.6563
ema_cross_9_20,GBPJPY,D1,1.1,1.5,1.6500000000000001,True,43,65.12,0.2743,0.2743,1.801,1984.42,0.015,3,804.33,0.8,334.0,0.27,33.4,0.05,-115.1,30,13,92.31,0.8475
ema_cross_9_20,USDSEK,D1,1.1,1.5,1.6500000000000001,True,43,65.12,0.2737,0.2737,1.795,2016.4,0.015,4,665.98,0.66,328.0,0.27,33.4,0.05,-112.1,28,15,66.67,0.3091
ema_cross_9_20,US30.cash,D1,1.1,1.5,1.6500000000000001,True,34,64.71,0.2413,0.2413,1.706,760.79,0.013,4,456.98,0.46,763.0,0.237,32.62,0.05,-332.48,23,11,81.82,0.6045
donchian_55,US100.cash,D1,1.1,1.5,1.6500000000000001,True,50,64.0,0.1619,0.1619,1.453,377.58,0.026,2,202.61,0.2,55.0,0.16,31.27,0.05,22.11,29,21,61.9,0.1232
donchian_55,XAUUSD,D1,1.1,1.5,1.6500000000000001,True,72,63.89,0.2627,0.2627,1.445,6518.56,0.025,3,2862.26,2.75,229.0,0.259,31.06,0.05,-58.14,36,36,58.33,0.149
rsi_30_70,XPDUSD,H1,1.1,1.5,1.6500000000000001,True,54,62.96,0.2357,0.2357,1.443,2880.0,0.109,3,1791.98,1.76,68.2,0.23,29.29,0.05,17.42,23,31,61.29,0.2089
ema_cross_9_20,GER40.cash,D1,1.1,1.5,1.6500000000000001,True,39,61.54,0.1361,0.1361,1.524,407.91,0.013,3,194.7,0.19,226.0,0.13,26.57,0.05,-66.4,22,17,58.82,0.0862
ema_cross_12_26,GBPUSD,D1,1.1,1.5,1.6500000000000001,True,33,60.61,0.1587,0.1587,1.142,359.66,0.012,4,1774.3,1.76,,0.154,24.79,0.05,14.24,23,10,90.0,0.7228
ema_cross_9_20,EURUSD,D1,1.1,1.5,1.6500000000000001,True,38,60.53,0.1651,0.1651,1.176,348.03,0.013,5,1144.54,1.14,989.0,0.159,24.64,0.05,-449.31,24,14,92.86,0.8455
ema_cross_12_26,USDSEK,D1,1.1,1.5,1.6500000000000001,True,38,60.53,0.1773,0.1773,1.32,884.58,0.013,3,929.11,0.92,,0.171,24.64,0.05,15.19,25,13,53.85,0.0395
ema_cross_9_20,EURJPY,D1,1.1,1.5,1.6500000000000001,True,40,60.0,0.1562,0.1562,1.534,1018.91,0.014,3,571.92,0.57,561.0,0.149,23.64,0.05,-235.55,27,13,61.54,0.1996
rsi_30_70,EURUSD,M15,1.1,1.5,1.6500000000000001,True,104,59.62,-0.2176,-0.2176,0.701,-198.28,0.902,3,218.69,0.22,,-0.208,22.9,0.05,-30.0,62,42,59.52,-0.2264
donchian_20,US100.cash,D1,1.1,1.5,1.6500000000000001,True,64,59.38,0.0827,0.0827,1.21,278.14,0.033,3,315.85,0.31,,0.08,22.44,0.05,17.95,36,28,53.57,-0.0217
donchian_55,XAGUSD,D1,1.1,1.5,1.6500000000000001,True,62,58.06,0.1418,0.1418,1.529,9406.15,0.022,4,4667.79,4.57,48.0,0.136,19.94,0.05,15.7,29,33,60.61,0.1984
donchian_55,XAUUSD,H1,1.1,1.5,1.6500000000000001,True,230,57.83,0.1215,0.1215,1.245,5298.18,0.463,11,2240.48,2.12,20.9,0.117,19.49,0.05,27.55,150,80,56.25,0.0989
donchian_20,XAUUSD,D1,1.1,1.5,1.6500000000000001,True,96,57.29,0.1243,0.1243,1.137,3067.28,0.034,5,3157.21,3.06,287.0,0.119,18.47,0.05,-95.41,53,43,53.49,0.0474
donchian_20,XAUUSD,H1,1.1,1.5,1.6500000000000001,True,329,56.84,0.1032,0.1032,1.223,7427.59,0.662,7,3040.67,2.85,9.8,0.099,17.6,0.05,31.93,208,121,52.89,0.0333
rsi_30_70,GBPJPY,H1,1.1,1.5,1.6500000000000001,True,74,56.76,-0.0023,-0.0023,1.051,66.92,0.158,4,340.56,0.34,121.4,-0.002,17.44,0.05,-30.0,43,31,54.84,-0.0511
ema_cross_12_26,EURJPY,D1,1.1,1.5,1.6500000000000001,True,30,56.67,0.0873,0.0873,1.114,204.99,0.011,5,943.62,0.93,,0.082,17.27,0.05,9.46,21,9,44.44,-0.161
ema_pullback_20_50,GBPJPY,D1,1.1,1.5,1.6500000000000001,True,175,56.57,0.0162,0.0162,1.272,2233.52,0.062,6,1059.38,1.04,342.0,0.015,17.09,0.05,-118.39,105,70,65.71,0.2387
rsi_30_70,GER40.cash,H1,1.1,1.5,1.6500000000000001,True,108,56.48,-0.1979,-0.1979,0.712,-270.53,0.211,7,406.33,0.41,,-0.19,16.92,0.05,-30.0,61,47,48.94,-0.3132
ema_cross_9_20,GBPUSD,D1,1.1,1.5,1.6500000000000001,True,39,56.41,0.0912,0.0912,1.177,525.3,0.014,5,1634.95,1.63,,0.087,16.78,0.05,10.48,26,13,76.92,0.5175
rsi_30_70,AUDUSD,H1,1.1,1.5,1.6500000000000001,True,82,56.1,-0.111,-0.111,0.944,-48.11,0.175,4,285.13,0.28,,-0.105,16.19,0.05,-30.0,51,31,51.61,-0.185
ema_cross_12_26,USDCAD,D1,1.1,1.5,1.6500000000000001,True,34,55.88,0.0584,0.0584,1.012,18.76,0.012,3,382.37,0.38,,0.055,15.78,0.05,-30.0,19,15,46.67,-0.1404
ema_cross_9_20,USDJPY,D1,1.1,1.5,1.6500000000000001,True,47,55.32,0.0446,0.0446,1.409,778.22,0.017,4,785.22,0.78,844.0,0.042,14.7,0.05,-381.92,32,15,73.33,0.4445
donchian_55,UK100.cash,D1,1.1,1.5,1.6500000000000001,True,38,55.26,-0.1307,-0.1307,0.825,-67.72,0.012,4,169.93,0.17,,-0.123,14.59,0.05,-30.0,15,23,65.22,0.082
donchian_20,US500.cash,D1,1.1,1.5,1.6500000000000001,True,67,55.22,-0.3839,-0.3839,0.566,-172.33,0.035,5,193.56,0.19,,-0.356,14.52,0.05,-30.0,40,27,51.85,-0.3994
ema_cross_12_26,US30.cash,H1,1.1,1.5,1.6500000000000001,True,127,55.12,-0.171,-0.171,0.752,-342.12,0.255,9,492.67,0.49,,-0.161,14.32,0.05,-30.0,82,45,64.44,0.0678
donchian_55,XPDUSD,D1,1.1,1.5,1.6500000000000001,True,49,55.1,0.0826,0.0826,0.925,-1864.56,0.017,6,9506.83,9.0,,0.078,14.29,0.05,-30.0,35,14,57.14,0.1242
donchian_55,XPTUSD,D1,1.1,1.5,1.6500000000000001,True,49,55.1,0.0788,0.0788,1.168,2025.21,0.017,3,2208.33,2.17,3.0,0.075,14.29,0.05,10.0,27,22,63.64,0.2587
donchian_20,XPDUSD,D1,1.1,1.5,1.6500000000000001,True,80,55.0,0.0805,0.0805,0.887,-4467.84,0.028,5,14073.47,13.32,,0.077,14.09,0.05,-30.0,54,26,61.54,0.216
ema_cross_12_26,XAUUSD,D1,1.1,1.5,1.6500000000000001,True,31,54.84,0.0707,0.0707,1.564,2473.93,0.011,2,1016.06,1.02,9.0,0.066,13.78,0.05,7.67,20,11,63.64,0.2586
donchian_20,XAGUSD,D1,1.1,1.5,1.6500000000000001,True,93,54.84,0.0742,0.0742,1.007,243.84,0.033,4,9590.97,8.73,,0.071,13.78,0.05,-30.0,47,46,54.35,0.0673
rsi_30_70,GBPUSD,H1,1.1,1.5,1.6500000000000001,True,95,54.74,-0.0707,-0.0707,0.878,-180.48,0.202,4,448.59,0.45,,-0.067,13.59,0.05,-30.0,60,35,54.29,-0.0853
donchian_20,US30.cash,D1,1.1,1.5,1.6500000000000001,True,79,54.43,0.0224,0.0224,1.121,320.93,0.03,3,415.5,0.41,,0.021,13.0,0.05,11.56,41,38,52.63,-0.0027
donchian_20,GBPJPY,D1,1.1,1.5,1.6500000000000001,True,85,54.12,0.0406,0.0406,1.1,603.3,0.03,4,1062.06,1.05,,0.039,12.41,0.05,11.44,48,37,51.35,-0.0144
rsi_30_70,AUDUSD,M15,1.1,1.5,1.6500000000000001,True,85,54.12,-0.3055,-0.3055,0.598,-264.19,0.737,7,278.65,0.28,,-0.286,12.41,0.05,-30.0,49,36,61.11,-0.15
donchian_55,GER40.cash,H1,1.1,1.5,1.6500000000000001,True,209,54.07,-0.3435,-0.3435,0.514,-749.22,0.408,5,772.18,0.77,,-0.326,12.31,0.05,-30.0,127,82,53.66,-0.3224
ema_pullback_20_50,XPDUSD,D1,1.1,1.5,1.6500000000000001,True,178,53.93,-0.0074,-0.0074,0.774,-14532.56,0.063,5,17140.13,16.7,,-0.007,12.05,0.05,-30.0,100,78,50.0,-0.0947
donchian_20,GER40.cash,H1,1.1,1.5,1.6500000000000001,True,316,53.48,-0.3516,-0.3516,0.533,-1136.09,0.617,7,1164.77,1.16,,-0.332,11.19,0.05,-30.0,196,120,55.0,-0.2884
donchian_20,UK100.cash,D1,1.1,1.5,1.6500000000000001,True,60,53.33,-0.1516,-0.1516,0.776,-145.87,0.02,5,282.75,0.28,,-0.144,10.91,0.05,-30.0,28,32,53.12,-0.1478
ema_cross_9_20,XAGUSD,D1,1.1,1.5,1.6500000000000001,True,47,53.19,0.0399,0.0399,0.595,-8113.29,0.017,4,11856.84,11.43,,0.038,10.64,0.05,-30.0,25,22,50.0,-0.0234
rsi_30_70,EURJPY,H1,1.1,1.5,1.6500000000000001,True,85,52.94,-0.1285,-0.1285,0.807,-239.84,0.181,7,431.02,0.43,,-0.122,10.16,0.05,-30.0,54,31,61.29,0.0275
donchian_20,US30.cash,H1,1.1,1.5,1.6500000000000001,True,301,52.82,-0.2358,-0.2358,0.701,-928.47,0.605,10,1056.7,1.06,,-0.224,9.94,0.05,-30.0,181,120,52.5,-0.2254
donchian_55,EURUSD,D1,1.1,1.5,1.6500000000000001,True,36,52.78,0.007,0.007,1.166,359.06,0.013,4,442.36,0.44,,0.007,9.85,0.05,5.91,19,17,52.94,0.0093
donchian_20,GER40.cash,D1,1.1,1.5,1.6500000000000001,True,63,52.38,-0.0758,-0.0758,0.866,-213.3,0.021,4,479.69,0.48,,-0.072,9.09,0.05,-30.0,30,33,51.52,-0.1026
rsi_30_70,NZDUSD,M15,1.1,1.5,1.6500000000000001,True,105,52.38,-0.4293,-0.4293,0.469,-353.36,0.91,9,358.8,0.36,,-0.399,9.09,0.05,-30.0,61,44,56.82,-0.318
ema_pullback_20_50,US100.cash,D1,1.1,1.5,1.6500000000000001,True,119,52.1,-0.1614,-0.1614,0.848,-344.14,0.062,6,460.46,0.46,,-0.151,8.56,0.05,-30.0,69,50,54.0,-0.095
rsi_30_70,XPTUSD,H1,1.1,1.5,1.6500000000000001,True,73,52.05,0.0044,0.0044,0.995,-62.57,0.147,6,5219.62,5.06,,0.004,8.47,0.05,-30.0,30,43,53.49,0.047
donchian_20,EURJPY,D1,1.1,1.5,1.6500000000000001,True,81,51.85,-0.0177,-0.0177,1.02,88.98,0.029,5,671.79,0.67,835.0,-0.017,8.08,0.05,-30.0,45,36,52.78,0.0082
donchian_55,GBPJPY,D1,1.1,1.5,1.6500000000000001,True,58,51.72,-0.0106,-0.0106,0.871,-579.33,0.021,6,1354.15,1.34,,-0.01,7.84,0.05,-30.0,29,29,48.28,-0.0809
donchian_55,US30.cash,D1,1.1,1.5,1.6500000000000001,True,58,51.72,-0.0348,-0.0348,0.868,-269.67,0.022,4,762.04,0.76,,-0.033,7.84,0.05,-30.0,27,31,45.16,-0.1577
rsi_30_70,GBPJPY,M15,1.1,1.5,1.6500000000000001,True,91,51.65,-0.2483,-0.2483,0.753,-230.13,0.789,8,317.91,0.32,,-0.231,7.69,0.05,-30.0,57,34,47.06,-0.3823
ema_cross_12_26,XAGUSD,H1,1.1,1.5,1.6500000000000001,True,122,51.64,-0.0075,-0.0075,0.859,-3460.34,0.245,4,7418.48,7.18,,-0.007,7.68,0.05,-30.0,76,46,52.17,0.0224
ema_cross_12_26,USDSEK,M15,1.1,1.5,1.6500000000000001,True,136,51.47,-0.2863,-0.2863,0.673,-407.44,1.179,5,407.44,0.41,,-0.267,7.35,0.05,-30.0,84,52,53.85,-0.2027
ema_cross_9_20,US30.cash,H1,1.1,1.5,1.6500000000000001,True,175,51.43,-0.2618,-0.2618,0.667,-639.68,0.352,9,737.04,0.74,,-0.245,7.27,0.05,-30.0,113,62,56.45,-0.1173
donchian_20,XAGUSD,M15,1.1,1.5,1.6500000000000001,True,288,51.39,0.001,0.001,0.986,-891.71,2.338,6,9339.66,8.72,,0.001,7.2,0.05,-30.0,185,103,49.51,-0.0422
rsi_30_70,XAUUSD,H1,1.1,1.5,1.6500000000000001,True,82,51.22,-0.0077,-0.0077,1.024,376.25,0.165,4,5159.14,5.12,,-0.007,6.87,0.05,-30.0,46,36,50.0,-0.0239
ema_pullback_20_50,XAUUSD,D1,1.1,1.5,1.6500000000000001,True,178,51.12,-0.0695,-0.0695,0.978,-743.62,0.063,9,4521.67,4.42,1541.0,-0.065,6.69,0.05,-30.0,95,83,49.4,-0.1109
ema_cross_9_20,XPTUSD,D1,1.1,1.5,1.6500000000000001,True,45,51.11,-0.0046,-0.0046,0.683,-4146.46,0.016,2,4333.06,4.32,,-0.004,6.67,0.05,-30.0,27,18,61.11,0.2061
ema_pullback_20_50,EURJPY,D1,1.1,1.5,1.6500000000000001,True,180,51.11,-0.1137,-0.1137,0.842,-1287.86,0.064,7,2020.23,2.02,,-0.109,6.67,0.05,-30.0,111,69,55.07,-0.0124
ema_cross_12_26,USDCAD,M15,1.1,1.5,1.6500000000000001,True,143,51.05,-0.6011,-0.6011,0.329,-543.69,1.24,6,562.33,0.56,,-0.555,6.55,0.05,-30.0,88,55,52.73,-0.6059
donchian_55,EURJPY,D1,1.1,1.5,1.6500000000000001,True,57,50.88,-0.0395,-0.0395,0.896,-345.31,0.02,4,675.88,0.67,,-0.037,6.22,0.05,-30.0,27,30,50.0,-0.0522
donchian_55,XAUUSD,M15,1.1,1.5,1.6500000000000001,True,175,50.86,-0.023,-0.023,0.896,-1947.81,1.421,7,4600.8,4.52,,-0.022,6.18,0.05,-30.0,125,50,52.0,0.0032
donchian_55,EURUSD,H1,1.1,1.5,1.6500000000000001,True,179,50.84,-0.1805,-0.1805,0.731,-722.23,0.381,6,882.67,0.88,,-0.172,6.15,0.05,-30.0,113,66,46.97,-0.2964
ema_cross_12_26,XAUUSD,H1,1.1,1.5,1.6500000000000001,True,120,50.83,-0.0189,-0.0189,0.992,-111.9,0.241,5,2331.9,2.28,,-0.018,6.14,0.05,-30.0,71,49,44.9,-0.127
ema_pullback_20_50,XAGUSD,D1,1.1,1.5,1.6500000000000001,True,185,50.81,-0.0817,-0.0817,0.741,-13712.7,0.065,6,16945.44,16.41,,-0.076,6.09,0.05,-30.0,100,85,49.41,-0.0954
ema_cross_12_26,US100.cash,H1,1.1,1.5,1.6500000000000001,True,128,50.78,-0.368,-0.368,0.531,-531.01,0.257,6,553.05,0.55,,-0.345,6.04,0.05,-30.0,78,50,46.0,-0.4067
donchian_20,AUDUSD,D1,1.1,1.5,1.6500000000000001,True,69,50.72,-0.0508,-0.0508,1.044,152.39,0.025,6,921.7,0.91,,-0.048,5.93,0.05,-30.0,40,29,41.38,-0.2594
donchian_20,EURUSD,D1,1.1,1.5,1.6500000000000001,True,71,50.7,-0.0389,-0.0389,0.96,-177.49,0.025,6,1955.16,1.96,,-0.037,5.89,0.05,-30.0,43,28,64.29,0.2461
ema_pullback_20_50,US30.cash,D1,1.1,1.5,1.6500000000000001,True,178,50.56,-0.1685,-0.1685,0.876,-577.82,0.067,5,1229.0,1.23,,-0.158,5.62,0.05,-30.0,102,76,59.21,0.0225
rsi_30_70,EURUSD,H1,1.1,1.5,1.6500000000000001,True,93,50.54,-0.1917,-0.1917,0.722,-364.52,0.198,5,545.89,0.55,,-0.181,5.57,0.05,-30.0,54,39,38.46,-0.4592
rsi_30_70,US100.cash,H1,1.1,1.5,1.6500000000000001,True,111,50.45,-0.321,-0.321,0.622,-389.15,0.223,4,431.76,0.43,,-0.297,5.41,0.05,-30.0,65,46,56.52,-0.1686
ema_cross_12_26,USDJPY,M15,1.1,1.5,1.6500000000000001,True,133,50.38,-0.4576,-0.4576,0.424,-545.81,1.153,7,588.09,0.59,,-0.43,5.26,0.05,-30.0,80,53,56.6,-0.4007
ema_cross_9_20,USDJPY,H1,1.1,1.5,1.6500000000000001,True,153,50.33,-0.1906,-0.1906,0.601,-970.24,0.326,6,1008.42,1.01,,-0.182,5.17,0.05,-30.0,94,59,50.85,-0.204
donchian_55,US30.cash,H1,1.1,1.5,1.6500000000000001,True,163,50.31,-0.2925,-0.2925,0.574,-751.54,0.327,6,820.59,0.82,,-0.278,5.13,0.05,-30.0,99,64,54.69,-0.1878
donchian_55,XAGUSD,M15,1.1,1.5,1.6500000000000001,True,187,50.27,-0.0235,-0.0235,0.991,-339.96,1.518,8,5851.22,5.6,,-0.022,5.06,0.05,-30.0,129,58,48.28,-0.0685
ema_cross_9_20,AUDUSD,D1,1.1,1.5,1.6500000000000001,True,48,50.0,-0.0597,-0.0597,1.01,24.05,0.017,5,754.07,0.75,,-0.056,4.55,0.05,-30.0,25,23,43.48,-0.1977
ema_cross_12_26,EURUSD,D1,1.1,1.5,1.6500000000000001,True,32,50.0,-0.0267,-0.0267,0.948,-95.26,0.011,5,1110.49,1.11,,-0.025,4.55,0.05,-30.0,21,11,72.73,0.5057
ema_cross_12_26,USDCHF,M15,1.1,1.5,1.6500000000000001,True,138,50.0,-0.4412,-0.4412,0.424,-611.19,1.197,7,636.58,0.64,,-0.421,4.55,0.05,-30.0,79,59,45.76,-0.5489
ema_pullback_20_50,AUDUSD,D1,1.1,1.5,1.6500000000000001,True,170,50.0,-0.1347,-0.1347,0.853,-961.34,0.06,6,1553.87,1.55,,-0.128,4.55,0.05,-30.0,95,75,56.0,-0.0045
donchian_20,EU50.cash,D1,1.1,1.5,1.6500000000000001,True,52,50.0,-0.3777,-0.3777,0.43,-239.52,0.027,6,274.94,0.27,,-0.363,4.55,0.05,-30.0,32,20,30.0,-0.7335
donchian_55,EU50.cash,D1,1.1,1.5,1.6500000000000001,True,36,50.0,-0.4277,-0.4277,0.453,-144.75,0.019,3,170.44,0.17,,-0.397,4.55,0.05,-30.0,22,14,35.71,-0.6796
donchian_55,AUDUSD,H1,1.1,1.5,1.6500000000000001,True,197,49.75,-0.2778,-0.2778,0.65,-758.77,0.42,6,785.97,0.79,,-0.262,4.06,0.05,-30.0,104,93,53.76,-0.2071
ema_cross_9_20,USDCAD,M15,1.1,1.5,1.6500000000000001,True,185,49.73,-0.6223,-0.6223,0.312,-705.81,1.604,7,726.02,0.73,,-0.573,4.03,0.05,-30.0,111,74,48.65,-0.7036
ema_cross_9_20,GBPJPY,H1,1.1,1.5,1.6500000000000001,True,175,49.71,-0.1679,-0.1679,0.726,-879.65,0.373,6,1126.56,1.12,,-0.16,4.0,0.05,-30.0,113,62,54.84,-0.068
ema_cross_9_20,US100.cash,H1,1.1,1.5,1.6500000000000001,True,171,49.71,-0.3999,-0.3999,0.485,-794.17,0.344,6,822.55,0.82,,-0.378,3.99,0.05,-30.0,105,66,43.94,-0.4645
donchian_20,EURJPY,H1,1.1,1.5,1.6500000000000001,True,321,49.53,-0.2215,-0.2215,0.655,-1578.63,0.684,7,1631.75,1.63,,-0.211,3.65,0.05,-30.0,189,132,53.79,-0.155
ema_cross_9_20,XPTUSD,M15,1.1,1.5,1.6500000000000001,True,176,49.43,-0.0511,-0.0511,0.981,-363.38,1.429,7,4151.23,4.01,,-0.049,3.46,0.05,-30.0,104,72,44.44,-0.1612
ema_cross_9_20,XAGUSD,M15,1.1,1.5,1.6500000000000001,True,158,49.37,-0.0403,-0.0403,0.998,-78.96,1.283,7,10188.02,9.4,,-0.038,3.34,0.05,-30.0,91,67,47.76,-0.0774
donchian_55,GBPJPY,M15,1.1,1.5,1.6500000000000001,True,201,49.25,-0.3673,-0.3673,0.487,-940.01,1.742,7,956.45,0.96,,-0.349,3.12,0.05,-30.0,116,85,41.18,-0.585
ema_pullback_20_50,XAGUSD,H1,1.1,1.5,1.6500000000000001,True,630,49.21,-0.1237,-0.1237,0.948,-4353.28,1.268,8,12756.88,11.89,,-0.117,3.03,0.05,-30.0,389,241,52.28,-0.0293
donchian_55,GBPUSD,H1,1.1,1.5,1.6500000000000001,True,187,49.2,-0.1882,-0.1882,0.733,-838.53,0.398,7,954.25,0.95,,-0.178,3.01,0.05,-30.0,122,65,47.69,-0.2239
rsi_30_70,GBPUSD,M15,1.1,1.5,1.6500000000000001,True,110,49.09,-0.3455,-0.3455,0.545,-487.9,0.954,6,511.83,0.51,,-0.326,2.81,0.05,-30.0,68,42,57.14,-0.1942
ema_cross_12_26,GBPJPY,M15,1.1,1.5,1.6500000000000001,True,135,48.89,-0.3699,-0.3699,0.51,-619.78,1.17,5,648.49,0.65,,-0.351,2.42,0.05,-30.0,79,56,53.57,-0.323
ema_cross_9_20,USDSEK,M15,1.1,1.5,1.6500000000000001,True,178,48.88,-0.3311,-0.3311,0.563,-797.93,1.543,4,797.93,0.8,,-0.313,2.4,0.05,-30.0,107,71,50.7,-0.2676
ema_cross_9_20,GER40.cash,H1,1.1,1.5,1.6500000000000001,True,176,48.86,-0.421,-0.421,0.477,-836.12,0.343,6,959.55,0.96,,-0.394,2.38,0.05,-30.0,107,69,52.17,-0.3271
ema_cross_9_20,XAUUSD,D1,1.1,1.5,1.6500000000000001,True,43,48.84,-0.053,-0.053,1.104,995.87,0.015,4,2626.7,2.53,,-0.05,2.33,0.05,1.52,28,15,53.33,0.0455
donchian_20,USDJPY,D1,1.1,1.5,1.6500000000000001,True,86,48.84,-0.0879,-0.0879,0.84,-786.65,0.031,3,929.92,0.93,,-0.083,2.33,0.05,-30.0,45,41,48.78,-0.078
ema_cross_9_20,XPDUSD,D1,1.1,1.5,1.6500000000000001,True,41,48.78,-0.0471,-0.0471,0.574,-12501.12,0.014,4,14517.89,14.23,,-0.044,2.22,0.05,-30.0,25,16,50.0,-0.0232
ema_cross_12_26,XPTUSD,D1,1.1,1.5,1.6500000000000001,True,37,48.65,-0.0564,-0.0564,0.742,-2619.6,0.013,5,4803.31,4.7,,-0.053,1.97,0.05,-30.0,21,16,37.5,-0.29
rsi_30_70,XAGUSD,M15,1.1,1.5,1.6500000000000001,True,109,48.62,-0.0549,-0.0549,1.056,1795.54,0.885,5,5255.02,4.93,,-0.052,1.92,0.05,-30.0,57,52,40.38,-0.2311
ema_cross_9_20,EURJPY,H1,1.1,1.5,1.6500000000000001,True,177,48.59,-0.2307,-0.2307,0.608,-1089.29,0.377,7,1284.41,1.28,,-0.22,1.85,0.05,-30.0,109,68,51.47,-0.1895
donchian_55,EURJPY,H1,1.1,1.5,1.6500000000000001,True,212,48.58,-0.2485,-0.2485,0.642,-1051.14,0.452,8,1256.36,1.25,,-0.236,1.84,0.05,-30.0,119,93,48.39,-0.2753
donchian_55,XPTUSD,M15,1.1,1.5,1.6500000000000001,True,173,48.55,-0.0698,-0.0698,0.82,-3590.11,1.404,6,4587.43,4.54,,-0.066,1.79,0.05,-30.0,115,58,41.38,-0.2249
ema_pullback_20_50,XAGUSD,M15,1.1,1.5,1.6500000000000001,True,555,48.47,-0.1269,-0.1269,0.915,-7239.63,4.506,10,13348.39,12.61,,-0.12,1.62,0.05,-30.0,397,158,45.57,-0.1956
ema_cross_12_26,EURJPY,M15,1.1,1.5,1.6500000000000001,True,130,48.46,-0.474,-0.474,0.39,-623.55,1.127,8,633.76,0.63,,-0.453,1.61,0.05,-30.0,82,48,56.25,-0.3719
donchian_20,XAGUSD,H1,1.1,1.5,1.6500000000000001,True,320,48.44,-0.0738,-0.0738,0.895,-6215.92,0.644,5,12621.5,11.91,,-0.07,1.56,0.05,-30.0,187,133,50.38,-0.018
ema_cross_9_20,USDCHF,M15,1.1,1.5,1.6500000000000001,True,186,48.39,-0.4696,-0.4696,0.431,-827.71,1.613,8,867.83,0.87,,-0.44,1.47,0.05,-30.0,112,74,50.0,-0.4467
donchian_55,AUDUSD,M15,1.1,1.5,1.6500000000000001,True,184,48.37,-0.4912,-0.4912,0.37,-913.01,1.596,5,938.08,0.94,,-0.465,1.43,0.05,-30.0,112,72,48.61,-0.4833
ema_pullback_20_50,USDJPY,D1,1.1,1.5,1.6500000000000001,True,166,48.19,-0.1885,-0.1885,0.881,-754.37,0.059,7,1402.75,1.4,,-0.176,1.1,0.05,-30.0,104,62,54.84,-0.0011
ema_cross_12_26,EURJPY,H1,1.1,1.5,1.6500000000000001,True,133,48.12,-0.2372,-0.2372,0.674,-668.65,0.283,6,810.65,0.81,,-0.225,0.96,0.05,-30.0,84,49,53.06,-0.1539
ema_cross_12_26,GER40.cash,H1,1.1,1.5,1.6500000000000001,True,133,48.12,-0.4158,-0.4158,0.459,-702.24,0.259,5,737.32,0.74,,-0.394,0.96,0.05,-30.0,84,49,51.02,-0.3099
ema_pullback_20_50,USDCHF,D1,1.1,1.5,1.6500000000000001,True,158,48.1,-0.1735,-0.1735,0.777,-1759.3,0.056,7,1949.74,1.95,,-0.162,0.92,0.05,-30.0,94,64,48.44,-0.1638
donchian_20,GBPUSD,H1,1.1,1.5,1.6500000000000001,True,306,48.04,-0.2144,-0.2144,0.679,-1684.44,0.652,9,1818.46,1.82,,-0.204,0.8,0.05,-30.0,197,109,45.87,-0.2643
donchian_20,EURUSD,H1,1.1,1.5,1.6500000000000001,True,304,48.03,-0.2484,-0.2484,0.622,-1758.77,0.648,7,1826.51,1.83,,-0.237,0.78,0.05,-30.0,188,116,43.97,-0.3669
donchian_20,AUDUSD,H1,1.1,1.5,1.6500000000000001,True,327,48.01,-0.3077,-0.3077,0.564,-1727.8,0.697,7,1806.84,1.81,,-0.292,0.75,0.05,-30.0,190,137,51.09,-0.251
donchian_20,USDSEK,D1,1.1,1.5,1.6500000000000001,True,75,48.0,-0.0863,-0.0863,0.812,-1354.65,0.027,6,2518.84,2.49,,-0.082,0.73,0.05,-30.0,46,29,41.38,-0.2214
donchian_55,USDCAD,H1,1.1,1.5,1.6500000000000001,True,175,48.0,-0.3511,-0.3511,0.493,-963.49,0.373,7,970.71,0.97,,-0.334,0.73,0.05,-30.0,108,67,49.25,-0.3451
ema_cross_9_20,XAGUSD,H1,1.1,1.5,1.6500000000000001,True,169,47.93,-0.0852,-0.0852,0.941,-1853.4,0.34,5,9952.05,9.29,,-0.081,0.59,0.05,-30.0,107,62,54.84,0.0784
ema_cross_9_20,NZDUSD,D1,1.1,1.5,1.6500000000000001,True,48,47.92,-0.0859,-0.0859,0.952,-111.17,0.017,4,707.59,0.7,,-0.082,0.57,0.05,-30.0,26,22,40.91,-0.2112
ema_cross_9_20,XAUUSD,H1,1.1,1.5,1.6500000000000001,True,167,47.9,-0.0816,-0.0816,0.838,-3614.76,0.336,5,5923.35,5.8,,-0.078,0.54,0.05,-30.0,102,65,46.15,-0.1032
donchian_55,AUDUSD,D1,1.1,1.5,1.6500000000000001,True,44,47.73,-0.1265,-0.1265,0.817,-446.07,0.016,4,1061.3,1.06,,-0.121,0.21,0.05,-30.0,21,23,39.13,-0.3263
rsi_30_70,EURJPY,M15,1.1,1.5,1.6500000000000001,True,88,47.73,-0.4135,-0.4135,0.469,-471.29,0.763,8,538.34,0.54,,-0.387,0.21,0.05,-30.0,59,29,48.28,-0.483
donchian_20,USDJPY,M15,1.1,1.5,1.6500000000000001,True,321,47.66,-0.5207,-0.5207,0.357,-1581.81,2.783,10,1605.72,1.61,,-0.495,0.08,0.05,-30.0,198,123,47.97,-0.5936
donchian_20,XPTUSD,D1,1.1,1.5,1.6500000000000001,True,84,47.62,-0.0781,-0.0781,0.8,-4692.0,0.03,5,7294.09,7.19,,-0.074,-0.0,0.05,-100.0,52,32,56.25,0.1037
donchian_55,GBPUSD,D1,1.1,1.5,1.6500000000000001,True,42,47.62,-0.0937,-0.0937,0.858,-524.56,0.015,4,1035.08,1.04,,-0.088,-0.0,0.05,-100.0,19,23,52.17,-0.0017
donchian_20,GBPJPY,H1,1.1,1.5,1.6500000000000001,True,306,47.39,-0.2248,-0.2248,0.666,-1848.27,0.652,7,1969.58,1.97,,-0.214,-0.45,0.05,-100.0,175,131,48.09,-0.2229
donchian_20,GBPUSD,D1,1.1,1.5,1.6500000000000001,True,76,47.37,-0.0979,-0.0979,0.795,-1458.68,0.027,6,2832.51,2.82,,-0.093,-0.48,0.05,-100.0,45,31,61.29,0.1906
donchian_55,FRA40.cash,D1,1.1,1.5,1.6500000000000001,True,38,47.37,-0.3261,-0.3261,0.544,-193.3,0.02,7,248.58,0.25,,-0.306,-0.48,0.05,-100.0,23,15,20.0,-0.8875
ema_cross_12_26,USDCNH,H1,1.1,1.5,1.6500000000000001,True,131,47.33,-0.6027,-0.6027,0.368,-585.61,0.279,6,593.06,0.59,,-0.558,-0.56,0.05,-100.0,81,50,40.0,-0.7938
ema_cross_9_20,USDJPY,M15,1.1,1.5,1.6500000000000001,True,186,47.31,-0.5194,-0.5194,0.399,-839.58,1.613,6,885.16,0.89,,-0.486,-0.59,0.05,-100.0,113,73,46.58,-0.6008
ema_pullback_20_50,XPTUSD,D1,1.1,1.5,1.6500000000000001,True,195,47.18,-0.1509,-0.1509,0.767,-8630.32,0.069,7,9302.82,9.24,,-0.143,-0.84,0.05,-100.0,124,71,47.89,-0.1251
rsi_30_70,USDSEK,H1,1.1,1.5,1.6500000000000001,True,106,47.17,-0.1992,-0.1992,0.7,-714.97,0.226,9,963.46,0.96,,-0.189,-0.86,0.05,-100.0,67,39,51.28,-0.1367
donchian_20,NZDUSD,D1,1.1,1.5,1.6500000000000001,True,70,47.14,-0.1061,-0.1061,0.893,-394.19,0.025,4,1223.18,1.21,,-0.101,-0.91,0.05,-100.0,45,25,36.0,-0.3184
rsi_30_70,XAUUSD,M15,1.1,1.5,1.6500000000000001,True,104,47.12,-0.0955,-0.0955,0.923,-1262.03,0.844,8,5008.0,4.84,,-0.091,-0.96,0.05,-100.0,50,54,37.04,-0.3094
ema_cross_12_26,XPTUSD,M15,1.1,1.5,1.6500000000000001,True,138,47.1,-0.1,-0.1,0.889,-1720.13,1.12,5,3994.01,3.91,,-0.095,-0.99,0.05,-100.0,89,49,42.86,-0.1934
donchian_20,XPTUSD,M15,1.1,1.5,1.6500000000000001,True,300,47.0,-0.1028,-0.1028,0.804,-6899.27,2.435,8,8250.18,8.15,,-0.098,-1.18,0.05,-100.0,189,111,44.14,-0.1679
ema_cross_9_20,AUDUSD,M15,1.1,1.5,1.6500000000000001,True,183,46.99,-0.5143,-0.5143,0.412,-835.19,1.587,6,852.61,0.85,,-0.481,-1.19,0.05,-100.0,113,70,41.43,-0.6051
ema_pullback_20_50,USDCAD,D1,1.1,1.5,1.6500000000000001,True,198,46.97,-0.2195,-0.2195,0.703,-2322.34,0.07,6,2693.16,2.69,,-0.207,-1.24,0.05,-100.0,112,86,53.49,-0.0894
donchian_55,XAGUSD,H1,1.1,1.5,1.6500000000000001,True,226,46.9,-0.1062,-0.1062,0.714,-12148.98,0.455,7,13267.37,13.19,,-0.101,-1.37,0.05,-100.0,131,95,47.37,-0.0828
ema_cross_9_20,NZDUSD,M15,1.1,1.5,1.6500000000000001,True,177,46.89,-0.6032,-0.6032,0.323,-824.05,1.535,7,831.86,0.83,,-0.565,-1.39,0.05,-100.0,103,74,45.95,-0.6553
rsi_30_70,NZDUSD,H1,1.1,1.5,1.6500000000000001,True,96,46.88,-0.3425,-0.3425,0.612,-408.12,0.205,6,617.88,0.62,,-0.321,-1.42,0.05,-100.0,54,42,42.86,-0.4366
ema_cross_12_26,EURUSD,H1,1.1,1.5,1.6500000000000001,True,126,46.83,-0.2772,-0.2772,0.614,-733.68,0.268,6,812.14,0.81,,-0.263,-1.52,0.05,-100.0,77,49,46.94,-0.3138
ema_pullback_20_50,EURJPY,H1,1.1,1.5,1.6500000000000001,True,662,46.83,-0.4415,-0.4415,0.566,-3164.71,1.411,8,3269.0,3.27,,-0.403,-1.51,0.05,-100.0,392,270,47.78,-0.4433
ema_cross_9_20,USDCNH,H1,1.1,1.5,1.6500000000000001,True,169,46.75,-0.6246,-0.6246,0.329,-808.44,0.36,9,821.71,0.82,,-0.583,-1.67,0.05,-100.0,107,62,37.1,-0.8807
ema_pullback_20_50,XAUUSD,H1,1.1,1.5,1.6500000000000001,True,681,46.7,-0.1816,-0.1816,0.768,-14143.84,1.37,7,14479.66,14.47,,-0.172,-1.76,0.05,-100.0,427,254,44.49,-0.2042
ema_cross_9_20,USDCAD,D1,1.1,1.5,1.6500000000000001,True,45,46.67,-0.1344,-0.1344,0.669,-844.23,0.016,4,924.76,0.92,,-0.127,-1.82,0.05,-100.0,25,20,40.0,-0.2809
donchian_20,FRA40.cash,D1,1.1,1.5,1.6500000000000001,True,58,46.55,-0.3271,-0.3271,0.525,-340.58,0.03,7,340.58,0.34,,-0.309,-2.04,0.05,-100.0,36,22,27.27,-0.7174
rsi_30_70,USDSEK,M15,1.1,1.5,1.6500000000000001,True,86,46.51,-0.3458,-0.3458,0.527,-497.63,0.746,8,605.99,0.61,,-0.33,-2.11,0.05,-100.0,55,31,58.06,-0.0683
ema_cross_9_20,GBPUSD,H1,1.1,1.5,1.6500000000000001,True,157,46.5,-0.2478,-0.2478,0.642,-975.51,0.335,7,1259.78,1.26,,-0.236,-2.14,0.05,-100.0,88,69,31.88,-0.5593
rsi_30_70,EURGBP,M15,1.1,1.5,1.6500000000000001,True,84,46.43,-0.6233,-0.6233,0.284,-406.56,0.728,9,419.06,0.42,,-0.597,-2.27,0.05,-100.0,53,31,45.16,-0.6937
ema_pullback_20_50,GER40.cash,D1,1.1,1.5,1.6500000000000001,True,153,46.41,-0.312,-0.312,0.593,-1271.66,0.052,7,1425.05,1.42,,-0.291,-2.32,0.05,-100.0,76,77,49.35,-0.257
rsi_30_70,USDCAD,M15,1.1,1.5,1.6500000000000001,True,97,46.39,-0.7162,-0.7162,0.267,-435.9,0.841,8,450.86,0.45,,-0.664,-2.34,0.05,-100.0,52,45,44.44,-0.821
ema_cross_12_26,XPTUSD,H1,1.1,1.5,1.6500000000000001,True,138,46.38,-0.1232,-0.1232,1.083,1170.96,0.277,8,2875.54,2.88,61.9,-0.117,-2.37,0.05,-100.0,85,53,52.83,0.0297
donchian_20,USDCAD,D1,1.1,1.5,1.6500000000000001,True,80,46.25,-0.1441,-0.1441,0.746,-1070.77,0.028,4,1300.12,1.3,,-0.137,-2.61,0.05,-100.0,46,34,38.24,-0.317
ema_cross_12_26,NZDUSD,D1,1.1,1.5,1.6500000000000001,True,39,46.15,-0.1155,-0.1155,0.813,-378.5,0.014,4,760.05,0.76,,-0.11,-2.8,0.05,-100.0,20,19,42.11,-0.1726
donchian_20,HK50.cash,D1,1.1,1.5,1.6500000000000001,True,52,46.15,-0.524,-0.524,0.322,-269.05,0.026,6,281.22,0.28,,-0.507,-2.8,0.05,-100.0,24,28,50.0,-0.4429
donchian_20,XAUUSD,M15,1.1,1.5,1.6500000000000001,True,302,46.03,-0.124,-0.124,0.812,-6577.89,2.452,9,9430.89,9.3,,-0.118,-3.04,0.05,-100.0,199,103,46.6,-0.112
ema_pullback_20_50,XPTUSD,M15,1.1,1.5,1.6500000000000001,True,576,46.01,-0.1941,-0.1941,0.844,-7505.18,4.676,9,8332.54,8.26,,-0.184,-3.08,0.05,-100.0,395,181,41.99,-0.3007
donchian_20,AUDUSD,M15,1.1,1.5,1.6500000000000001,True,319,45.77,-0.5577,-0.5577,0.339,-1685.57,2.766,7,1700.05,1.7,,-0.528,-3.53,0.05,-100.0,195,124,46.77,-0.5318
donchian_55,GBPUSD,M15,1.1,1.5,1.6500000000000001,True,177,45.76,-0.4183,-0.4183,0.482,-976.36,1.535,8,976.36,0.98,,-0.395,-3.54,0.05,-100.0,92,85,49.41,-0.3432
ema_cross_12_26,XAGUSD,D1,1.1,1.5,1.6500000000000001,True,35,45.71,-0.1172,-0.1172,0.391,-10990.11,0.012,4,12288.77,12.13,,-0.11,-3.64,0.05,-100.0,21,14,35.71,-0.323
ema_pullback_20_50,USDCNH,D1,1.1,1.5,1.6500000000000001,True,46,45.65,-0.3517,-0.3517,0.598,-423.0,0.054,7,489.51,0.49,,-0.337,-3.75,0.05,-100.0,40,6,0.0,-1.2641
donchian_20,US100.cash,H1,1.1,1.5,1.6500000000000001,True,333,45.65,-0.5254,-0.5254,0.415,-1672.76,0.669,12,1693.39,1.69,,-0.493,-3.77,0.05,-100.0,205,128,48.44,-0.4197
ema_pullback_20_50,USDSEK,D1,1.1,1.5,1.6500000000000001,True,149,45.64,-0.204,-0.204,0.844,-1684.71,0.053,6,3303.89,3.25,,-0.193,-3.78,0.05,-100.0,79,70,42.86,-0.2609
ema_pullback_20_50,GBPJPY,H1,1.1,1.5,1.6500000000000001,True,643,45.57,-0.407,-0.407,0.583,-3772.9,1.37,9,3857.7,3.85,,-0.38,-3.92,0.05,-100.0,341,302,45.03,-0.4329
ema_pullback_20_50,XAUUSD,M15,1.1,1.5,1.6500000000000001,True,593,45.36,-0.2186,-0.2186,0.832,-7436.88,4.815,11,10186.17,9.93,,-0.208,-4.31,0.05,-100.0,392,201,43.78,-0.2685
ema_cross_9_20,NZDUSD,H1,1.1,1.5,1.6500000000000001,True,170,45.29,-0.3794,-0.3794,0.545,-873.77,0.362,6,977.86,0.98,,-0.358,-4.44,0.05,-100.0,104,66,37.88,-0.5375
ema_cross_12_26,GBPUSD,H1,1.1,1.5,1.6500000000000001,True,135,45.19,-0.2723,-0.2723,0.609,-961.15,0.288,5,1112.13,1.11,,-0.26,-4.65,0.05,-100.0,79,56,41.07,-0.3592
ema_cross_9_20,USDCHF,H1,1.1,1.5,1.6500000000000001,True,184,45.11,-0.3108,-0.3108,0.557,-1296.78,0.392,5,1311.86,1.31,,-0.297,-4.79,0.05,-100.0,109,75,40.0,-0.4328
donchian_55,USDJPY,H1,1.1,1.5,1.6500000000000001,True,204,45.1,-0.3205,-0.3205,0.557,-1329.38,0.435,5,1347.67,1.35,,-0.305,-4.81,0.05,-100.0,109,95,47.37,-0.2994
ema_pullback_20_50,USDJPY,H1,1.1,1.5,1.6500000000000001,True,575,45.04,-0.4872,-0.4872,0.501,-3407.07,1.225,7,3458.12,3.46,,-0.443,-4.92,0.05,-100.0,309,266,44.36,-0.5417
ema_cross_12_26,XAUUSD,M15,1.1,1.5,1.6500000000000001,True,129,44.96,-0.1455,-0.1455,0.76,-3836.38,1.047,8,5214.21,5.18,,-0.139,-5.07,0.05,-100.0,74,55,47.27,-0.0977
ema_pullback_20_50,GBPJPY,M15,1.1,1.5,1.6500000000000001,True,665,44.96,-0.6525,-0.6525,0.401,-2813.3,5.764,12,2816.49,2.82,,-0.562,-5.07,0.05,-100.0,372,293,42.66,-0.7487
ema_cross_9_20,XPTUSD,H1,1.1,1.5,1.6500000000000001,True,167,44.91,-0.1542,-0.1542,1.007,124.74,0.336,6,4056.1,4.06,124.0,-0.147,-5.17,0.05,-100.0,103,64,56.25,0.1013
ema_cross_12_26,GBPJPY,H1,1.1,1.5,1.6500000000000001,True,145,44.83,-0.2714,-0.2714,0.597,-1165.84,0.309,6,1321.8,1.32,,-0.259,-5.33,0.05,-100.0,90,55,43.64,-0.3054
ema_cross_12_26,XPDUSD,M15,1.1,1.5,1.6500000000000001,True,145,44.83,-0.1536,-0.1536,0.735,-3823.9,1.177,6,4325.93,4.31,,-0.147,-5.33,0.05,-100.0,89,56,42.86,-0.2026
donchian_20,GBPJPY,M15,1.1,1.5,1.6500000000000001,True,326,44.79,-0.4599,-0.4599,0.415,-1903.5,2.826,8,1939.63,1.94,,-0.44,-5.41,0.05,-100.0,190,136,45.59,-0.4924
rsi_30_70,XPTUSD,M15,1.1,1.5,1.6500000000000001,True,94,44.68,-0.1463,-0.1463,0.725,-4457.08,0.763,5,5592.0,5.55,,-0.139,-5.61,0.05,-100.0,50,44,45.45,-0.1367
ema_pullback_20_50,GBPUSD,H1,1.1,1.5,1.6500000000000001,True,524,44.66,-0.4372,-0.4372,0.606,-2888.56,1.117,9,2988.37,2.99,,-0.4,-5.66,0.05,-100.0,327,197,40.61,-0.4834
ema_cross_9_20,GBPJPY,M15,1.1,1.5,1.6500000000000001,True,175,44.57,-0.4583,-0.4583,0.425,-1033.45,1.517,8,1061.35,1.06,,-0.437,-5.82,0.05,-100.0,101,74,50.0,-0.3907
ema_cross_12_26,NZDUSD,M15,1.1,1.5,1.6500000000000001,True,137,44.53,-0.6634,-0.6634,0.277,-703.02,1.188,7,703.6,0.7,,-0.623,-5.91,0.05,-100.0,81,56,44.64,-0.6899
ema_pullback_20_50,EURUSD,H1,1.1,1.5,1.6500000000000001,True,546,44.51,-0.4739,-0.4739,0.611,-2593.64,1.163,10,2748.46,2.75,,-0.428,-5.94,0.05,-100.0,327,219,42.47,-0.5549
ema_cross_12_26,US30.cash,M15,1.1,1.5,1.6500000000000001,True,126,44.44,-0.6036,-0.6036,0.327,-596.25,1.028,9,603.47,0.6,,-0.566,-6.06,0.05,-100.0,80,46,43.48,-0.6091
ema_pullback_20_50,GBPUSD,D1,1.1,1.5,1.6500000000000001,True,180,44.44,-0.2354,-0.2354,0.777,-2500.35,0.064,6,3095.25,3.08,,-0.222,-6.06,0.05,-100.0,98,82,43.9,-0.2498
rsi_30_70,USDJPY,M15,1.1,1.5,1.6500000000000001,True,81,44.44,-0.4891,-0.4891,0.334,-606.57,0.702,9,631.21,0.63,,-0.473,-6.06,0.05,-100.0,45,36,55.56,-0.3142
donchian_20,USDJPY,H1,1.1,1.5,1.6500000000000001,True,329,44.38,-0.3285,-0.3285,0.54,-2336.6,0.701,9,2346.81,2.35,,-0.314,-6.19,0.05,-100.0,188,141,46.81,-0.3014
ema_cross_12_26,USDCAD,H1,1.1,1.5,1.6500000000000001,True,124,44.35,-0.4247,-0.4247,0.419,-857.9,0.264,5,915.61,0.92,,-0.406,-6.23,0.05,-100.0,87,37,54.05,-0.2389
ema_cross_9_20,GER40.cash,M15,1.1,1.5,1.6500000000000001,True,167,44.31,-0.7386,-0.7386,0.239,-742.65,1.257,6,750.84,0.75,,-0.664,-6.31,0.05,-100.0,104,63,52.38,-0.5234
donchian_20,USDCHF,D1,1.1,1.5,1.6500000000000001,True,70,44.29,-0.1707,-0.1707,0.704,-1596.73,0.025,6,1903.51,1.9,,-0.162,-6.36,0.05,-100.0,44,26,50.0,-0.051
rsi_30_70,US30.cash,M15,1.1,1.5,1.6500000000000001,True,122,44.26,-0.6074,-0.6074,0.409,-542.53,0.995,8,544.95,0.54,,-0.549,-6.41,0.05,-100.0,80,42,42.86,-0.5839
donchian_20,USDCAD,H1,1.1,1.5,1.6500000000000001,True,312,44.23,-0.4316,-0.4316,0.461,-1848.09,0.665,12,1876.75,1.88,,-0.412,-6.47,0.05,-100.0,193,119,43.7,-0.4592
ema_cross_9_20,US2000.cash,D1,1.1,1.5,1.6500000000000001,True,43,44.19,-0.7071,-0.7071,0.25,-172.38,0.015,7,193.51,0.19,,-0.643,-6.55,0.05,-100.0,27,16,50.0,-0.6519
ema_cross_12_26,USDJPY,H1,1.1,1.5,1.6500000000000001,True,120,44.17,-0.3227,-0.3227,0.477,-1080.73,0.256,5,1156.44,1.16,,-0.31,-6.59,0.05,-100.0,69,51,49.02,-0.2437
ema_cross_12_26,NZDUSD,H1,1.1,1.5,1.6500000000000001,True,136,44.12,-0.4067,-0.4067,0.5,-790.43,0.29,5,881.93,0.88,,-0.386,-6.68,0.05,-100.0,86,50,44.0,-0.4161
ema_cross_12_26,AUDUSD,H1,1.1,1.5,1.6500000000000001,True,143,44.06,-0.3851,-0.3851,0.489,-959.02,0.305,5,1055.33,1.05,,-0.368,-6.8,0.05,-100.0,92,51,37.25,-0.519
donchian_20,USDSEK,M15,1.1,1.5,1.6500000000000001,True,311,44.05,-0.4187,-0.4187,0.493,-1816.48,2.696,8,1837.55,1.84,,-0.397,-6.81,0.05,-100.0,185,126,42.86,-0.4267
donchian_55,US100.cash,H1,1.1,1.5,1.6500000000000001,True,216,43.98,-0.5962,-0.5962,0.339,-1178.83,0.434,7,1221.27,1.22,,-0.565,-6.94,0.05,-100.0,131,85,45.88,-0.5035
ema_pullback_20_50,UK100.cash,D1,1.1,1.5,1.6500000000000001,True,148,43.92,-0.5394,-0.5394,0.487,-658.76,0.049,8,672.34,0.67,,-0.477,-7.06,0.05,-100.0,76,72,50.0,-0.4193
donchian_55,GER40.cash,D1,1.1,1.5,1.6500000000000001,True,41,43.9,-0.2452,-0.2452,0.583,-506.78,0.014,6,566.66,0.57,,-0.233,-7.1,0.05,-100.0,17,24,50.0,-0.1163
donchian_55,GBPJPY,H1,1.1,1.5,1.6500000000000001,True,196,43.88,-0.3003,-0.3003,0.569,-1599.96,0.418,7,1708.89,1.71,,-0.287,-7.14,0.05,-100.0,105,91,41.76,-0.357
ema_pullback_20_50,NZDUSD,D1,1.1,1.5,1.6500000000000001,True,171,43.86,-0.2621,-0.2621,0.647,-2621.2,0.061,6,2793.12,2.79,,-0.252,-7.18,0.05,-100.0,103,68,41.18,-0.3317
ema_pullback_20_50,EURUSD,D1,1.1,1.5,1.6500000000000001,True,162,43.83,-0.2586,-0.2586,0.794,-1578.4,0.058,8,2354.77,2.35,,-0.244,-7.24,0.05,-100.0,83,79,44.3,-0.2512
rsi_30_70,XPDUSD,M15,1.1,1.5,1.6500000000000001,True,89,43.82,-0.1714,-0.1714,0.662,-3837.09,0.722,5,4253.65,4.25,,-0.164,-7.25,0.05,-100.0,51,38,52.63,0.0045
donchian_20,NZDUSD,H1,1.1,1.5,1.6500000000000001,True,304,43.75,-0.4137,-0.4137,0.511,-1732.71,0.648,8,1753.35,1.75,,-0.393,-7.39,0.05,-100.0,178,126,41.27,-0.4765
donchian_20,US30.cash,M15,1.1,1.5,1.6500000000000001,True,272,43.75,-0.6005,-0.6005,0.36,-1284.3,2.219,8,1308.33,1.31,,-0.56,-7.39,0.05,-100.0,155,117,47.86,-0.475
ema_cross_9_20,EURUSD,H1,1.1,1.5,1.6500000000000001,True,167,43.71,-0.3399,-0.3399,0.548,-1216.48,0.356,6,1343.97,1.34,,-0.325,-7.46,0.05,-100.0,101,66,39.39,-0.4646
rsi_30_70,US30.cash,H1,1.1,1.5,1.6500000000000001,True,110,43.64,-0.377,-0.377,0.495,-818.35,0.221,7,846.27,0.85,,-0.358,-7.6,0.05,-100.0,59,51,43.14,-0.3867
ema_cross_12_26,AUDUSD,D1,1.1,1.5,1.6500000000000001,True,39,43.59,-0.2009,-0.2009,0.785,-480.21,0.014,4,840.43,0.84,,-0.191,-7.69,0.05,-100.0,23,16,37.5,-0.3376
rsi_30_70,XAGUSD,H1,1.1,1.5,1.6500000000000001,True,78,43.59,-0.1673,-0.1673,0.701,-8526.27,0.157,10,11973.71,11.9,,-0.16,-7.69,0.05,-100.0,40,38,36.84,-0.2974
donchian_20,GBPUSD,M15,1.1,1.5,1.6500000000000001,True,296,43.58,-0.4801,-0.4801,0.415,-1850.61,2.567,9,1857.61,1.86,,-0.459,-7.71,0.05,-100.0,170,126,46.83,-0.411
donchian_20,EURJPY,M15,1.1,1.5,1.6500000000000001,True,324,43.52,-0.5866,-0.5866,0.327,-1819.45,2.81,10,1819.45,1.82,,-0.559,-7.83,0.05,-100.0,191,133,43.61,-0.6458
ema_cross_9_20,EURJPY,M15,1.1,1.5,1.6500000000000001,True,175,43.43,-0.5842,-0.5842,0.346,-960.1,1.517,10,988.02,0.99,,-0.553,-8.0,0.05,-100.0,104,71,46.48,-0.5782
ema_cross_9_20,US30.cash,M15,1.1,1.5,1.6500000000000001,True,157,43.31,-0.599,-0.599,0.341,-726.97,1.281,7,733.13,0.73,,-0.563,-8.22,0.05,-100.0,97,60,41.67,-0.5907
ema_pullback_20_50,XPTUSD,H1,1.1,1.5,1.6500000000000001,True,679,43.3,-0.2533,-0.2533,0.691,-19280.56,1.365,11,19746.88,19.72,,-0.242,-8.25,0.05,-100.0,425,254,43.7,-0.223
rsi_30_70,USDCHF,H1,1.1,1.5,1.6500000000000001,True,104,43.27,-0.3281,-0.3281,0.535,-889.08,0.222,4,1043.57,1.04,,-0.313,-8.3,0.05,-100.0,67,37,48.65,-0.2361
ema_pullback_20_50,USDCAD,H1,1.1,1.5,1.6500000000000001,True,590,43.22,-0.675,-0.675,0.429,-2801.63,1.257,13,2934.45,2.93,,-0.573,-8.4,0.05,-100.0,336,254,43.7,-0.6693
rsi_30_70,USDCHF,M15,1.1,1.5,1.6500000000000001,True,81,43.21,-0.4903,-0.4903,0.383,-520.06,0.702,6,558.85,0.56,,-0.47,-8.42,0.05,-100.0,47,34,44.12,-0.4817
ema_pullback_20_50,US30.cash,H1,1.1,1.5,1.6500000000000001,True,438,43.15,-0.656,-0.656,0.663,-1354.56,0.88,9,1461.12,1.46,,-0.528,-8.53,0.05,-100.0,264,174,42.53,-0.6328
ema_pullback_20_50,USDCHF,H1,1.1,1.5,1.6500000000000001,True,559,43.11,-0.5101,-0.5101,0.427,-4402.44,1.191,8,4417.52,4.42,,-0.475,-8.6,0.05,-100.0,314,245,45.31,-0.4839
ema_pullback_20_50,FRA40.cash,D1,1.1,1.5,1.6500000000000001,True,130,43.08,-0.6215,-0.6215,0.394,-744.2,0.067,6,855.07,0.85,,-0.557,-8.67,0.05,-100.0,80,50,42.0,-0.6408
ema_pullback_20_50,US500.cash,D1,1.1,1.5,1.6500000000000001,True,114,42.98,-0.7093,-0.7093,0.374,-415.43,0.059,8,429.51,0.43,,-0.583,-8.85,0.05,-100.0,59,55,47.27,-0.532
donchian_20,XPDUSD,M15,1.1,1.5,1.6500000000000001,True,284,42.96,-0.1928,-0.1928,0.706,-8404.02,2.305,8,8940.6,8.91,,-0.185,-8.9,0.05,-100.0,182,102,38.24,-0.2986
ema_cross_9_20,AUDUSD,H1,1.1,1.5,1.6500000000000001,True,184,42.93,-0.4116,-0.4116,0.484,-1235.07,0.392,6,1322.73,1.32,,-0.393,-8.94,0.05,-100.0,114,70,40.0,-0.468
ema_pullback_20_50,XPDUSD,H1,1.1,1.5,1.6500000000000001,True,615,42.93,-0.2649,-0.2649,0.652,-19432.28,1.237,10,19708.92,19.66,,-0.253,-8.96,0.05,-100.0,385,230,41.74,-0.2607
donchian_55,NZDUSD,H1,1.1,1.5,1.6500000000000001,True,184,42.93,-0.4311,-0.4311,0.528,-998.87,0.392,18,1188.04,1.19,,-0.408,-8.94,0.05,-100.0,102,82,35.37,-0.6092
ema_cross_9_20,FRA40.cash,D1,1.1,1.5,1.6500000000000001,True,35,42.86,-0.3822,-0.3822,0.43,-293.41,0.018,6,318.67,0.32,,-0.365,-9.09,0.05,-100.0,19,16,31.25,-0.6236
ema_cross_12_26,AUDUSD,M15,1.1,1.5,1.6500000000000001,True,140,42.86,-0.5886,-0.5886,0.314,-828.47,1.214,7,839.8,0.84,,-0.565,-9.09,0.05,-100.0,89,51,39.22,-0.632
donchian_20,NZDUSD,M15,1.1,1.5,1.6500000000000001,True,313,42.81,-0.7048,-0.7048,0.258,-1704.03,2.714,12,1727.57,1.73,,-0.673,-9.18,0.05,-100.0,203,110,41.82,-0.7253
donchian_20,USDCAD,M15,1.1,1.5,1.6500000000000001,True,299,42.81,-0.745,-0.745,0.241,-1467.41,2.593,8,1475.59,1.48,,-0.698,-9.18,0.05,-100.0,182,117,44.44,-0.7655
donchian_55,XPDUSD,H1,1.1,1.5,1.6500000000000001,True,201,42.79,-0.1967,-0.1967,0.72,-6554.28,0.404,7,6658.33,6.65,,-0.189,-9.23,0.05,-100.0,118,83,43.37,-0.1725
ema_pullback_20_50,EURGBP,D1,1.1,1.5,1.6500000000000001,True,171,42.69,-0.3036,-0.3036,0.634,-3164.14,0.061,11,3483.96,3.48,,-0.288,-9.41,0.05,-100.0,101,70,44.29,-0.2956
ema_pullback_20_50,USDSEK,H1,1.1,1.5,1.6500000000000001,True,546,42.67,-0.4381,-0.4381,0.516,-4800.8,1.163,10,4847.41,4.85,,-0.412,-9.44,0.05,-100.0,293,253,41.9,-0.4832
ema_cross_9_20,XPDUSD,H1,1.1,1.5,1.6500000000000001,True,183,42.62,-0.2006,-0.2006,0.766,-4735.5,0.368,7,5380.99,5.37,,-0.192,-9.54,0.05,-100.0,118,65,44.62,-0.1436
donchian_55,NZDUSD,M15,1.1,1.5,1.6500000000000001,True,188,42.55,-0.7138,-0.7138,0.261,-1011.69,1.63,7,1028.7,1.03,,-0.687,-9.67,0.05,-100.0,118,70,38.57,-0.781
donchian_55,NZDUSD,D1,1.1,1.5,1.6500000000000001,True,40,42.5,-0.2171,-0.2171,0.709,-695.24,0.014,4,1031.59,1.03,,-0.206,-9.77,0.05,-100.0,25,15,33.33,-0.412
ema_pullback_20_50,NZDUSD,H1,1.1,1.5,1.6500000000000001,True,546,42.49,-0.6543,-0.6543,0.459,-2705.88,1.163,8,2753.57,2.75,,-0.578,-9.79,0.05,-100.0,335,211,41.71,-0.648
donchian_55,EURUSD,M15,1.1,1.5,1.6500000000000001,True,165,42.42,-0.5747,-0.5747,0.35,-1007.76,1.431,8,1017.27,1.02,,-0.549,-9.92,0.05,-100.0,89,76,44.74,-0.5218
donchian_55,USDJPY,D1,1.1,1.5,1.6500000000000001,True,59,42.37,-0.2252,-0.2252,0.629,-1366.06,0.021,5,1390.67,1.39,,-0.215,-10.02,0.05,-100.0,30,29,41.38,-0.2361
donchian_55,US30.cash,M15,1.1,1.5,1.6500000000000001,True,170,42.35,-0.613,-0.613,0.336,-938.37,1.387,11,982.83,0.98,,-0.576,-10.05,0.05,-100.0,92,78,42.31,-0.5632
ema_cross_12_26,XAGUSD,M15,1.1,1.5,1.6500000000000001,True,137,42.34,-0.188,-0.188,0.728,-9752.02,1.112,5,12977.28,12.66,,-0.18,-10.09,0.05,-100.0,79,58,41.38,-0.2112
donchian_55,EURJPY,M15,1.1,1.5,1.6500000000000001,True,189,42.33,-0.6238,-0.6238,0.296,-1103.91,1.639,16,1107.33,1.11,,-0.595,-10.1,0.05,-100.0,101,88,37.5,-0.7851
ema_cross_9_20,EURGBP,H1,1.1,1.5,1.6500000000000001,True,182,42.31,-0.4552,-0.4552,0.4,-1285.7,0.388,8,1325.25,1.32,,-0.443,-10.14,0.05,-100.0,105,77,44.16,-0.4339
rsi_30_70,GER40.cash,M15,1.1,1.5,1.6500000000000001,True,104,42.31,-0.7086,-0.7086,0.311,-466.89,0.783,5,467.23,0.47,,-0.648,-10.14,0.05,-100.0,61,43,46.51,-0.5791
ema_cross_12_26,XPDUSD,H1,1.1,1.5,1.6500000000000001,True,142,42.25,-0.2087,-0.2087,0.789,-3225.94,0.286,6,5070.89,5.06,,-0.2,-10.24,0.05,-100.0,92,50,50.0,-0.0301
donchian_20,USDCHF,M15,1.1,1.5,1.6500000000000001,True,322,42.24,-0.5816,-0.5816,0.333,-1965.08,2.792,10,1970.38,1.97,,-0.558,-10.28,0.05,-100.0,198,124,41.13,-0.6183
donchian_55,USDSEK,D1,1.1,1.5,1.6500000000000001,True,45,42.22,-0.2071,-0.2071,0.641,-1775.52,0.016,4,2178.22,2.17,,-0.198,-10.3,0.05,-100.0,29,16,37.5,-0.3023
ema_cross_9_20,XAUUSD,M15,1.1,1.5,1.6500000000000001,True,166,42.17,-0.2046,-0.2046,0.747,-5175.51,1.348,8,5887.33,5.86,,-0.197,-10.41,0.05,-100.0,94,72,40.28,-0.2438
ema_pullback_20_50,AUDUSD,H1,1.1,1.5,1.6500000000000001,True,607,42.17,-0.6151,-0.6151,0.458,-3195.49,1.293,8,3232.8,3.23,,-0.552,-10.39,0.05,-100.0,338,269,44.98,-0.5465
ema_pullback_20_50,XPDUSD,M15,1.1,1.5,1.6500000000000001,True,626,42.17,-0.2879,-0.2879,0.608,-18455.08,5.08,9,18598.95,18.6,,-0.275,-10.4,0.05,-100.0,411,215,40.47,-0.3431
ema_cross_9_20,US100.cash,M15,1.1,1.5,1.6500000000000001,True,152,42.11,-0.7167,-0.7167,0.271,-589.96,1.24,12,607.95,0.61,,-0.645,-10.53,0.05,-100.0,99,53,47.17,-0.7033
donchian_55,US500.cash,D1,1.1,1.5,1.6500000000000001,True,57,42.11,-0.6577,-0.6577,0.275,-310.78,0.03,9,328.16,0.33,,-0.626,-10.53,0.05,-100.0,32,25,44.0,-0.5133
rsi_30_70,USDJPY,H1,1.1,1.5,1.6500000000000001,True,114,42.11,-0.3466,-0.3466,0.515,-1054.01,0.243,5,1110.77,1.11,,-0.334,-10.53,0.05,-100.0,78,36,47.22,-0.2661
rsi_30_70,EURGBP,H1,1.1,1.5,1.6500000000000001,True,88,42.05,-0.4459,-0.4459,0.457,-574.67,0.188,6,623.15,0.62,,-0.424,-10.64,0.05,-100.0,58,30,43.33,-0.4328
donchian_20,XPTUSD,H1,1.1,1.5,1.6500000000000001,True,310,41.94,-0.2168,-0.2168,0.694,-12077.64,0.623,13,12161.26,12.15,,-0.209,-10.85,0.05,-100.0,188,122,45.08,-0.1334
donchian_20,XPDUSD,H1,1.1,1.5,1.6500000000000001,True,307,41.69,-0.2193,-0.2193,0.722,-10074.5,0.617,8,10301.93,10.28,,-0.211,-11.31,0.05,-100.0,181,126,44.44,-0.1485
donchian_20,JP225.cash,D1,1.1,1.5,1.6500000000000001,True,60,41.67,-0.7841,-0.7841,0.208,-272.54,0.02,6,284.76,0.28,,-0.736,-11.36,0.05,-100.0,32,28,39.29,-0.7287
ema_cross_9_20,XPDUSD,M15,1.1,1.5,1.6500000000000001,True,183,41.53,-0.2219,-0.2219,0.711,-5430.46,1.485,7,6820.76,6.77,,-0.214,-11.62,0.05,-100.0,111,72,38.89,-0.2848
ema_cross_9_20,EURGBP,D1,1.1,1.5,1.6500000000000001,True,51,41.18,-0.244,-0.244,0.659,-1157.55,0.018,8,1662.6,1.66,,-0.234,-12.3,0.05,-100.0,31,20,40.0,-0.2791
donchian_20,EURUSD,M15,1.1,1.5,1.6500000000000001,True,294,41.16,-0.6339,-0.6339,0.32,-1806.7,2.549,12,1808.8,1.81,,-0.605,-12.34,0.05,-100.0,172,122,40.98,-0.6316
ema_cross_9_20,GBPUSD,M15,1.1,1.5,1.6500000000000001,True,175,41.14,-0.5533,-0.5533,0.377,-1145.07,1.517,7,1164.72,1.16,,-0.53,-12.36,0.05,-100.0,106,69,49.28,-0.3995
donchian_55,XPDUSD,M15,1.1,1.5,1.6500000000000001,True,175,41.14,-0.2298,-0.2298,0.622,-7234.72,1.42,7,7660.38,7.64,,-0.222,-12.36,0.05,-100.0,122,53,33.96,-0.3863
ema_cross_12_26,EURGBP,H1,1.1,1.5,1.6500000000000001,True,141,41.13,-0.4919,-0.4919,0.404,-958.87,0.3,6,982.91,0.98,,-0.474,-12.38,0.05,-100.0,81,60,40.0,-0.5396
rsi_30_70,US100.cash,M15,1.1,1.5,1.6500000000000001,True,115,40.87,-0.7553,-0.7553,0.26,-545.9,0.938,10,549.31,0.55,,-0.701,-12.89,0.05,-100.0,77,38,36.84,-0.8245
donchian_20,GER40.cash,M15,1.1,1.5,1.6500000000000001,True,299,40.8,-0.8089,-0.8089,0.262,-1313.47,2.251,13,1336.58,1.34,,-0.716,-13.01,0.05,-100.0,180,119,46.22,-0.564
ema_pullback_20_50,USDSEK,M15,1.1,1.5,1.6500000000000001,True,581,40.79,-0.6821,-0.6821,0.401,-3324.75,5.037,11,3333.32,3.33,,-0.592,-13.03,0.05,-100.0,326,255,40.78,-0.6809
ema_cross_12_26,GER40.cash,M15,1.1,1.5,1.6500000000000001,True,135,40.74,-0.7724,-0.7724,0.244,-588.9,1.016,5,596.59,0.6,,-0.702,-13.13,0.05,-100.0,86,49,46.94,-0.6392
donchian_55,US2000.cash,D1,1.1,1.5,1.6500000000000001,True,54,40.74,-0.8451,-0.8451,0.189,-242.94,0.019,7,246.8,0.25,,-0.769,-13.13,0.05,-100.0,27,27,40.74,-0.8419
ema_cross_9_20,USDSEK,H1,1.1,1.5,1.6500000000000001,True,177,40.68,-0.3546,-0.3546,0.476,-2091.13,0.377,13,2150.94,2.15,,-0.344,-13.25,0.05,-100.0,105,72,43.06,-0.3138
ema_cross_12_26,US2000.cash,D1,1.1,1.5,1.6500000000000001,True,32,40.62,-0.7439,-0.7439,0.235,-132.04,0.011,6,151.41,0.15,,-0.667,-13.35,0.05,-100.0,21,11,54.55,-0.5353
donchian_55,EURGBP,D1,1.1,1.5,1.6500000000000001,True,32,40.62,-0.2545,-0.2545,0.646,-797.63,0.011,6,1326.73,1.32,,-0.242,-13.35,0.05,-100.0,20,12,33.33,-0.4193
ema_cross_12_26,USDCHF,H1,1.1,1.5,1.6500000000000001,True,138,40.58,-0.4054,-0.4054,0.431,-1383.07,0.294,5,1412.93,1.41,,-0.393,-13.44,0.05,-100.0,84,54,46.3,-0.2979
donchian_55,USDJPY,M15,1.1,1.5,1.6500000000000001,True,210,40.48,-0.673,-0.673,0.274,-1282.64,1.821,8,1282.64,1.28,,-0.648,-13.64,0.05,-100.0,129,81,37.04,-0.8109
donchian_20,USDCNH,H1,1.1,1.5,1.6500000000000001,True,288,40.28,-0.7443,-0.7443,0.286,-1617.94,0.614,9,1617.94,1.62,,-0.705,-14.02,0.05,-100.0,179,109,39.45,-0.8073
ema_cross_9_20,USDCAD,H1,1.1,1.5,1.6500000000000001,True,169,40.24,-0.5152,-0.5152,0.371,-1329.32,0.36,6,1358.87,1.36,,-0.497,-14.09,0.05,-100.0,110,59,35.59,-0.6487
donchian_55,USDCHF,M15,1.1,1.5,1.6500000000000001,True,207,40.1,-0.6312,-0.6312,0.315,-1344.21,1.795,9,1347.8,1.35,,-0.605,-14.36,0.05,-100.0,125,82,40.24,-0.6359
ema_cross_12_26,US100.cash,M15,1.1,1.5,1.6500000000000001,True,125,40.0,-0.7608,-0.7608,0.235,-518.4,1.02,12,533.77,0.53,,-0.693,-14.55,0.05,-100.0,83,42,42.86,-0.726
rsi_30_70,USDCAD,H1,1.1,1.5,1.6500000000000001,True,105,40.0,-0.5003,-0.5003,0.395,-866.89,0.224,8,918.52,0.92,,-0.479,-14.55,0.05,-100.0,54,51,41.18,-0.5151
ema_pullback_20_50,EURGBP,H1,1.1,1.5,1.6500000000000001,True,487,39.84,-0.6607,-0.6607,0.412,-3038.57,1.038,11,3040.15,3.04,,-0.597,-14.86,0.05,-100.0,288,199,37.69,-0.7577
donchian_20,US2000.cash,D1,1.1,1.5,1.6500000000000001,True,83,39.76,-0.7765,-0.7765,0.213,-364.12,0.029,6,372.96,0.37,,-0.723,-15.01,0.05,-100.0,43,40,35.0,-0.9514
donchian_20,EURGBP,H1,1.1,1.5,1.6500000000000001,True,300,39.67,-0.5033,-0.5033,0.404,-2267.57,0.639,11,2267.57,2.27,,-0.488,-15.18,0.05,-100.0,193,107,38.32,-0.557
donchian_55,USDCAD,D1,1.1,1.5,1.6500000000000001,True,43,39.53,-0.2873,-0.2873,0.585,-1033.43,0.015,5,1234.47,1.23,,-0.276,-15.43,0.05,-100.0,23,20,40.0,-0.2841
donchian_20,EURGBP,D1,1.1,1.5,1.6500000000000001,True,66,39.39,-0.2819,-0.2819,0.613,-1735.31,0.023,11,2323.88,2.31,,-0.273,-15.7,0.05,-100.0,38,28,39.29,-0.2936
donchian_55,GER40.cash,M15,1.1,1.5,1.6500000000000001,True,183,39.34,-0.8499,-0.8499,0.268,-809.77,1.378,8,828.96,0.83,,-0.743,-15.8,0.05,-100.0,108,75,44.0,-0.564
donchian_20,US100.cash,M15,1.1,1.5,1.6500000000000001,True,278,39.21,-0.7316,-0.7316,0.27,-1055.23,2.267,9,1055.23,1.06,,-0.674,-16.06,0.05,-100.0,162,116,46.55,-0.6209
donchian_55,EURGBP,M15,1.1,1.5,1.6500000000000001,True,151,39.07,-0.8368,-0.8368,0.19,-896.92,1.309,10,898.08,0.9,,-0.803,-16.32,0.05,-100.0,90,61,31.15,-1.0475
donchian_55,USDSEK,M15,1.1,1.5,1.6500000000000001,True,192,39.06,-0.5141,-0.5141,0.403,-1486.83,1.665,8,1503.41,1.5,,-0.496,-16.34,0.05,-100.0,109,83,37.35,-0.5464
donchian_55,XPTUSD,H1,1.1,1.5,1.6500000000000001,True,209,38.76,-0.2841,-0.2841,0.53,-13791.92,0.42,10,13791.92,13.79,,-0.277,-16.92,0.05,-100.0,126,83,38.55,-0.2718
ema_cross_12_26,GBPUSD,M15,1.1,1.5,1.6500000000000001,True,141,38.3,-0.6093,-0.6093,0.35,-1007.18,1.223,7,1026.11,1.03,,-0.594,-17.79,0.05,-100.0,89,52,40.38,-0.5765
ema_pullback_20_50,GBPUSD,M15,1.1,1.5,1.6500000000000001,True,506,38.14,-0.8017,-0.8017,0.341,-3011.4,4.388,13,3016.46,3.02,,-0.682,-18.09,0.05,-100.0,294,212,41.51,-0.7575
rsi_30_70,USDCNH,H1,1.1,1.5,1.6500000000000001,True,116,37.93,-0.7345,-0.7345,0.239,-830.48,0.247,8,851.29,0.85,,-0.712,-18.5,0.05,-100.0,64,52,36.54,-0.8312
donchian_55,USDCAD,M15,1.1,1.5,1.6500000000000001,True,182,37.91,-0.83,-0.83,0.194,-1031.77,1.578,9,1032.35,1.03,,-0.799,-18.53,0.05,-100.0,110,72,44.44,-0.7671
rsi_30_70,FRA40.cash,H1,1.1,1.5,1.6500000000000001,True,103,37.86,-0.9198,-0.9198,0.173,-384.55,0.148,6,386.83,0.39,,-0.822,-18.62,0.05,-100.0,61,42,40.48,-0.9044
donchian_55,JP225.cash,D1,1.1,1.5,1.6500000000000001,True,37,37.84,-0.8506,-0.8506,0.159,-192.3,0.012,8,195.49,0.2,,-0.803,-18.67,0.05,-100.0,17,20,40.0,-0.7199
donchian_55,US100.cash,M15,1.1,1.5,1.6500000000000001,True,178,37.64,-0.7636,-0.7636,0.267,-695.78,1.452,13,695.78,0.7,,-0.704,-19.05,0.05,-100.0,90,88,43.18,-0.6394
donchian_20,USDCHF,H1,1.1,1.5,1.6500000000000001,True,303,37.62,-0.468,-0.468,0.432,-3000.62,0.646,8,3003.83,3.0,,-0.458,-19.08,0.05,-100.0,178,125,40.0,-0.4305
donchian_55,USDCHF,D1,1.1,1.5,1.6500000000000001,True,40,37.5,-0.3144,-0.3144,0.514,-1679.18,0.014,5,1679.18,1.68,,-0.306,-19.32,0.05,-100.0,27,13,46.15,-0.1353
ema_pullback_20_50,US100.cash,H1,1.1,1.5,1.6500000000000001,True,454,37.44,-0.8709,-0.8709,0.469,-1720.69,0.912,15,1826.26,1.83,,-0.664,-19.42,0.05,-100.0,275,179,43.02,-0.6736
ema_cross_9_20,EURGBP,M15,1.1,1.5,1.6500000000000001,True,187,37.43,-0.8687,-0.8687,0.2,-1003.4,1.622,7,1012.34,1.01,,-0.813,-19.45,0.05,-100.0,103,84,30.95,-1.0456
ema_cross_12_26,USDSEK,H1,1.1,1.5,1.6500000000000001,True,139,37.41,-0.4215,-0.4215,0.432,-1879.05,0.296,10,1921.27,1.92,,-0.415,-19.49,0.05,-100.0,87,52,36.54,-0.4485
ema_pullback_20_50,EURJPY,M15,1.1,1.5,1.6500000000000001,True,591,37.39,-0.8928,-0.8928,0.289,-2614.53,5.125,9,2615.43,2.62,,-0.725,-19.52,0.05,-100.0,324,267,35.58,-0.968
ema_pullback_20_50,GER40.cash,H1,1.1,1.5,1.6500000000000001,True,548,37.23,-0.8512,-0.8512,0.38,-2300.38,1.069,11,2352.08,2.35,,-0.701,-19.84,0.05,-100.0,344,204,36.76,-0.8493
donchian_55,EURGBP,H1,1.1,1.5,1.6500000000000001,True,164,37.2,-0.5399,-0.5399,0.389,-1405.4,0.349,8,1405.4,1.41,,-0.526,-19.9,0.05,-100.0,110,54,33.33,-0.6498
ema_pullback_20_50,EU50.cash,D1,1.1,1.5,1.6500000000000001,True,140,37.14,-0.8206,-0.8206,0.244,-760.81,0.073,9,775.36,0.78,,-0.725,-20.0,0.05,-100.0,72,68,38.24,-0.8134
donchian_20,USDSEK,H1,1.1,1.5,1.6500000000000001,True,310,36.77,-0.43,-0.43,0.435,-4322.94,0.661,10,4322.94,4.32,,-0.424,-20.7,0.05,-100.0,176,134,36.57,-0.448
ema_cross_12_26,EURGBP,D1,1.1,1.5,1.6500000000000001,True,41,36.59,-0.3404,-0.3404,0.534,-1355.4,0.015,10,1889.56,1.89,,-0.332,-21.06,0.05,-100.0,25,16,43.75,-0.1992
donchian_55,USDCHF,H1,1.1,1.5,1.6500000000000001,True,162,36.42,-0.4918,-0.4918,0.418,-1648.29,0.345,9,1657.89,1.66,,-0.484,-21.38,0.05,-100.0,92,70,42.86,-0.3687
ema_pullback_20_50,USDCHF,M15,1.1,1.5,1.6500000000000001,True,536,36.19,-0.893,-0.893,0.286,-2855.2,4.648,11,2877.24,2.88,,-0.73,-21.81,0.05,-100.0,309,227,36.12,-0.8955
donchian_55,USDSEK,H1,1.1,1.5,1.6500000000000001,True,156,35.9,-0.4431,-0.4431,0.429,-2272.2,0.332,12,2277.55,2.28,,-0.437,-22.38,0.05,-100.0,82,74,33.78,-0.5008
ema_cross_9_20,EURUSD,M15,1.1,1.5,1.6500000000000001,True,184,35.33,-0.7907,-0.7907,0.25,-1287.36,1.596,11,1289.28,1.29,,-0.773,-23.47,0.05,-100.0,114,70,37.14,-0.7628
ema_cross_12_26,USDCHF,D1,1.1,1.5,1.6500000000000001,True,40,35.0,-0.3654,-0.3654,0.523,-1644.1,0.014,6,2001.34,2.0,,-0.359,-24.09,0.05,-100.0,27,13,23.08,-0.6177
donchian_55,USDCNH,H1,1.1,1.5,1.6500000000000001,True,144,34.72,-0.8581,-0.8581,0.251,-913.5,0.307,8,913.5,0.91,,-0.826,-24.62,0.05,-100.0,91,53,32.08,-0.9238
ema_cross_9_20,USDCHF,D1,1.1,1.5,1.6500000000000001,True,49,34.69,-0.3715,-0.3715,0.515,-2052.45,0.017,10,2480.21,2.47,,-0.367,-24.68,0.05,-100.0,33,16,25.0,-0.5753
donchian_20,EURGBP,M15,1.1,1.5,1.6500000000000001,True,265,34.34,-0.9264,-0.9264,0.163,-1649.93,2.298,12,1651.55,1.65,,-0.9,-25.35,0.05,-100.0,163,102,27.45,-1.0873
ema_cross_12_26,EURUSD,M15,1.1,1.5,1.6500000000000001,True,142,33.8,-0.8043,-0.8043,0.228,-1092.6,1.231,7,1094.7,1.09,,-0.799,-26.38,0.05,-100.0,89,53,32.08,-0.8451
ema_cross_12_26,EURGBP,M15,1.1,1.5,1.6500000000000001,True,160,33.75,-0.9511,-0.9511,0.166,-933.42,1.387,10,942.45,0.94,,-0.917,-26.48,0.05,-100.0,91,69,31.88,-0.9855
ema_pullback_20_50,USDJPY,M15,1.1,1.5,1.6500000000000001,True,618,32.36,-0.9945,-0.9945,0.253,-2952.94,5.359,15,2964.26,2.96,,-0.771,-29.13,0.05,-100.0,383,235,25.11,-1.2269
ema_pullback_20_50,EURUSD,M15,1.1,1.5,1.6500000000000001,True,484,31.4,-1.0551,-1.0551,0.247,-2746.14,4.197,15,2780.06,2.78,,-0.853,-30.95,0.05,-100.0,303,181,33.15,-0.9685
ema_pullback_20_50,HK50.cash,D1,1.1,1.5,1.6500000000000001,True,128,31.25,-1.042,-1.042,0.129,-665.22,0.065,12,665.22,0.67,,-0.922,-31.25,0.05,-100.0,53,75,34.67,-0.9937
ema_pullback_20_50,AUDUSD,M15,1.1,1.5,1.6500000000000001,True,615,31.06,-1.014,-1.014,0.253,-3055.97,5.333,11,3055.97,3.06,,-0.808,-31.62,0.05,-100.0,403,212,29.25,-1.0836
ema_pullback_20_50,USDCNH,H1,1.1,1.5,1.6500000000000001,True,472,29.87,-1.1365,-1.1365,0.28,-2168.89,1.006,21,2224.87,2.22,,-0.843,-33.88,0.05,-100.0,304,168,27.38,-1.2345
rsi_30_70,UK100.cash,H1,1.1,1.5,1.6500000000000001,True,75,29.33,-0.9763,-0.9763,0.182,-303.11,0.146,14,310.23,0.31,,-0.869,-34.91,0.05,-100.0,37,38,42.11,-0.7909
ema_cross_9_20,FRA40.cash,H1,1.1,1.5,1.6500000000000001,True,185,27.03,-0.9905,-0.9905,0.088,-789.94,0.266,13,791.33,0.79,,-0.935,-39.31,0.05,-100.0,107,78,29.49,-0.9527
ema_pullback_20_50,NZDUSD,M15,1.1,1.5,1.6500000000000001,True,581,26.51,-1.1688,-1.1688,0.184,-2970.13,5.038,18,2982.45,2.98,,-0.949,-40.31,0.05,-100.0,396,185,21.62,-1.2688
ema_pullback_20_50,USDCAD,M15,1.1,1.5,1.6500000000000001,True,578,26.47,-1.2887,-1.2887,0.197,-2589.8,5.012,16,2589.8,2.59,,-0.924,-40.37,0.05,-100.0,337,241,25.31,-1.367
ema_pullback_20_50,US30.cash,M15,1.1,1.5,1.6500000000000001,True,428,25.47,-1.4835,-1.4835,0.301,-2172.67,3.491,26,2211.45,2.21,,-0.826,-42.29,0.05,-100.0,255,173,28.32,-1.4704
ema_cross_12_26,FRA40.cash,H1,1.1,1.5,1.6500000000000001,True,150,24.67,-1.0639,-1.0639,0.068,-680.47,0.216,15,681.85,0.68,,-1.014,-43.82,0.05,-100.0,85,65,24.62,-1.0136
rsi_30_70,USDCNH,M15,1.1,1.5,1.6500000000000001,True,114,23.68,-1.2046,-1.2046,0.09,-573.85,0.988,18,573.85,0.57,,-1.114,-45.69,0.05,-100.0,76,38,26.32,-1.0958
ema_cross_12_26,UK100.cash,H1,1.1,1.5,1.6500000000000001,True,146,23.29,-1.0512,-1.0512,0.098,-614.68,0.285,24,619.86,0.62,,-0.97,-46.45,0.05,-100.0,96,50,42.0,-0.7925
donchian_20,FRA40.cash,H1,1.1,1.5,1.6500000000000001,True,322,22.98,-1.0945,-1.0945,0.06,-1391.52,0.463,19,1393.23,1.39,,-1.007,-47.04,0.05,-100.0,194,128,28.91,-0.9459
ema_pullback_20_50,JP225.cash,D1,1.1,1.5,1.6500000000000001,True,136,22.79,-1.5038,-1.5038,0.12,-592.02,0.045,43,603.62,0.6,,-1.008,-47.39,0.05,-100.0,82,54,42.59,-0.8567
ema_cross_9_20,UK100.cash,H1,1.1,1.5,1.6500000000000001,True,181,22.1,-1.0952,-1.0952,0.089,-773.42,0.353,56,776.66,0.78,,-0.994,-48.72,0.05,-100.0,111,70,38.57,-0.8764
ema_pullback_20_50,EURGBP,M15,1.1,1.5,1.6500000000000001,True,539,22.08,-1.3984,-1.3984,0.146,-2979.22,4.674,15,2984.81,2.98,,-1.06,-48.76,0.05,-100.0,345,194,23.2,-1.4179
ema_pullback_20_50,US2000.cash,D1,1.1,1.5,1.6500000000000001,True,195,21.54,-1.4576,-1.4576,0.117,-812.58,0.069,39,812.58,0.81,,-0.981,-49.79,0.05,-100.0,109,86,24.42,-1.1015
ema_pullback_20_50,GER40.cash,M15,1.1,1.5,1.6500000000000001,True,400,21.5,-1.6004,-1.6004,0.224,-1555.24,3.012,48,1616.19,1.62,,-0.918,-49.86,0.05,-100.0,327,73,28.77,-1.198
ema_pullback_20_50,US100.cash,M15,1.1,1.5,1.6500000000000001,True,505,19.8,-1.7768,-1.7768,0.191,-2170.51,4.119,17,2171.68,2.17,,-0.919,-53.11,0.05,-100.0,253,252,21.03,-1.7998
donchian_55,FRA40.cash,H1,1.1,1.5,1.6500000000000001,True,192,19.27,-1.1996,-1.1996,0.048,-892.89,0.276,20,894.38,0.89,,-1.115,-54.12,0.05,-100.0,116,76,21.05,-1.1011
ema_cross_9_20,USDCNH,M15,1.1,1.5,1.6500000000000001,True,189,19.05,-1.4011,-1.4011,0.071,-879.02,1.638,23,879.02,0.88,,-1.187,-54.55,0.05,-100.0,111,78,23.08,-1.2307
donchian_20,USDCNH,M15,1.1,1.5,1.6500000000000001,True,283,18.73,-1.3605,-1.3605,0.068,-1365.37,2.452,55,1365.37,1.37,,-1.197,-55.16,0.05,-100.0,156,127,22.05,-1.2373
donchian_20,UK100.cash,H1,1.1,1.5,1.6500000000000001,True,344,18.02,-1.2524,-1.2524,0.069,-1559.93,0.671,58,1561.74,1.56,,-1.131,-56.5,0.05,-100.0,217,127,31.5,-0.9958
donchian_55,USDCNH,M15,1.1,1.5,1.6500000000000001,True,160,17.5,-1.3452,-1.3452,0.069,-830.72,1.386,36,830.72,0.83,,-1.236,-57.5,0.05,-100.0,84,76,17.11,-1.309
ema_cross_12_26,USDCNH,M15,1.1,1.5,1.6500000000000001,True,143,17.48,-1.3688,-1.3688,0.072,-660.07,1.239,33,660.07,0.66,,-1.181,-57.53,0.05,-100.0,80,63,22.22,-1.1817
donchian_55,UK100.cash,H1,1.1,1.5,1.6500000000000001,True,218,17.43,-1.223,-1.223,0.059,-964.14,0.426,81,964.14,0.96,,-1.113,-57.63,0.05,-100.0,138,80,28.75,-0.9824
rsi_30_70,EU50.cash,H1,1.1,1.5,1.6500000000000001,True,94,14.89,-1.2959,-1.2959,0.101,-340.83,0.135,24,345.61,0.35,,-1.086,-62.48,0.05,-100.0,55,39,17.95,-1.2617
ema_pullback_20_50,UK100.cash,H1,1.1,1.5,1.6500000000000001,True,602,13.29,-2.2383,-2.2383,0.085,-2397.29,1.175,40,2397.29,2.4,,-1.154,-65.54,0.05,-100.0,372,230,22.17,-1.8167
ema_pullback_20_50,FRA40.cash,H1,1.1,1.5,1.6500000000000001,True,533,12.95,-1.9268,-1.9268,0.086,-2163.72,0.766,40,2167.44,2.17,,-1.172,-66.19,0.05,-100.0,303,230,10.43,-1.766
rsi_30_70,US500.cash,H1,1.1,1.5,1.6500000000000001,True,109,11.93,-1.454,-1.454,0.033,-417.72,0.219,24,417.72,0.42,,-1.158,-68.14,0.05,-100.0,59,50,12.0,-1.285
ema_pullback_20_50,USDCNH,M15,1.1,1.5,1.6500000000000001,True,559,11.45,-2.265,-2.265,0.055,-2548.86,4.844,79,2548.86,2.55,,-1.166,-69.05,0.05,-100.0,319,240,11.25,-2.1646
ema_cross_12_26,EU50.cash,H1,1.1,1.5,1.6500000000000001,True,140,10.71,-1.3568,-1.3568,0.039,-536.88,0.201,33,537.74,0.54,,-1.205,-70.45,0.05,-100.0,84,56,16.07,-1.1517
rsi_30_70,UK100.cash,M15,1.1,1.5,1.6500000000000001,True,101,9.9,-1.5977,-1.5977,0.017,-472.46,0.779,26,473.35,0.47,,-1.415,-72.01,0.05,-100.0,49,52,9.62,-1.5834
ema_cross_9_20,EU50.cash,H1,1.1,1.5,1.6500000000000001,True,177,9.6,-1.3997,-1.3997,0.049,-691.81,0.255,38,693.46,0.69,,-1.225,-72.57,0.05,-100.0,101,76,14.47,-1.2452
ema_cross_12_26,US500.cash,H1,1.1,1.5,1.6500000000000001,True,126,8.73,-1.7601,-1.7601,0.035,-512.93,0.253,41,514.12,0.51,,-1.316,-74.24,0.05,-100.0,77,49,16.33,-1.5718
ema_cross_9_20,US500.cash,H1,1.1,1.5,1.6500000000000001,True,163,8.59,-1.785,-1.785,0.035,-638.36,0.327,54,639.54,0.64,,-1.347,-74.51,0.05,-100.0,99,64,15.62,-1.7469
rsi_30_70,FRA40.cash,M15,1.1,1.5,1.6500000000000001,True,96,7.29,-1.6216,-1.6216,0.012,-383.63,0.459,57,385.35,0.39,,-1.283,-76.99,0.05,-100.0,49,47,14.89,-1.3351
ema_cross_9_20,UK100.cash,M15,1.1,1.5,1.6500000000000001,True,191,6.81,-1.9897,-1.9897,0.017,-782.04,1.474,88,782.21,0.78,,-1.293,-77.92,0.05,-100.0,125,66,12.12,-1.3934
ema_cross_12_26,UK100.cash,M15,1.1,1.5,1.6500000000000001,True,139,6.47,-1.9457,-1.9457,0.024,-588.01,1.072,57,588.19,0.59,,-1.319,-78.55,0.05,-100.0,84,55,10.91,-1.5418
donchian_20,UK100.cash,M15,1.1,1.5,1.6500000000000001,True,296,6.42,-1.8128,-1.8128,0.018,-1261.41,2.284,114,1261.71,1.26,,-1.359,-78.65,0.05,-100.0,177,119,11.76,-1.5156
donchian_55,UK100.cash,M15,1.1,1.5,1.6500000000000001,True,190,6.32,-1.8266,-1.8266,0.021,-789.59,1.466,79,789.59,0.79,,-1.347,-78.85,0.05,-100.0,120,70,12.86,-1.5216
donchian_20,EU50.cash,H1,1.1,1.5,1.6500000000000001,True,331,6.04,-1.6022,-1.6022,0.023,-1354.61,0.476,97,1358.02,1.36,,-1.382,-79.37,0.05,-100.0,201,130,8.46,-1.4395
donchian_55,EU50.cash,H1,1.1,1.5,1.6500000000000001,True,209,4.78,-1.7647,-1.7647,0.014,-903.1,0.301,93,908.35,0.91,,-1.515,-81.77,0.05,-100.0,124,85,3.53,-1.6298
ema_pullback_20_50,EU50.cash,H1,1.1,1.5,1.6500000000000001,True,570,4.74,-3.0558,-3.0558,0.038,-2287.74,0.82,138,2288.6,2.29,,-1.365,-81.87,0.05,-100.0,336,234,5.13,-2.8589
ema_pullback_20_50,US500.cash,H1,1.1,1.5,1.6500000000000001,True,560,4.64,-4.2416,-4.2416,0.039,-2198.77,1.125,124,2199.09,2.2,,-1.272,-82.05,0.05,-100.0,366,194,5.67,-3.4658
donchian_20,US500.cash,H1,1.1,1.5,1.6500000000000001,True,312,4.49,-2.1024,-2.1024,0.015,-1315.39,0.627,128,1317.66,1.32,,-1.542,-82.34,0.05,-100.0,201,111,8.11,-1.7852
ema_pullback_20_50,UK100.cash,M15,1.1,1.5,1.6500000000000001,True,543,3.87,-3.9145,-3.9145,0.035,-2227.95,4.189,129,2228.23,2.23,,-1.089,-83.53,0.05,-100.0,389,154,6.49,-2.9935
rsi_30_70,JP225.cash,H1,1.1,1.5,1.6500000000000001,True,90,3.33,-2.4556,-2.4556,0.014,-351.52,0.181,53,352.11,0.35,,-1.679,-84.55,0.05,-100.0,58,32,6.25,-1.6894
ema_cross_9_20,FRA40.cash,M15,1.1,1.5,1.6500000000000001,True,170,2.94,-1.9678,-1.9678,0.005,-737.37,0.813,87,737.37,0.74,,-1.571,-85.29,0.05,-100.0,105,65,6.15,-1.6521
donchian_55,US500.cash,H1,1.1,1.5,1.6500000000000001,True,208,2.88,-2.3288,-2.3288,0.005,-897.74,0.418,145,898.99,0.9,,-1.729,-85.4,0.05,-100.0,135,73,4.11,-2.0159
ema_cross_12_26,FRA40.cash,M15,1.1,1.5,1.6500000000000001,True,126,2.38,-1.9432,-1.9432,0.004,-551.81,0.603,95,551.81,0.55,,-1.589,-86.36,0.05,-100.0,76,50,6.0,-1.6691
donchian_20,FRA40.cash,M15,1.1,1.5,1.6500000000000001,True,312,2.24,-2.0472,-2.0472,0.004,-1369.58,1.493,231,1369.95,1.37,,-1.653,-86.63,0.05,-100.0,188,124,5.65,-1.7544
ema_pullback_20_50,JP225.cash,H1,1.1,1.5,1.6500000000000001,True,549,2.19,-5.2378,-5.2378,0.012,-2249.17,1.104,120,2249.76,2.25,,-1.233,-86.74,0.05,-100.0,307,242,3.31,-3.6412
ema_cross_12_26,JP225.cash,H1,1.1,1.5,1.6500000000000001,True,140,2.14,-2.7792,-2.7792,0.006,-586.11,0.281,97,586.24,0.59,,-1.755,-86.82,0.05,-100.0,83,57,3.51,-1.9401
donchian_55,FRA40.cash,M15,1.1,1.5,1.6500000000000001,True,187,2.14,-2.0769,-2.0769,0.006,-802.36,0.895,144,802.36,0.8,,-1.673,-86.83,0.05,-100.0,114,73,5.48,-1.7932
ema_pullback_20_50,FRA40.cash,M15,1.1,1.5,1.6500000000000001,True,477,2.1,-3.708,-3.708,0.029,-1957.27,2.282,96,1957.36,1.96,,-1.308,-86.91,0.05,-100.0,325,152,2.63,-3.4181
donchian_55,EU50.cash,M15,1.1,1.5,1.6500000000000001,True,203,1.97,-2.9039,-2.9039,0.001,-901.01,0.969,151,901.81,0.9,,-2.097,-87.15,0.05,-100.0,121,82,4.88,-2.3269
donchian_20,JP225.cash,H1,1.1,1.5,1.6500000000000001,True,317,1.89,-2.7608,-2.7608,0.007,-1248.25,0.637,222,1248.25,1.25,,-1.815,-87.3,0.05,-100.0,191,126,3.97,-1.9813
rsi_30_70,HK50.cash,H1,1.1,1.5,1.6500000000000001,True,106,1.89,-2.5343,-2.5343,0.011,-469.78,0.162,53,469.78,0.47,,-1.729,-87.31,0.05,-100.0,63,43,0.0,-2.0881
ema_cross_9_20,HK50.cash,H1,1.1,1.5,1.6500000000000001,True,162,1.85,-2.3285,-2.3285,0.006,-633.63,0.247,89,633.63,0.63,,-1.747,-87.37,0.05,-100.0,96,66,0.0,-2.1061
ema_cross_9_20,JP225.cash,H1,1.1,1.5,1.6500000000000001,True,169,1.78,-2.7671,-2.7671,0.008,-665.53,0.34,111,666.12,0.67,,-1.662,-87.52,0.05,-100.0,102,67,2.99,-1.8424
ema_cross_12_26,HK50.cash,H1,1.1,1.5,1.6500000000000001,True,119,1.68,-2.3293,-2.3293,0.003,-457.74,0.182,93,457.74,0.46,,-1.704,-87.7,0.05,-100.0,70,49,2.04,-2.0885
ema_pullback_20_50,HK50.cash,H1,1.1,1.5,1.6500000000000001,True,573,1.57,-4.1907,-4.1907,0.008,-2283.13,0.875,164,2283.13,2.28,,-1.343,-87.91,0.05,-100.0,315,258,0.78,-4.4462
donchian_20,EU50.cash,M15,1.1,1.5,1.6500000000000001,True,320,1.56,-2.8701,-2.8701,0.001,-1409.36,1.528,237,1409.91,1.41,,-1.966,-87.93,0.05,-100.0,196,124,4.03,-2.2431
ema_cross_12_26,EU50.cash,M15,1.1,1.5,1.6500000000000001,True,132,1.52,-2.8881,-2.8881,0.001,-592.08,0.63,102,592.28,0.59,,-1.807,-88.02,0.05,-100.0,84,48,4.17,-2.0998
ema_pullback_20_50,US2000.cash,H1,1.1,1.5,1.6500000000000001,True,405,1.48,-6.5695,-6.5695,0.013,-1652.61,0.813,118,1652.71,1.65,,-1.11,-88.08,0.05,-100.0,233,172,1.74,-5.4812
ema_pullback_20_50,US500.cash,M15,1.1,1.5,1.6500000000000001,True,545,1.47,-8.285,-8.285,0.006,-2227.45,4.445,148,2227.45,2.23,,-1.191,-88.11,0.05,-100.0,317,228,1.32,-8.2038
donchian_55,JP225.cash,H1,1.1,1.5,1.6500000000000001,True,196,1.02,-2.7989,-2.7989,0.002,-787.67,0.394,182,788.35,0.79,,-1.923,-88.96,0.05,-100.0,119,77,2.6,-1.9708
donchian_55,HK50.cash,H1,1.1,1.5,1.6500000000000001,True,212,0.94,-2.412,-2.412,0.001,-864.29,0.324,173,864.29,0.86,,-1.784,-89.11,0.05,-100.0,132,80,0.0,-2.3531
rsi_30_70,EU50.cash,M15,1.1,1.5,1.6500000000000001,True,109,0.92,-2.1011,-2.1011,0.002,-438.2,0.52,79,438.4,0.44,,-1.663,-89.16,0.05,-100.0,59,50,2.0,-1.755
donchian_20,HK50.cash,H1,1.1,1.5,1.6500000000000001,True,334,0.9,-2.4151,-2.4151,0.003,-1363.7,0.51,178,1364.64,1.36,,-1.826,-89.19,0.05,-100.0,208,126,0.0,-2.2727
rsi_30_70,US2000.cash,H1,1.1,1.5,1.6500000000000001,True,114,0.88,-2.8091,-2.8091,0.002,-447.02,0.229,79,447.47,0.45,,-1.922,-89.23,0.05,-100.0,65,49,0.0,-2.6788
ema_pullback_20_50,EU50.cash,M15,1.1,1.5,1.6500000000000001,True,466,0.86,-5.1792,-5.1792,0.024,-1876.18,2.224,308,1876.39,1.88,,-1.401,-89.27,0.05,-100.0,338,128,1.56,-3.8673
ema_cross_9_20,EU50.cash,M15,1.1,1.5,1.6500000000000001,True,172,0.58,-2.8307,-2.8307,0.001,-763.26,0.821,152,763.47,0.76,,-1.848,-89.8,0.05,-100.0,108,64,1.56,-2.1776
ema_pullback_20_50,US2000.cash,M15,1.1,1.5,1.6500000000000001,True,516,0.39,-15.3464,-15.3464,0.001,-2083.96,4.209,335,2083.96,2.08,,-1.194,-90.17,0.05,-100.0,302,214,0.93,-15.5617
ema_pullback_20_50,JP225.cash,M15,1.1,1.5,1.6500000000000001,True,526,0.38,-7.3568,-7.3568,0.001,-2108.37,4.29,343,2108.49,2.11,,-1.039,-90.18,0.05,-100.0,319,207,0.97,-6.6267
ema_pullback_20_50,HK50.cash,M15,1.1,1.5,1.6500000000000001,True,486,0.21,-8.9852,-8.9852,0.004,-1967.65,2.538,427,1967.65,1.97,,-1.142,-90.52,0.05,-100.0,343,143,0.7,-7.2253
ema_cross_9_20,AMD,D1,1.1,1.5,1.6500000000000001,True,33,0.0,-6.6229,-6.6229,0.0,-132.52,0.016,33,132.53,0.13,,-2.337,-90.91,0.05,-100.0,22,11,0.0,-3.9468
ema_cross_9_20,AMD,H1,1.1,1.5,1.6500000000000001,True,159,0.0,-15.7789,-15.7789,0.0,-631.75,0.098,159,632.29,0.63,,-2.429,-90.91,0.05,-100.0,98,61,0.0,-12.4687
ema_cross_9_20,AMD,M15,1.1,1.5,1.6500000000000001,True,160,0.0,-23.6708,-23.6708,0.0,-646.64,0.399,160,646.66,0.65,,-2.112,-90.91,0.05,-100.0,91,69,0.0,-17.5453
ema_cross_9_20,AMZN,D1,1.1,1.5,1.6500000000000001,True,34,0.0,-8.092,-8.092,0.0,-135.08,0.013,34,135.21,0.14,,-1.384,-90.91,0.05,-100.0,21,13,0.0,-5.6998
ema_cross_9_20,AMZN,H1,1.1,1.5,1.6500000000000001,True,173,0.0,-18.361,-18.361,0.0,-693.05,0.104,173,693.14,0.69,,-3.095,-90.91,0.05,-100.0,103,70,0.0,-14.9305
ema_cross_9_20,AMZN,M15,1.1,1.5,1.6500000000000001,True,145,0.0,-31.6136,-31.6136,0.0,-578.1,0.323,145,578.1,0.58,,-2.894,-90.91,0.05,-100.0,90,55,0.0,-30.3787
ema_cross_9_20,AVGO,D1,1.1,1.5,1.6500000000000001,True,32,0.0,-14.0561,-14.0561,0.0,-127.14,0.016,32,127.14,0.13,,-1.428,-90.91,0.05,-100.0,21,11,0.0,-3.7335
ema_cross_9_20,AVGO,H1,1.1,1.5,1.6500000000000001,True,165,0.0,-31.4161,-31.4161,0.0,-658.43,0.098,165,658.43,0.66,,-1.158,-90.91,0.05,-100.0,99,66,0.0,-8.7093
ema_cross_9_20,AVGO,M15,1.1,1.5,1.6500000000000001,True,151,0.0,-17.384,-17.384,0.0,-607.04,0.335,151,607.1,0.61,,-2.468,-90.91,0.05,-100.0,98,53,0.0,-12.8514
ema_cross_9_20,CSCO,H1,1.1,1.5,1.6500000000000001,True,180,0.0,-81.9961,-81.9961,0.0,-721.66,0.107,180,721.66,0.72,,-3.205,-90.91,0.05,-100.0,106,74,0.0,-71.5171
ema_cross_9_20,CSCO,M15,1.1,1.5,1.6500000000000001,True,158,0.0,-136.5848,-136.5848,0.0,-631.82,0.351,158,631.82,0.63,,-2.7,-90.91,0.05,-100.0,99,59,0.0,-104.6978
ema_cross_9_20,HK50.cash,M15,1.1,1.5,1.6500000000000001,True,155,0.0,-4.3505,-4.3505,0.0,-631.58,0.809,155,631.58,0.63,,-2.535,-90.91,0.05,-100.0,90,65,0.0,-3.8314
ema_cross_9_20,INTC,D1,1.1,1.5,1.6500000000000001,True,34,0.0,-26.7909,-26.7909,0.0,-136.19,0.017,34,136.19,0.14,,-2.878,-90.91,0.05,-100.0,17,17,0.0,-24.9819
ema_cross_9_20,INTC,H1,1.1,1.5,1.6500000000000001,True,164,0.0,-76.6187,-76.6187,0.0,-656.85,0.097,164,656.89,0.66,,-2.83,-90.91,0.05,-100.0,100,64,0.0,-75.7896
ema_cross_9_20,INTC,M15,1.1,1.5,1.6500000000000001,True,164,0.0,-146.1642,-146.1642,0.0,-656.48,0.364,164,656.48,0.66,,-1.621,-90.91,0.05,-100.0,99,65,0.0,-78.4431
ema_cross_9_20,JP225.cash,M15,1.1,1.5,1.6500000000000001,True,156,0.0,-3.6387,-3.6387,0.0,-613.48,1.272,156,613.78,0.61,,-1.9,-90.91,0.05,-100.0,93,63,0.0,-3.0389
ema_cross_9_20,MSFT,D1,1.1,1.5,1.6500000000000001,True,44,0.0,-6.9378,-6.9378,0.0,-171.16,0.014,44,171.19,0.17,,-0.963,-90.91,0.05,-100.0,31,13,0.0,-3.2275
ema_cross_9_20,MSFT,H1,1.1,1.5,1.6500000000000001,True,154,0.0,-10.4363,-10.4363,0.0,-614.45,0.092,154,614.65,0.61,,-3.992,-90.91,0.05,-100.0,99,55,0.0,-9.6635
ema_cross_9_20,MSFT,M15,1.1,1.5,1.6500000000000001,True,168,0.0,-20.3283,-20.3283,0.0,-675.94,0.374,168,675.94,0.68,,-3.265,-90.91,0.05,-100.0,107,61,0.0,-18.59
ema_cross_9_20,NVDA,D1,1.1,1.5,1.6500000000000001,True,32,0.0,-26.2261,-26.2261,0.0,-131.24,0.016,32,131.24,0.13,,-0.979,-90.91,0.05,-100.0,18,14,0.0,-5.3949
ema_cross_9_20,NVDA,H1,1.1,1.5,1.6500000000000001,True,173,0.0,-45.7551,-45.7551,0.0,-694.77,0.104,173,694.77,0.69,,-1.234,-90.91,0.05,-100.0,101,72,0.0,-14.4595
ema_cross_9_20,NVDA,M15,1.1,1.5,1.6500000000000001,True,173,0.0,-32.4496,-32.4496,0.0,-692.57,0.385,173,692.57,0.69,,-3.073,-90.91,0.05,-100.0,104,69,0.0,-28.9009
ema_cross_9_20,US2000.cash,H1,1.1,1.5,1.6500000000000001,True,170,0.0,-3.437,-3.437,0.0,-699.32,0.341,170,699.32,0.7,,-2.04,-90.91,0.05,-100.0,103,67,0.0,-3.1992
ema_cross_9_20,US2000.cash,M15,1.1,1.5,1.6500000000000001,True,151,0.0,-6.4334,-6.4334,0.0,-604.98,1.232,151,605.45,0.61,,-1.905,-90.91,0.05,-100.0,88,63,0.0,-6.2907
ema_cross_9_20,US500.cash,M15,1.1,1.5,1.6500000000000001,True,162,0.0,-3.6729,-3.6729,0.0,-655.95,1.321,162,656.59,0.66,,-1.73,-90.91,0.05,-100.0,106,56,0.0,-3.3137
ema_cross_12_26,AMD,D1,1.1,1.5,1.6500000000000001,True,30,0.0,-6.6934,-6.6934,0.0,-120.47,0.015,30,120.49,0.12,,-2.465,-90.91,0.05,-100.0,20,10,0.0,-4.3972
ema_cross_12_26,AMD,H1,1.1,1.5,1.6500000000000001,True,130,0.0,-15.8324,-15.8324,0.0,-521.71,0.08,130,522.25,0.52,,-2.526,-90.91,0.05,-100.0,83,47,0.0,-12.9357
ema_cross_12_26,AMD,M15,1.1,1.5,1.6500000000000001,True,121,0.0,-23.3647,-23.3647,0.0,-490.68,0.302,121,490.68,0.49,,-2.216,-90.91,0.05,-100.0,66,55,0.0,-18.231
ema_cross_12_26,AMZN,H1,1.1,1.5,1.6500000000000001,True,135,0.0,-17.8903,-17.8903,0.0,-543.93,0.081,135,544.02,0.54,,-3.316,-90.91,0.05,-100.0,80,55,0.0,-14.5878
ema_cross_12_26,AMZN,M15,1.1,1.5,1.6500000000000001,True,122,0.0,-31.1247,-31.1247,0.0,-489.24,0.272,122,489.24,0.49,,-2.711,-90.91,0.05,-100.0,78,44,0.0,-30.6165
ema_cross_12_26,AVGO,H1,1.1,1.5,1.6500000000000001,True,133,0.0,-31.0863,-31.0863,0.0,-531.32,0.079,133,531.32,0.53,,-1.127,-90.91,0.05,-100.0,80,53,0.0,-8.2851
ema_cross_12_26,AVGO,M15,1.1,1.5,1.6500000000000001,True,121,0.0,-16.7817,-16.7817,0.0,-488.04,0.269,121,488.1,0.49,,-2.672,-90.91,0.05,-100.0,76,45,0.0,-12.1777
ema_cross_12_26,CSCO,H1,1.1,1.5,1.6500000000000001,True,144,0.0,-83.7328,-83.7328,0.0,-576.22,0.086,144,576.22,0.58,,-3.038,-90.91,0.05,-100.0,88,56,0.0,-72.5863
ema_cross_12_26,CSCO,M15,1.1,1.5,1.6500000000000001,True,120,0.0,-134.2947,-134.2947,0.0,-479.69,0.267,120,479.69,0.48,,-2.713,-90.91,0.05,-100.0,77,43,0.0,-97.829
ema_cross_12_26,HK50.cash,M15,1.1,1.5,1.6500000000000001,True,119,0.0,-4.2385,-4.2385,0.0,-465.02,0.621,119,465.02,0.47,,-2.14,-90.91,0.05,-100.0,74,45,0.0,-3.5398
ema_cross_12_26,INTC,D1,1.1,1.5,1.6500000000000001,True,33,0.0,-25.8046,-25.8046,0.0,-132.47,0.017,33,132.47,0.13,,-2.719,-90.91,0.05,-100.0,18,15,0.0,-22.5111
ema_cross_12_26,INTC,H1,1.1,1.5,1.6500000000000001,True,128,0.0,-76.5594,-76.5594,0.0,-513.34,0.076,128,513.38,0.51,,-2.941,-90.91,0.05,-100.0,81,47,0.0,-76.5746
ema_cross_12_26,INTC,M15,1.1,1.5,1.6500000000000001,True,127,0.0,-147.7199,-147.7199,0.0,-507.73,0.282,127,507.73,0.51,,-1.537,-90.91,0.05,-100.0,82,45,0.0,-72.925
ema_cross_12_26,JP225.cash,M15,1.1,1.5,1.6500000000000001,True,123,0.0,-3.8517,-3.8517,0.0,-498.43,1.003,123,498.73,0.5,,-1.863,-90.91,0.05,-100.0,76,47,0.0,-3.2257
ema_cross_12_26,MSFT,D1,1.1,1.5,1.6500000000000001,True,34,0.0,-6.4848,-6.4848,0.0,-129.57,0.011,34,129.61,0.13,,-0.909,-90.91,0.05,-100.0,22,12,0.0,-3.4408
ema_cross_12_26,MSFT,H1,1.1,1.5,1.6500000000000001,True,120,0.0,-10.15,-10.15,0.0,-484.49,0.072,120,484.69,0.48,,-4.104,-90.91,0.05,-100.0,74,46,0.0,-9.5228
ema_cross_12_26,MSFT,M15,1.1,1.5,1.6500000000000001,True,128,0.0,-20.4248,-20.4248,0.0,-514.61,0.285,128,514.61,0.51,,-3.108,-90.91,0.05,-100.0,87,41,0.0,-18.5942
ema_cross_12_26,NVDA,H1,1.1,1.5,1.6500000000000001,True,128,0.0,-47.5616,-47.5616,0.0,-512.27,0.077,128,512.27,0.51,,-1.2,-90.91,0.05,-100.0,75,53,0.0,-14.2223
ema_cross_12_26,NVDA,M15,1.1,1.5,1.6500000000000001,True,129,0.0,-32.6668,-32.6668,0.0,-519.46,0.287,129,519.46,0.52,,-3.076,-90.91,0.05,-100.0,75,54,0.0,-28.946
ema_cross_12_26,US2000.cash,H1,1.1,1.5,1.6500000000000001,True,143,0.0,-3.4658,-3.4658,0.0,-586.11,0.287,143,586.11,0.59,,-1.943,-90.91,0.05,-100.0,92,51,0.0,-2.8437
ema_cross_12_26,US2000.cash,M15,1.1,1.5,1.6500000000000001,True,114,0.0,-6.352,-6.352,0.0,-457.38,0.93,114,457.84,0.46,,-1.812,-90.91,0.05,-100.0,71,43,0.0,-6.103
ema_cross_12_26,US500.cash,M15,1.1,1.5,1.6500000000000001,True,132,0.0,-3.654,-3.654,0.0,-531.04,1.077,132,531.69,0.53,,-1.799,-90.91,0.05,-100.0,87,45,0.0,-3.3244
ema_pullback_20_50,AMD,D1,1.1,1.5,1.6500000000000001,True,117,0.0,-13.5759,-13.5759,0.0,-471.4,0.058,117,471.41,0.47,,-1.698,-90.91,0.05,-100.0,80,37,0.0,-9.1387
ema_pullback_20_50,AMD,H1,1.1,1.5,1.6500000000000001,True,557,0.0,-32.391,-32.391,0.0,-2239.27,0.343,557,2239.27,2.24,,-1.5,-90.91,0.05,-100.0,336,221,0.0,-29.0867
ema_pullback_20_50,AMD,M15,1.1,1.5,1.6500000000000001,True,594,0.0,-52.2303,-52.2303,0.0,-2386.43,1.48,594,2386.44,2.39,,-1.205,-90.91,0.05,-100.0,389,205,0.0,-34.3139
ema_pullback_20_50,AMZN,D1,1.1,1.5,1.6500000000000001,True,169,0.0,-14.4681,-14.4681,0.0,-674.06,0.066,169,674.06,0.67,,-1.762,-90.91,0.05,-100.0,84,85,0.0,-13.367
ema_pullback_20_50,AMZN,H1,1.1,1.5,1.6500000000000001,True,556,0.0,-37.001,-37.001,0.0,-2227.01,0.333,556,2227.09,2.23,,-1.527,-90.91,0.05,-100.0,346,210,0.0,-32.1301
ema_pullback_20_50,AMZN,M15,1.1,1.5,1.6500000000000001,True,468,0.0,-67.5829,-67.5829,0.0,-1877.0,1.042,468,1877.0,1.88,,-1.46,-90.91,0.05,-100.0,275,193,0.0,-64.5931
ema_pullback_20_50,AVGO,D1,1.1,1.5,1.6500000000000001,True,165,0.0,-27.8658,-27.8658,0.0,-661.4,0.084,165,661.4,0.66,,-0.99,-90.91,0.05,-100.0,96,69,0.0,-9.6028
ema_pullback_20_50,AVGO,H1,1.1,1.5,1.6500000000000001,True,604,0.0,-60.2539,-60.2539,0.0,-2423.61,0.358,604,2423.61,2.42,,-1.04,-90.91,0.05,-100.0,360,244,0.0,-18.14
ema_pullback_20_50,AVGO,M15,1.1,1.5,1.6500000000000001,True,531,0.0,-36.2038,-36.2038,0.0,-2134.44,1.179,531,2134.44,2.13,,-1.296,-90.91,0.05,-100.0,360,171,0.0,-27.2464
ema_pullback_20_50,CSCO,D1,1.1,1.5,1.6500000000000001,True,149,0.0,-61.1307,-61.1307,0.0,-595.84,0.074,149,595.84,0.6,,-1.804,-90.91,0.05,-100.0,84,65,0.0,-53.8096
ema_pullback_20_50,CSCO,H1,1.1,1.5,1.6500000000000001,True,590,0.0,-159.1472,-159.1472,0.0,-2361.0,0.351,590,2361.0,2.36,,-1.367,-90.91,0.05,-100.0,326,264,0.0,-139.6246
ema_pullback_20_50,CSCO,M15,1.1,1.5,1.6500000000000001,True,516,0.0,-260.7331,-260.7331,0.0,-2064.09,1.146,516,2064.09,2.06,,-1.325,-90.91,0.05,-100.0,324,192,0.0,-154.453
ema_pullback_20_50,INTC,D1,1.1,1.5,1.6500000000000001,True,110,0.0,-49.1625,-49.1625,0.0,-442.44,0.056,110,442.44,0.44,,-1.782,-90.91,0.05,-100.0,67,43,0.0,-49.9674
ema_pullback_20_50,INTC,H1,1.1,1.5,1.6500000000000001,True,499,0.0,-145.1655,-145.1655,0.0,-1998.27,0.296,499,1998.27,2.0,,-1.503,-90.91,0.05,-100.0,291,208,0.0,-147.1313
ema_pullback_20_50,INTC,M15,1.1,1.5,1.6500000000000001,True,479,0.0,-274.333,-274.333,0.0,-1917.31,1.064,479,1917.31,1.92,,-1.092,-90.91,0.05,-100.0,284,195,0.0,-137.6286
ema_pullback_20_50,MSFT,D1,1.1,1.5,1.6500000000000001,True,214,0.0,-17.2846,-17.2846,0.0,-856.13,0.067,214,856.13,0.86,,-0.999,-90.91,0.05,-100.0,145,69,0.0,-8.322
ema_pullback_20_50,MSFT,H1,1.1,1.5,1.6500000000000001,True,609,0.0,-22.4475,-22.4475,0.0,-2448.42,0.365,609,2448.77,2.45,,-1.553,-90.91,0.05,-100.0,391,218,0.0,-19.5188
ema_pullback_20_50,MSFT,M15,1.1,1.5,1.6500000000000001,True,506,0.0,-42.5281,-42.5281,0.0,-2034.63,1.127,506,2034.63,2.03,,-1.373,-90.91,0.05,-100.0,362,144,0.0,-35.8879
ema_pullback_20_50,NVDA,D1,1.1,1.5,1.6500000000000001,True,143,0.0,-49.1596,-49.1596,0.0,-574.5,0.072,143,574.5,0.57,,-0.921,-90.91,0.05,-100.0,76,67,0.0,-12.666
ema_pullback_20_50,NVDA,H1,1.1,1.5,1.6500000000000001,True,574,0.0,-87.3076,-87.3076,0.0,-2299.77,0.344,574,2299.78,2.3,,-1.043,-90.91,0.05,-100.0,345,229,0.0,-30.4904
ema_pullback_20_50,NVDA,M15,1.1,1.5,1.6500000000000001,True,569,0.0,-65.7697,-65.7697,0.0,-2283.32,1.267,569,2283.32,2.28,,-1.603,-90.91,0.05,-100.0,358,211,0.0,-61.8649
donchian_20,AMD,D1,1.1,1.5,1.6500000000000001,True,67,0.0,-5.9366,-5.9366,0.0,-261.02,0.033,67,261.06,0.26,,-2.267,-90.91,0.05,-100.0,41,26,0.0,-3.7531
donchian_20,AMD,H1,1.1,1.5,1.6500000000000001,True,330,0.0,-15.4519,-15.4519,0.0,-1318.74,0.203,330,1319.03,1.32,,-2.476,-90.91,0.05,-100.0,196,134,0.0,-12.5066
donchian_20,AMD,M15,1.1,1.5,1.6500000000000001,True,314,0.0,-22.9654,-22.9654,0.0,-1268.24,0.783,314,1268.25,1.27,,-2.103,-90.91,0.05,-100.0,184,130,0.0,-16.9263
donchian_20,AMZN,D1,1.1,1.5,1.6500000000000001,True,83,0.0,-7.6476,-7.6476,0.0,-321.35,0.032,83,321.61,0.32,,-2.122,-90.91,0.05,-100.0,48,35,0.0,-6.0163
donchian_20,AMZN,H1,1.1,1.5,1.6500000000000001,True,326,0.0,-18.4374,-18.4374,0.0,-1306.12,0.195,326,1306.24,1.31,,-3.326,-90.91,0.05,-100.0,197,129,0.0,-15.1521
donchian_20,AMZN,M15,1.1,1.5,1.6500000000000001,True,303,0.0,-31.5616,-31.5616,0.0,-1214.61,0.675,303,1214.71,1.21,,-3.174,-90.91,0.05,-100.0,177,126,0.0,-29.1057
donchian_20,AVGO,D1,1.1,1.5,1.6500000000000001,True,64,0.0,-12.4597,-12.4597,0.0,-255.67,0.032,64,255.83,0.26,,-1.32,-90.91,0.05,-100.0,39,25,0.0,-3.4495
donchian_20,AVGO,H1,1.1,1.5,1.6500000000000001,True,342,0.0,-31.6811,-31.6811,0.0,-1365.6,0.202,342,1365.61,1.37,,-1.154,-90.91,0.05,-100.0,204,138,0.0,-8.8787
donchian_20,AVGO,M15,1.1,1.5,1.6500000000000001,True,322,0.0,-16.9326,-16.9326,0.0,-1296.25,0.715,322,1296.25,1.3,,-2.775,-90.91,0.05,-100.0,189,133,0.0,-13.146
donchian_20,CSCO,D1,1.1,1.5,1.6500000000000001,True,70,0.0,-28.3923,-28.3923,0.0,-277.58,0.035,70,277.73,0.28,,-3.726,-90.91,0.05,-100.0,40,30,0.0,-25.328
donchian_20,CSCO,H1,1.1,1.5,1.6500000000000001,True,329,0.0,-83.523,-83.523,0.0,-1315.04,0.195,329,1315.07,1.32,,-3.103,-90.91,0.05,-100.0,179,150,0.0,-73.6244
donchian_20,CSCO,M15,1.1,1.5,1.6500000000000001,True,334,0.0,-132.8057,-132.8057,0.0,-1335.88,0.742,334,1335.9,1.34,,-2.59,-90.91,0.05,-100.0,197,137,0.0,-93.7933
donchian_20,HK50.cash,M15,1.1,1.5,1.6500000000000001,True,309,0.0,-4.5477,-4.5477,0.0,-1268.81,1.613,309,1268.81,1.27,,-2.723,-90.91,0.05,-100.0,190,119,0.0,-4.1516
donchian_20,INTC,D1,1.1,1.5,1.6500000000000001,True,59,0.0,-21.5439,-21.5439,0.0,-235.91,0.03,59,236.01,0.24,,-2.93,-90.91,0.05,-100.0,31,28,0.0,-19.9946
donchian_20,INTC,H1,1.1,1.5,1.6500000000000001,True,343,0.0,-73.0661,-73.0661,0.0,-1370.25,0.204,343,1370.29,1.37,,-2.595,-90.91,0.05,-100.0,193,150,0.0,-69.0574
donchian_20,INTC,M15,1.1,1.5,1.6500000000000001,True,308,0.0,-135.0386,-135.0386,0.0,-1233.67,0.684,308,1233.67,1.23,,-1.515,-90.91,0.05,-100.0,178,130,0.0,-69.0525
donchian_20,JP225.cash,M15,1.1,1.5,1.6500000000000001,True,307,0.0,-3.7319,-3.7319,0.0,-1206.37,2.504,307,1206.57,1.21,,-1.854,-90.91,0.05,-100.0,186,121,0.0,-3.3073
donchian_20,MSFT,D1,1.1,1.5,1.6500000000000001,True,108,0.0,-7.8465,-7.8465,0.0,-426.4,0.034,108,426.52,0.43,,-1.15,-90.91,0.05,-100.0,62,46,0.0,-3.6598
donchian_20,MSFT,H1,1.1,1.5,1.6500000000000001,True,343,0.0,-10.9966,-10.9966,0.0,-1378.42,0.206,343,1378.42,1.38,,-3.804,-90.91,0.05,-100.0,214,129,0.0,-9.8532
donchian_20,MSFT,M15,1.1,1.5,1.6500000000000001,True,300,0.0,-19.6869,-19.6869,0.0,-1203.4,0.668,300,1203.55,1.2,,-3.52,-90.91,0.05,-100.0,190,110,0.0,-17.7192
donchian_20,NVDA,D1,1.1,1.5,1.6500000000000001,True,76,0.0,-24.301,-24.301,0.0,-302.5,0.038,76,302.5,0.3,,-1.149,-90.91,0.05,-100.0,47,29,0.0,-5.5897
donchian_20,NVDA,H1,1.1,1.5,1.6500000000000001,True,345,0.0,-48.8386,-48.8386,0.0,-1383.56,0.207,345,1383.58,1.38,,-1.285,-90.91,0.05,-100.0,214,131,0.0,-15.7264
donchian_20,NVDA,M15,1.1,1.5,1.6500000000000001,True,288,0.0,-32.6624,-32.6624,0.0,-1155.29,0.641,288,1155.29,1.16,,-3.198,-90.91,0.05,-100.0,176,112,0.0,-29.5929
donchian_20,US2000.cash,H1,1.1,1.5,1.6500000000000001,True,325,0.0,-3.6056,-3.6056,0.0,-1357.38,0.653,325,1357.38,1.36,,-2.241,-90.91,0.05,-100.0,208,117,0.0,-3.1466
donchian_20,US2000.cash,M15,1.1,1.5,1.6500000000000001,True,293,0.0,-6.6707,-6.6707,0.0,-1165.63,2.39,293,1165.84,1.17,,-1.875,-90.91,0.05,-100.0,177,116,0.0,-5.8998
donchian_20,US500.cash,M15,1.1,1.5,1.6500000000000001,True,284,0.0,-3.7584,-3.7584,0.0,-1125.59,2.316,284,1125.59,1.13,,-1.804,-90.91,0.05,-100.0,167,117,0.0,-3.2998
donchian_55,AMD,D1,1.1,1.5,1.6500000000000001,True,40,0.0,-5.3532,-5.3532,0.0,-150.47,0.02,40,150.56,0.15,,-2.135,-90.91,0.05,-100.0,23,17,0.0,-3.5407
donchian_55,AMD,H1,1.1,1.5,1.6500000000000001,True,209,0.0,-14.8548,-14.8548,0.0,-835.2,0.129,209,835.2,0.84,,-2.601,-90.91,0.05,-100.0,125,84,0.0,-12.1553
donchian_55,AMD,M15,1.1,1.5,1.6500000000000001,True,195,0.0,-22.016,-22.016,0.0,-787.52,0.486,195,787.52,0.79,,-2.145,-90.91,0.05,-100.0,117,78,0.0,-16.2221
donchian_55,AMZN,D1,1.1,1.5,1.6500000000000001,True,56,0.0,-7.5689,-7.5689,0.0,-224.62,0.022,56,224.76,0.22,,-2.348,-90.91,0.05,-100.0,30,26,0.0,-6.3768
donchian_55,AMZN,H1,1.1,1.5,1.6500000000000001,True,212,0.0,-18.5394,-18.5394,0.0,-847.32,0.127,212,847.38,0.85,,-3.384,-90.91,0.05,-100.0,124,88,0.0,-15.4423
donchian_55,AMZN,M15,1.1,1.5,1.6500000000000001,True,177,0.0,-30.7006,-30.7006,0.0,-708.24,0.394,177,708.29,0.71,,-3.458,-90.91,0.05,-100.0,100,77,0.0,-28.4872
donchian_55,AVGO,D1,1.1,1.5,1.6500000000000001,True,48,0.0,-12.2221,-12.2221,0.0,-197.19,0.024,48,197.23,0.2,,-1.238,-90.91,0.05,-100.0,28,20,0.0,-3.5618
donchian_55,AVGO,H1,1.1,1.5,1.6500000000000001,True,227,0.0,-33.4806,-33.4806,0.0,-907.45,0.134,227,907.47,0.91,,-1.134,-90.91,0.05,-100.0,140,87,0.0,-9.1679
donchian_55,AVGO,M15,1.1,1.5,1.6500000000000001,True,191,0.0,-16.5515,-16.5515,0.0,-773.98,0.424,191,774.19,0.77,,-2.833,-90.91,0.05,-100.0,114,77,0.0,-12.677
donchian_55,CSCO,D1,1.1,1.5,1.6500000000000001,True,44,0.0,-27.7296,-27.7296,0.0,-173.49,0.022,44,173.49,0.17,,-3.72,-90.91,0.05,-100.0,24,20,0.0,-23.8151
donchian_55,CSCO,H1,1.1,1.5,1.6500000000000001,True,215,0.0,-83.8339,-83.8339,0.0,-860.12,0.128,215,860.14,0.86,,-3.146,-90.91,0.05,-100.0,113,102,0.0,-74.196
donchian_55,CSCO,M15,1.1,1.5,1.6500000000000001,True,213,0.0,-126.4618,-126.4618,0.0,-851.91,0.473,213,851.91,0.85,,-2.525,-90.91,0.05,-100.0,120,93,0.0,-87.7325
donchian_55,HK50.cash,M15,1.1,1.5,1.6500000000000001,True,177,0.0,-4.4278,-4.4278,0.0,-724.7,0.924,177,724.7,0.72,,-2.608,-90.91,0.05,-100.0,119,58,0.0,-3.8211
donchian_55,INTC,D1,1.1,1.5,1.6500000000000001,True,30,0.0,-19.9006,-19.9006,0.0,-118.51,0.015,30,118.82,0.12,,-2.567,-90.91,0.05,-100.0,12,18,0.0,-17.8314
donchian_55,INTC,H1,1.1,1.5,1.6500000000000001,True,198,0.0,-68.1625,-68.1625,0.0,-790.54,0.118,198,790.54,0.79,,-2.565,-90.91,0.05,-100.0,111,87,0.0,-59.5049
donchian_55,INTC,M15,1.1,1.5,1.6500000000000001,True,196,0.0,-115.1614,-115.1614,0.0,-785.84,0.435,196,785.84,0.79,,-1.562,-90.91,0.05,-100.0,107,89,0.0,-66.8709
donchian_55,JP225.cash,M15,1.1,1.5,1.6500000000000001,True,192,0.0,-3.806,-3.806,0.0,-760.4,1.566,192,760.52,0.76,,-2.003,-90.91,0.05,-100.0,113,79,0.0,-3.4567
donchian_55,MSFT,D1,1.1,1.5,1.6500000000000001,True,83,0.0,-8.0987,-8.0987,0.0,-325.92,0.026,83,326.03,0.33,,-1.201,-90.91,0.05,-100.0,49,34,0.0,-3.7403
donchian_55,MSFT,H1,1.1,1.5,1.6500000000000001,True,225,0.0,-11.519,-11.519,0.0,-912.69,0.135,225,912.86,0.91,,-3.979,-90.91,0.05,-100.0,141,84,0.0,-10.4218
donchian_55,MSFT,M15,1.1,1.5,1.6500000000000001,True,181,0.0,-19.6065,-19.6065,0.0,-729.13,0.403,181,729.27,0.73,,-3.431,-90.91,0.05,-100.0,112,69,0.0,-18.1868
donchian_55,NVDA,D1,1.1,1.5,1.6500000000000001,True,61,0.0,-22.3308,-22.3308,0.0,-243.17,0.031,61,243.2,0.24,,-1.185,-90.91,0.05,-100.0,38,23,0.0,-5.8074
donchian_55,NVDA,H1,1.1,1.5,1.6500000000000001,True,233,0.0,-47.1555,-47.1555,0.0,-935.0,0.14,233,935.02,0.94,,-1.313,-90.91,0.05,-100.0,147,86,0.0,-16.829
donchian_55,NVDA,M15,1.1,1.5,1.6500000000000001,True,168,0.0,-33.4684,-33.4684,0.0,-674.84,0.374,168,674.94,0.67,,-3.224,-90.91,0.05,-100.0,100,68,0.0,-30.9942
donchian_55,US2000.cash,H1,1.1,1.5,1.6500000000000001,True,179,0.0,-3.5516,-3.5516,0.0,-741.77,0.36,179,742.62,0.74,,-2.459,-90.91,0.05,-100.0,111,68,0.0,-3.201
donchian_55,US2000.cash,M15,1.1,1.5,1.6500000000000001,True,188,0.0,-6.6046,-6.6046,0.0,-765.03,1.533,188,765.03,0.77,,-1.837,-90.91,0.05,-100.0,111,77,0.0,-5.811
donchian_55,US500.cash,M15,1.1,1.5,1.6500000000000001,True,173,0.0,-3.8186,-3.8186,0.0,-704.48,1.411,173,704.48,0.7,,-1.794,-90.91,0.05,-100.0,89,84,0.0,-3.556
rsi_30_70,AMD,H1,1.1,1.5,1.6500000000000001,True,121,0.0,-15.9841,-15.9841,0.0,-484.37,0.074,121,484.5,0.48,,-2.495,-90.91,0.05,-100.0,80,41,0.0,-12.5841
rsi_30_70,AMD,M15,1.1,1.5,1.6500000000000001,True,108,0.0,-21.757,-21.757,0.0,-439.52,0.269,108,439.56,0.44,,-1.933,-90.91,0.05,-100.0,65,43,0.0,-14.6795
rsi_30_70,AMZN,H1,1.1,1.5,1.6500000000000001,True,105,0.0,-16.2082,-16.2082,0.0,-421.29,0.063,105,421.38,0.42,,-3.002,-90.91,0.05,-100.0,57,48,0.0,-13.5231
rsi_30_70,AMZN,M15,1.1,1.5,1.6500000000000001,True,121,0.0,-26.6918,-26.6918,0.0,-486.29,0.269,121,486.43,0.49,,-3.194,-90.91,0.05,-100.0,70,51,0.0,-24.7163
rsi_30_70,AVGO,H1,1.1,1.5,1.6500000000000001,True,104,0.0,-30.7754,-30.7754,0.0,-409.5,0.062,104,409.53,0.41,,-1.215,-90.91,0.05,-100.0,61,43,0.0,-8.4599
rsi_30_70,AVGO,M15,1.1,1.5,1.6500000000000001,True,109,0.0,-15.2691,-15.2691,0.0,-437.09,0.242,109,437.15,0.44,,-2.608,-90.91,0.05,-100.0,61,48,0.0,-11.9619
rsi_30_70,CSCO,H1,1.1,1.5,1.6500000000000001,True,102,0.0,-78.4531,-78.4531,0.0,-407.1,0.061,102,407.13,0.41,,-2.939,-90.91,0.05,-100.0,65,37,0.0,-71.1358
rsi_30_70,CSCO,M15,1.1,1.5,1.6500000000000001,True,97,0.0,-119.4243,-119.4243,0.0,-388.06,0.215,97,388.07,0.39,,-2.73,-90.91,0.05,-100.0,62,35,0.0,-86.8215
rsi_30_70,HK50.cash,M15,1.1,1.5,1.6500000000000001,True,120,0.0,-4.2478,-4.2478,0.0,-498.86,0.627,120,498.86,0.5,,-2.521,-90.91,0.05,-100.0,75,45,0.0,-3.6589
rsi_30_70,INTC,H1,1.1,1.5,1.6500000000000001,True,124,0.0,-77.3946,-77.3946,0.0,-497.09,0.074,124,497.09,0.5,,-2.898,-90.91,0.05,-100.0,82,42,0.0,-79.9316
rsi_30_70,INTC,M15,1.1,1.5,1.6500000000000001,True,120,0.0,-138.0625,-138.0625,0.0,-480.03,0.267,120,480.03,0.48,,-1.625,-90.91,0.05,-100.0,66,54,0.0,-80.0301
rsi_30_70,JP225.cash,M15,1.1,1.5,1.6500000000000001,True,114,0.0,-3.3332,-3.3332,0.0,-479.23,0.93,114,479.46,0.48,,-1.974,-90.91,0.05,-100.0,68,46,0.0,-2.9798
rsi_30_70,MSFT,H1,1.1,1.5,1.6500000000000001,True,122,0.0,-9.4898,-9.4898,0.0,-488.0,0.073,122,488.2,0.49,,-3.548,-90.91,0.05,-100.0,71,51,0.0,-8.2841
rsi_30_70,MSFT,M15,1.1,1.5,1.6500000000000001,True,127,0.0,-18.3367,-18.3367,0.0,-516.35,0.283,127,516.35,0.52,,-3.184,-90.91,0.05,-100.0,66,61,0.0,-16.6129
rsi_30_70,NVDA,H1,1.1,1.5,1.6500000000000001,True,103,0.0,-41.9245,-41.9245,0.0,-412.08,0.062,103,412.09,0.41,,-1.16,-90.91,0.05,-100.0,57,46,0.0,-12.983
rsi_30_70,NVDA,M15,1.1,1.5,1.6500000000000001,True,111,0.0,-26.1526,-26.1526,0.0,-445.08,0.247,111,445.1,0.45,,-3.754,-90.91,0.05,-100.0,57,54,0.0,-25.0134
rsi_30_70,US2000.cash,M15,1.1,1.5,1.6500000000000001,True,126,0.0,-5.9565,-5.9565,0.0,-520.57,1.028,126,520.57,0.52,,-1.666,-90.91,0.05,-100.0,79,47,0.0,-5.1224
rsi_30_70,US500.cash,M15,1.1,1.5,1.6500000000000001,True,113,0.0,-3.3029,-3.3029,0.0,-454.99,0.922,113,455.64,0.46,,-1.792,-90.91,0.05,-100.0,75,38,0.0,-2.8794
ema_cross_12_26,GBPJPY,D1,1.2,1.5,1.7999999999999998,True,33,72.73,0.5067,0.5067,2.954,2726.92,0.012,2,470.77,0.46,179.0,0.508,50.0,0.05,-30.78,24,9,88.89,0.8687
ema_cross_9_20,USDSEK,D1,1.2,1.5,1.7999999999999998,True,42,66.67,0.373,0.373,2.082,2601.12,0.015,4,665.98,0.66,324.0,0.355,38.89,0.05,-106.8,28,14,71.43,0.4815
ema_cross_12_26,USDJPY,D1,1.2,1.5,1.7999999999999998,True,33,66.67,0.3519,0.3519,2.259,1395.73,0.012,3,418.19,0.42,237.0,0.332,38.89,0.05,-66.16,21,12,83.33,0.7394
ema_cross_9_20,US30.cash,D1,1.2,1.5,1.7999999999999998,True,34,64.71,0.3062,0.3062,1.879,946.69,0.013,4,449.78,0.45,719.0,0.287,35.29,0.05,-308.92,23,11,81.82,0.6865
donchian_55,XAUUSD,D1,1.2,1.5,1.7999999999999998,True,68,63.24,0.3121,0.3121,1.547,7740.44,0.024,3,2643.37,2.43,,0.292,32.6,0.05,26.88,35,33,57.58,0.1906
ema_cross_9_20,GBPJPY,D1,1.2,1.5,1.7999999999999998,True,43,62.79,0.2883,0.2883,1.746,2004.08,0.015,3,763.19,0.76,328.0,0.268,31.78,0.05,-113.16,30,13,84.62,0.7709
donchian_55,US100.cash,D1,1.2,1.5,1.7999999999999998,True,46,60.87,0.1524,0.1524,1.446,362.06,0.024,2,193.36,0.19,138.0,0.141,28.26,0.05,-19.83,27,19,57.89,0.0869
ema_cross_12_26,GBPUSD,D1,1.2,1.5,1.7999999999999998,True,33,60.61,0.2163,0.2163,1.253,642.74,0.012,4,1712.13,1.7,,0.201,27.78,0.05,15.96,23,10,90.0,0.8028
ema_cross_9_20,EURUSD,D1,1.2,1.5,1.7999999999999998,True,38,60.53,0.1986,0.1986,1.228,451.61,0.013,5,1072.75,1.07,815.0,0.184,27.63,0.05,-360.47,24,14,92.86,0.8651
ema_cross_12_26,USDSEK,D1,1.2,1.5,1.7999999999999998,True,38,60.53,0.2377,0.2377,1.451,1245.56,0.013,3,929.11,0.91,,0.218,27.63,0.05,17.03,25,13,53.85,0.0934
ema_cross_9_20,EURJPY,D1,1.2,1.5,1.7999999999999998,True,40,60.0,0.2162,0.2162,1.686,1310.52,0.014,3,541.04,0.54,559.0,0.197,26.67,0.05,-232.63,27,13,61.54,0.2612
ema_cross_9_20,GER40.cash,D1,1.2,1.5,1.7999999999999998,True,38,57.89,0.1021,0.1021,1.364,306.68,0.013,3,251.49,0.25,325.0,0.093,22.81,0.05,-118.44,21,17,58.82,0.1093
donchian_20,XAUUSD,D1,1.2,1.5,1.7999999999999998,True,93,56.99,0.1749,0.1749,1.239,5227.43,0.033,5,3051.84,2.89,33.0,0.16,21.15,0.05,20.39,52,41,53.66,0.1047
rsi_30_70,GER40.cash,H1,1.2,1.5,1.7999999999999998,True,108,56.48,-0.1414,-0.1414,0.806,-182.28,0.211,7,368.94,0.37,,-0.13,20.22,0.05,-30.0,61,47,48.94,-0.2639
ema_cross_9_20,GBPUSD,D1,1.2,1.5,1.7999999999999998,True,39,56.41,0.1334,0.1334,1.263,781.81,0.014,5,1689.56,1.68,1177.0,0.122,20.09,0.05,-545.96,26,13,76.92,0.5517
ema_cross_12_26,USDCAD,D1,1.2,1.5,1.7999999999999998,True,34,55.88,0.1142,0.1142,1.115,175.12,0.012,3,423.11,0.42,311.0,0.103,19.12,0.05,-114.35,19,15,46.67,-0.0937
rsi_30_70,EURUSD,M15,1.2,1.5,1.7999999999999998,True,104,55.77,-0.2427,-0.2427,0.679,-234.19,0.902,3,251.61,0.25,,-0.22,18.91,0.05,-30.0,62,42,57.14,-0.2194
rsi_30_70,XPDUSD,H1,1.2,1.5,1.7999999999999998,True,54,55.56,0.1356,0.1356,1.196,1498.64,0.109,4,2520.96,2.49,82.2,0.123,18.52,0.05,2.52,23,31,54.84,0.1281
donchian_20,US500.cash,D1,1.2,1.5,1.7999999999999998,True,62,54.84,-0.3329,-0.3329,0.67,-122.62,0.032,5,147.34,0.15,,-0.293,17.2,0.05,-30.0,37,25,56.0,-0.2514
ema_cross_9_20,USDJPY,D1,1.2,1.5,1.7999999999999998,True,44,54.55,0.0838,0.0838,1.518,958.28,0.016,4,803.29,0.8,689.0,0.075,16.67,0.05,-303.44,29,15,73.33,0.5178
donchian_55,XPDUSD,D1,1.2,1.5,1.7999999999999998,True,48,54.17,0.1169,0.1169,1.017,411.97,0.017,6,9506.83,8.86,,0.106,15.97,0.05,-30.0,34,14,57.14,0.1814
donchian_20,US100.cash,D1,1.2,1.5,1.7999999999999998,True,61,54.1,0.0266,0.0266,1.084,120.38,0.032,4,346.78,0.35,367.0,0.024,15.85,0.05,-30.0,34,27,51.85,-0.0065
donchian_20,XPDUSD,D1,1.2,1.5,1.7999999999999998,True,78,53.85,0.1101,0.1101,0.921,-3113.7,0.028,5,13333.71,12.66,,0.1,15.38,0.05,-30.0,52,26,61.54,0.2774
donchian_55,XAUUSD,H1,1.2,1.5,1.7999999999999998,True,223,53.81,0.0909,0.0909,1.146,3380.53,0.449,11,3305.36,3.12,,0.083,15.32,0.05,20.88,145,78,52.56,0.0741
rsi_30_70,GBPUSD,H1,1.2,1.5,1.7999999999999998,True,95,53.68,-0.0393,-0.0393,0.943,-86.15,0.202,4,394.93,0.39,,-0.036,15.09,0.05,-30.0,60,35,51.43,-0.094
rsi_30_70,AUDUSD,H1,1.2,1.5,1.7999999999999998,True,82,53.66,-0.1087,-0.1087,0.947,-48.56,0.175,4,330.59,0.33,,-0.098,15.04,0.05,-30.0,51,31,48.39,-0.2044
donchian_55,XAGUSD,D1,1.2,1.5,1.7999999999999998,True,60,53.33,0.0954,0.0954,1.479,8968.14,0.021,5,6032.06,5.94,104.0,0.086,14.44,0.05,-10.81,29,31,58.06,0.2029
donchian_20,XAUUSD,H1,1.2,1.5,1.7999999999999998,True,320,52.81,0.0716,0.0716,1.133,4744.82,0.644,7,3328.98,3.18,39.3,0.065,13.49,0.05,24.13,201,119,49.58,0.0134
donchian_20,XAGUSD,D1,1.2,1.5,1.7999999999999998,True,91,52.75,0.0829,0.0829,1.037,1256.43,0.032,4,9590.97,8.65,,0.075,13.37,0.05,-30.0,47,44,52.27,0.0759
rsi_30_70,GBPJPY,H1,1.2,1.5,1.7999999999999998,True,74,52.7,-0.0462,-0.0462,0.97,-42.78,0.158,5,325.69,0.33,121.4,-0.042,13.29,0.05,-30.0,43,31,51.61,-0.0949
donchian_20,GBPJPY,D1,1.2,1.5,1.7999999999999998,True,80,52.5,0.059,0.059,1.129,753.9,0.028,4,1248.91,1.23,,0.053,12.92,0.05,11.55,47,33,45.45,-0.0928
donchian_55,GER40.cash,H1,1.2,1.5,1.7999999999999998,True,200,52.5,-0.3216,-0.3216,0.566,-663.06,0.39,9,695.19,0.7,,-0.29,12.92,0.05,-30.0,124,76,53.95,-0.256
rsi_30_70,NZDUSD,M15,1.2,1.5,1.7999999999999998,True,105,52.38,-0.3969,-0.3969,0.526,-321.38,0.91,9,327.94,0.33,,-0.353,12.7,0.05,-30.0,61,44,56.82,-0.3089
ema_pullback_20_50,XPDUSD,D1,1.2,1.5,1.7999999999999998,True,171,52.05,0.0066,0.0066,0.803,-12797.67,0.06,5,15921.86,15.44,,0.006,12.09,0.05,-30.0,96,75,48.0,-0.0895
ema_pullback_20_50,GBPJPY,D1,1.2,1.5,1.7999999999999998,True,150,52.0,-0.0201,-0.0201,1.149,1207.73,0.053,6,1597.1,1.59,405.0,-0.018,12.0,0.05,-157.8,93,57,61.4,0.2263
rsi_30_70,AUDUSD,M15,1.2,1.5,1.7999999999999998,True,85,51.76,-0.3032,-0.3032,0.61,-271.39,0.737,7,287.23,0.29,,-0.272,11.57,0.05,-30.0,49,36,58.33,-0.1501
donchian_20,GER40.cash,H1,1.2,1.5,1.7999999999999998,True,304,51.32,-0.3447,-0.3447,0.548,-1117.99,0.593,7,1149.24,1.15,,-0.311,10.75,0.05,-30.0,191,113,51.33,-0.3114
ema_cross_12_26,US30.cash,H1,1.2,1.5,1.7999999999999998,True,127,51.18,-0.2026,-0.2026,0.718,-422.77,0.255,9,515.42,0.52,,-0.181,10.5,0.05,-30.0,82,45,57.78,-0.0146
donchian_55,XPTUSD,D1,1.2,1.5,1.7999999999999998,True,47,51.06,0.0447,0.0447,1.211,2469.16,0.017,5,2390.81,2.37,209.0,0.04,10.28,0.05,-67.45,26,21,57.14,0.1792
ema_pullback_20_50,US100.cash,D1,1.2,1.5,1.7999999999999998,True,116,50.86,-0.1381,-0.1381,0.915,-190.27,0.06,6,460.1,0.46,665.0,-0.123,9.91,0.05,-30.0,64,52,51.92,-0.0902
donchian_20,GER40.cash,D1,1.2,1.5,1.7999999999999998,True,59,50.85,-0.0594,-0.0594,0.889,-169.65,0.02,4,372.92,0.37,,-0.054,9.89,0.05,-30.0,28,31,54.84,0.015
ema_cross_12_26,XAGUSD,H1,1.2,1.5,1.7999999999999998,True,122,50.82,0.0259,0.0259,0.933,-1647.21,0.245,4,6638.95,6.37,,0.023,9.84,0.05,-30.0,76,46,52.17,0.0745
donchian_20,US30.cash,D1,1.2,1.5,1.7999999999999998,True,73,50.68,-0.0036,-0.0036,1.148,384.89,0.028,3,437.39,0.44,190.0,-0.003,9.59,0.05,-56.81,38,35,51.43,0.0263
rsi_30_70,XPTUSD,H1,1.2,1.5,1.7999999999999998,True,73,50.68,0.0264,0.0264,0.944,-822.31,0.147,6,5219.62,5.13,,0.024,9.59,0.05,-30.0,30,43,51.16,0.0493
donchian_20,EURJPY,D1,1.2,1.5,1.7999999999999998,True,75,50.67,0.0086,0.0086,1.051,222.95,0.027,5,917.95,0.91,637.0,0.008,9.56,0.05,-30.0,41,34,50.0,-0.0003
rsi_30_70,EURJPY,H1,1.2,1.5,1.7999999999999998,True,85,50.59,-0.1283,-0.1283,0.811,-247.64,0.181,7,442.51,0.44,,-0.116,9.41,0.05,-30.0,54,31,58.06,0.0151
rsi_30_70,GBPJPY,M15,1.2,1.5,1.7999999999999998,True,91,50.55,-0.2208,-0.2208,0.804,-187.42,0.789,8,286.53,0.29,,-0.196,9.34,0.05,-30.0,57,34,47.06,-0.3352
rsi_30_70,US100.cash,H1,1.2,1.5,1.7999999999999998,True,111,50.45,-0.2707,-0.2707,0.702,-306.03,0.223,4,355.83,0.36,,-0.24,9.16,0.05,-30.0,65,46,56.52,-0.112
ema_cross_12_26,XAUUSD,H1,1.2,1.5,1.7999999999999998,True,119,50.42,0.0228,0.0228,1.067,985.77,0.239,5,2227.4,2.16,,0.021,9.1,0.05,-30.0,70,49,44.9,-0.082
ema_cross_12_26,EURJPY,D1,1.2,1.5,1.7999999999999998,True,30,50.0,-0.0027,-0.0027,0.95,-102.29,0.011,5,943.62,0.94,,-0.002,8.33,0.05,-30.0,21,9,44.44,-0.1157
ema_cross_12_26,US100.cash,H1,1.2,1.5,1.7999999999999998,True,128,50.0,-0.3344,-0.3344,0.53,-559.93,0.257,6,588.06,0.59,,-0.301,8.33,0.05,-30.0,78,50,46.0,-0.3607
ema_pullback_20_50,AUDUSD,D1,1.2,1.5,1.7999999999999998,True,158,50.0,-0.0822,-0.0822,0.904,-588.13,0.056,6,1784.37,1.77,,-0.075,8.33,0.05,-30.0,86,72,56.94,0.071
donchian_20,UK100.cash,D1,1.2,1.5,1.7999999999999998,True,56,50.0,-0.1692,-0.1692,0.755,-161.55,0.018,5,262.47,0.26,,-0.153,8.33,0.05,-30.0,26,30,50.0,-0.1608
donchian_55,EURJPY,D1,1.2,1.5,1.7999999999999998,True,52,50.0,-0.0071,-0.0071,0.934,-207.15,0.018,4,810.11,0.81,,-0.006,8.33,0.05,-30.0,24,28,46.43,-0.081
donchian_55,UK100.cash,D1,1.2,1.5,1.7999999999999998,True,38,50.0,-0.192,-0.192,0.723,-121.96,0.012,4,184.23,0.18,,-0.172,8.33,0.05,-30.0,15,23,60.87,0.0513
ema_cross_9_20,USDCAD,M15,1.2,1.5,1.7999999999999998,True,181,49.72,-0.6009,-0.6009,0.349,-681.84,1.57,6,704.43,0.7,,-0.532,7.83,0.05,-30.0,107,74,47.3,-0.7131
donchian_55,GBPUSD,H1,1.2,1.5,1.7999999999999998,True,179,49.72,-0.1263,-0.1263,0.833,-500.15,0.381,7,657.0,0.66,,-0.114,7.82,0.05,-30.0,120,59,49.15,-0.1424
ema_cross_9_20,USDJPY,H1,1.2,1.5,1.7999999999999998,True,153,49.67,-0.1546,-0.1546,0.648,-869.18,0.326,6,929.51,0.93,,-0.141,7.73,0.05,-30.0,94,59,50.85,-0.1529
donchian_20,US30.cash,H1,1.2,1.5,1.7999999999999998,True,290,49.31,-0.259,-0.259,0.652,-1142.33,0.583,9,1259.7,1.26,,-0.235,7.07,0.05,-30.0,176,114,49.12,-0.2439
donchian_20,AUDUSD,D1,1.2,1.5,1.7999999999999998,True,65,49.23,-0.0351,-0.0351,1.116,385.82,0.023,7,725.74,0.72,,-0.032,6.92,0.05,5.58,37,28,42.86,-0.1896
donchian_55,GBPJPY,D1,1.2,1.5,1.7999999999999998,True,55,49.09,-0.0169,-0.0169,0.863,-617.9,0.02,6,1563.39,1.55,,-0.015,6.67,0.05,-30.0,29,26,42.31,-0.1638
donchian_55,US30.cash,H1,1.2,1.5,1.7999999999999998,True,159,49.06,-0.2689,-0.2689,0.628,-652.17,0.319,6,698.23,0.7,,-0.243,6.6,0.05,-30.0,97,62,54.84,-0.1303
donchian_20,EU50.cash,D1,1.2,1.5,1.7999999999999998,True,51,49.02,-0.3466,-0.3466,0.456,-232.24,0.026,5,266.39,0.27,,-0.32,6.54,0.05,-30.0,32,19,26.32,-0.7742
ema_cross_9_20,XAGUSD,D1,1.2,1.5,1.7999999999999998,True,45,48.89,-0.0014,-0.0014,0.588,-8424.57,0.016,4,11856.84,11.46,,-0.001,6.3,0.05,-30.0,24,21,42.86,-0.1302
ema_cross_12_26,USDSEK,M15,1.2,1.5,1.7999999999999998,True,135,48.89,-0.2915,-0.2915,0.679,-420.13,1.17,7,434.92,0.43,,-0.26,6.3,0.05,-30.0,84,51,52.94,-0.1677
donchian_55,XAUUSD,M15,1.2,1.5,1.7999999999999998,True,172,48.84,-0.0167,-0.0167,0.926,-1415.41,1.397,7,4406.58,4.33,,-0.015,6.2,0.05,-30.0,123,49,51.02,0.0337
ema_pullback_20_50,XAUUSD,D1,1.2,1.5,1.7999999999999998,True,170,48.82,-0.0675,-0.0675,1.03,1030.17,0.06,9,4574.52,4.48,1498.0,-0.061,6.18,0.05,-30.0,88,82,46.34,-0.1274
ema_pullback_20_50,EURJPY,D1,1.2,1.5,1.7999999999999998,True,166,48.8,-0.1086,-0.1086,0.864,-1074.65,0.059,7,2159.81,2.16,,-0.099,6.12,0.05,-30.0,103,63,53.97,0.0204
rsi_30_70,GBPUSD,M15,1.2,1.5,1.7999999999999998,True,109,48.62,-0.3072,-0.3072,0.605,-423.17,0.945,6,461.78,0.46,,-0.277,5.81,0.05,-30.0,68,41,56.1,-0.1617
donchian_55,EU50.cash,D1,1.2,1.5,1.7999999999999998,True,35,48.57,-0.4055,-0.4055,0.462,-146.7,0.018,3,152.03,0.15,,-0.363,5.71,0.05,-30.0,22,13,30.77,-0.7428
donchian_55,EURUSD,D1,1.2,1.5,1.7999999999999998,True,35,48.57,-0.0324,-0.0324,1.119,271.45,0.012,4,455.69,0.45,255.0,-0.029,5.71,0.05,-94.12,19,16,43.75,-0.1393
donchian_55,EURUSD,H1,1.2,1.5,1.7999999999999998,True,175,48.57,-0.1801,-0.1801,0.738,-717.54,0.373,8,907.03,0.91,,-0.164,5.71,0.05,-30.0,109,66,45.45,-0.2828
donchian_55,EURJPY,H1,1.2,1.5,1.7999999999999998,True,202,48.51,-0.1999,-0.1999,0.693,-877.95,0.43,8,1064.95,1.06,,-0.182,5.61,0.05,-30.0,117,85,49.41,-0.2029
ema_cross_12_26,XAUUSD,D1,1.2,1.5,1.7999999999999998,True,31,48.39,-0.0164,-0.0164,1.163,894.32,0.011,3,2080.77,2.05,,-0.015,5.38,0.05,2.99,20,11,45.45,-0.0777
ema_pullback_20_50,USDCHF,D1,1.2,1.5,1.7999999999999998,True,149,48.32,-0.1196,-0.1196,0.853,-1103.55,0.053,7,1546.0,1.54,,-0.107,5.26,0.05,-30.0,88,61,49.18,-0.0951
ema_pullback_20_50,US30.cash,D1,1.2,1.5,1.7999999999999998,True,166,48.19,-0.1697,-0.1697,0.902,-446.66,0.063,5,1211.53,1.21,,-0.152,5.02,0.05,-30.0,98,68,55.88,0.0145
rsi_30_70,XAUUSD,H1,1.2,1.5,1.7999999999999998,True,81,48.15,-0.0238,-0.0238,1.005,84.08,0.163,7,5191.82,5.14,,-0.022,4.94,0.05,-30.0,46,35,42.86,-0.1303
ema_cross_12_26,USDJPY,M15,1.2,1.5,1.7999999999999998,True,133,48.12,-0.4569,-0.4569,0.458,-534.81,1.153,9,583.75,0.58,,-0.409,4.89,0.05,-30.0,80,53,52.83,-0.4269
ema_cross_9_20,XAGUSD,M15,1.2,1.5,1.7999999999999998,True,158,48.1,-0.0188,-0.0188,1.053,1936.39,1.283,7,9111.31,8.31,,-0.017,4.85,0.05,-30.0,91,67,46.27,-0.0622
donchian_20,EURJPY,H1,1.2,1.5,1.7999999999999998,True,310,48.06,-0.2047,-0.2047,0.676,-1481.31,0.661,7,1539.06,1.54,,-0.186,4.78,0.05,-30.0,184,126,51.59,-0.15
donchian_55,XAGUSD,M15,1.2,1.5,1.7999999999999998,True,179,48.04,-0.0224,-0.0224,0.958,-1603.02,1.453,8,6973.61,6.64,,-0.02,4.75,0.05,-30.0,122,57,43.86,-0.1182
ema_cross_9_20,US30.cash,H1,1.2,1.5,1.7999999999999998,True,175,48.0,-0.2859,-0.2859,0.679,-652.06,0.352,12,716.63,0.72,,-0.255,4.67,0.05,-30.0,113,62,51.61,-0.1676
donchian_55,AUDUSD,M15,1.2,1.5,1.7999999999999998,True,175,48.0,-0.4548,-0.4548,0.415,-831.17,1.517,5,877.07,0.88,,-0.413,4.67,0.05,-30.0,108,67,47.76,-0.441
ema_pullback_20_50,XAGUSD,M15,1.2,1.5,1.7999999999999998,True,523,47.99,-0.0881,-0.0881,0.955,-3692.55,4.247,10,11429.99,10.68,,-0.08,4.65,0.05,-30.0,368,155,44.52,-0.1715
ema_cross_9_20,US100.cash,H1,1.2,1.5,1.7999999999999998,True,171,47.95,-0.3886,-0.3886,0.512,-778.42,0.344,6,817.2,0.82,,-0.352,4.58,0.05,-30.0,105,66,43.94,-0.4204
ema_cross_9_20,AUDUSD,D1,1.2,1.5,1.7999999999999998,True,48,47.92,-0.0557,-0.0557,1.037,93.91,0.017,6,744.11,0.74,,-0.05,4.51,0.05,-30.0,25,23,43.48,-0.1543
donchian_55,AUDUSD,H1,1.2,1.5,1.7999999999999998,True,192,47.92,-0.2676,-0.2676,0.668,-736.44,0.409,8,789.92,0.79,,-0.242,4.51,0.05,-30.0,100,92,52.17,-0.1889
donchian_55,GBPJPY,M15,1.2,1.5,1.7999999999999998,True,192,47.92,-0.3461,-0.3461,0.532,-840.34,1.664,7,860.48,0.86,,-0.314,4.51,0.05,-30.0,112,80,38.75,-0.596
ema_cross_12_26,USDCAD,M15,1.2,1.5,1.7999999999999998,True,140,47.86,-0.6142,-0.6142,0.336,-570.57,1.214,8,591.41,0.59,,-0.547,4.4,0.05,-30.0,85,55,52.73,-0.5532
donchian_20,XAGUSD,M15,1.2,1.5,1.7999999999999998,True,274,47.81,-0.0265,-0.0265,0.905,-6342.59,2.225,6,13324.35,12.58,,-0.024,4.32,0.05,-30.0,175,99,45.45,-0.0823
donchian_20,GBPUSD,H1,1.2,1.5,1.7999999999999998,True,295,47.8,-0.1708,-0.1708,0.746,-1302.53,0.629,8,1428.38,1.43,,-0.155,4.29,0.05,-30.0,194,101,46.53,-0.2021
ema_cross_9_20,XPTUSD,M15,1.2,1.5,1.7999999999999998,True,176,47.73,-0.0392,-0.0392,1.005,92.0,1.429,7,4708.73,4.5,,-0.036,4.17,0.05,-30.0,104,72,41.67,-0.1779
ema_pullback_20_50,XAGUSD,D1,1.2,1.5,1.7999999999999998,True,176,47.73,-0.1005,-0.1005,0.693,-15372.31,0.062,6,16950.31,16.69,,-0.091,4.17,0.05,-30.0,101,75,46.67,-0.107
rsi_30_70,EURJPY,M15,1.2,1.5,1.7999999999999998,True,88,47.73,-0.3658,-0.3658,0.532,-415.01,0.763,8,488.98,0.49,,-0.327,4.17,0.05,-30.0,59,29,48.28,-0.4347
ema_cross_12_26,EURJPY,H1,1.2,1.5,1.7999999999999998,True,133,47.37,-0.2055,-0.2055,0.732,-557.25,0.283,6,726.16,0.73,,-0.186,3.51,0.05,-30.0,84,49,51.02,-0.1457
rsi_30_70,EURUSD,H1,1.2,1.5,1.7999999999999998,True,93,47.31,-0.2122,-0.2122,0.714,-397.83,0.198,5,609.6,0.61,,-0.191,3.41,0.05,-30.0,54,39,35.9,-0.4774
donchian_20,USDSEK,D1,1.2,1.5,1.7999999999999998,True,74,47.3,-0.0539,-0.0539,0.868,-946.33,0.026,6,2476.32,2.44,,-0.049,3.38,0.05,-30.0,46,28,39.29,-0.2261
ema_pullback_20_50,XAGUSD,H1,1.2,1.5,1.7999999999999998,True,602,47.18,-0.1162,-0.1162,0.947,-4509.03,1.211,10,14625.38,13.42,,-0.105,3.16,0.05,-30.0,369,233,48.93,-0.0486
donchian_20,USDJPY,D1,1.2,1.5,1.7999999999999998,True,85,47.06,-0.0779,-0.0779,0.89,-544.94,0.03,5,907.59,0.91,811.0,-0.07,2.94,0.05,-30.0,44,41,48.78,-0.0292
donchian_55,USDCAD,H1,1.2,1.5,1.7999999999999998,True,168,47.02,-0.3231,-0.3231,0.527,-887.97,0.358,7,895.19,0.9,,-0.294,2.88,0.05,-30.0,103,65,50.77,-0.2611
ema_cross_12_26,EURUSD,D1,1.2,1.5,1.7999999999999998,True,32,46.88,-0.0454,-0.0454,0.927,-142.09,0.011,5,1289.12,1.29,,-0.041,2.6,0.05,-30.0,21,11,72.73,0.5786
donchian_20,XAGUSD,H1,1.2,1.5,1.7999999999999998,True,308,46.75,-0.0622,-0.0622,0.94,-3461.86,0.62,6,12335.84,11.4,,-0.056,2.38,0.05,-30.0,179,129,48.84,-0.0015
ema_cross_9_20,USDJPY,M15,1.2,1.5,1.7999999999999998,True,184,46.74,-0.4843,-0.4843,0.443,-783.65,1.596,6,836.45,0.84,,-0.435,2.36,0.05,-30.0,111,73,46.58,-0.5542
ema_cross_12_26,USDCHF,M15,1.2,1.5,1.7999999999999998,True,137,46.72,-0.4636,-0.4636,0.422,-651.23,1.188,7,681.87,0.68,,-0.423,2.31,0.05,-30.0,78,59,42.37,-0.5796
ema_cross_9_20,US100.cash,M15,1.2,1.5,1.7999999999999998,True,152,46.71,-0.6792,-0.6792,0.316,-561.64,1.24,6,582.87,0.58,,-0.588,2.3,0.05,-30.0,99,53,52.83,-0.6502
ema_cross_9_20,XAUUSD,H1,1.2,1.5,1.7999999999999998,True,167,46.71,-0.0599,-0.0599,0.894,-2403.89,0.336,5,5576.96,5.41,,-0.055,2.3,0.05,-30.0,102,65,44.62,-0.0909
ema_cross_9_20,XPTUSD,D1,1.2,1.5,1.7999999999999998,True,45,46.67,-0.0512,-0.0512,0.625,-5284.44,0.016,3,5559.21,5.54,,-0.046,2.22,0.05,-30.0,27,18,55.56,0.1449
ema_cross_9_20,USDSEK,M15,1.2,1.5,1.7999999999999998,True,178,46.63,-0.3318,-0.3318,0.585,-787.73,1.543,4,787.73,0.79,,-0.3,2.15,0.05,-30.0,107,71,49.3,-0.2479
ema_cross_9_20,GER40.cash,H1,1.2,1.5,1.7999999999999998,True,176,46.59,-0.4221,-0.4221,0.483,-870.53,0.343,6,1012.84,1.01,,-0.381,2.08,0.05,-30.0,107,69,49.28,-0.3386
ema_pullback_20_50,XPTUSD,D1,1.2,1.5,1.7999999999999998,True,187,46.52,-0.1189,-0.1189,0.782,-8013.02,0.066,7,10262.26,10.04,,-0.108,1.96,0.05,-30.0,119,68,47.06,-0.0946
ema_pullback_20_50,USDJPY,D1,1.2,1.5,1.7999999999999998,True,157,46.5,-0.1775,-0.1775,0.886,-713.63,0.056,7,1415.6,1.42,,-0.158,1.91,0.05,-30.0,99,58,53.45,0.0236
ema_cross_9_20,USDCHF,M15,1.2,1.5,1.7999999999999998,True,185,46.49,-0.4612,-0.4612,0.452,-829.42,1.604,8,875.8,0.88,,-0.415,1.89,0.05,-30.0,112,73,47.95,-0.4374
rsi_30_70,EURGBP,M15,1.2,1.5,1.7999999999999998,True,84,46.43,-0.6018,-0.6018,0.329,-387.11,0.728,9,400.35,0.4,,-0.549,1.79,0.05,-30.0,53,31,41.94,-0.7195
ema_cross_9_20,XAUUSD,D1,1.2,1.5,1.7999999999999998,True,41,46.34,-0.0592,-0.0592,1.042,402.33,0.014,4,2626.7,2.55,,-0.053,1.63,0.05,-30.0,28,13,46.15,-0.0592
ema_cross_9_20,XPDUSD,D1,1.2,1.5,1.7999999999999998,True,41,46.34,-0.0521,-0.0521,0.556,-13628.37,0.014,5,16225.92,15.87,,-0.047,1.63,0.05,-30.0,25,16,50.0,0.0265
donchian_20,USDJPY,M15,1.2,1.5,1.7999999999999998,True,311,46.3,-0.4987,-0.4987,0.4,-1472.16,2.697,10,1501.55,1.5,,-0.453,1.55,0.05,-30.0,194,117,47.01,-0.5624
donchian_55,US30.cash,D1,1.2,1.5,1.7999999999999998,True,54,46.3,-0.1014,-0.1014,0.837,-334.07,0.02,4,647.79,0.65,,-0.092,1.54,0.05,-30.0,25,29,44.83,-0.1174
donchian_20,GBPJPY,H1,1.2,1.5,1.7999999999999998,True,296,46.28,-0.2012,-0.2012,0.717,-1540.83,0.631,7,1645.92,1.64,,-0.183,1.52,0.05,-30.0,170,126,46.03,-0.2196
donchian_20,AUDUSD,H1,1.2,1.5,1.7999999999999998,True,318,46.23,-0.2984,-0.2984,0.582,-1677.93,0.678,7,1783.25,1.78,,-0.272,1.42,0.05,-30.0,184,134,50.75,-0.2076
ema_cross_12_26,GER40.cash,H1,1.2,1.5,1.7999999999999998,True,132,46.21,-0.4098,-0.4098,0.464,-723.8,0.258,5,760.99,0.76,,-0.372,1.39,0.05,-30.0,84,48,47.92,-0.3266
donchian_20,USDCAD,D1,1.2,1.5,1.7999999999999998,True,78,46.15,-0.1002,-0.1002,0.813,-772.82,0.028,4,1101.55,1.1,,-0.091,1.28,0.05,-30.0,45,33,39.39,-0.2537
rsi_30_70,XAUUSD,M15,1.2,1.5,1.7999999999999998,True,104,46.15,-0.0693,-0.0693,0.978,-370.42,0.844,8,4985.54,4.77,,-0.063,1.28,0.05,-30.0,50,54,35.19,-0.3129
ema_pullback_20_50,GER40.cash,D1,1.2,1.5,1.7999999999999998,True,150,46.0,-0.2727,-0.2727,0.63,-1163.41,0.051,7,1354.85,1.35,,-0.244,1.0,0.05,-30.0,75,75,49.33,-0.2044
ema_cross_9_20,GBPJPY,H1,1.2,1.5,1.7999999999999998,True,174,45.98,-0.2008,-0.2008,0.705,-1002.88,0.371,7,1213.94,1.21,,-0.182,0.96,0.05,-30.0,112,62,51.61,-0.0843
rsi_30_70,XAGUSD,M15,1.2,1.5,1.7999999999999998,True,109,45.87,-0.0666,-0.0666,1.058,1971.23,0.885,5,6005.97,5.59,,-0.06,0.76,0.05,-30.0,57,52,38.46,-0.233
ema_cross_9_20,NZDUSD,M15,1.2,1.5,1.7999999999999998,True,177,45.76,-0.581,-0.581,0.358,-800.97,1.535,7,810.21,0.81,,-0.523,0.56,0.05,-30.0,103,74,45.95,-0.6093
ema_cross_12_26,XAGUSD,D1,1.2,1.5,1.7999999999999998,True,35,45.71,-0.0716,-0.0716,0.429,-10302.23,0.012,4,12145.41,11.93,,-0.064,0.48,0.05,-30.0,21,14,35.71,-0.2873
donchian_55,GBPUSD,M15,1.2,1.5,1.7999999999999998,True,173,45.66,-0.3748,-0.3748,0.544,-839.92,1.5,8,855.76,0.86,,-0.338,0.39,0.05,-30.0,89,84,50.0,-0.2809
ema_cross_12_26,XPTUSD,M15,1.2,1.5,1.7999999999999998,True,138,45.65,-0.0848,-0.0848,0.945,-859.89,1.12,5,3776.71,3.68,,-0.077,0.36,0.05,-30.0,89,49,40.82,-0.1957
donchian_20,EURUSD,D1,1.2,1.5,1.7999999999999998,True,68,45.59,-0.1006,-0.1006,0.865,-637.81,0.024,6,1954.36,1.95,,-0.091,0.25,0.05,-30.0,41,27,55.56,0.1191
donchian_20,EURUSD,H1,1.2,1.5,1.7999999999999998,True,294,45.58,-0.2528,-0.2528,0.626,-1770.0,0.626,7,1842.91,1.84,,-0.231,0.23,0.05,-30.0,181,113,42.48,-0.354
ema_pullback_20_50,XAUUSD,H1,1.2,1.5,1.7999999999999998,True,654,45.57,-0.1591,-0.1591,0.816,-11063.7,1.316,7,11474.18,11.46,,-0.144,0.2,0.05,-30.0,410,244,43.44,-0.1807
ema_pullback_20_50,EURJPY,H1,1.2,1.5,1.7999999999999998,True,607,45.47,-0.4304,-0.4304,0.568,-3091.73,1.293,7,3214.3,3.21,,-0.379,0.03,0.05,-30.0,356,251,47.41,-0.4265
ema_cross_9_20,EURJPY,H1,1.2,1.5,1.7999999999999998,True,174,45.4,-0.2507,-0.2507,0.61,-1127.08,0.371,7,1346.54,1.34,,-0.229,-0.1,0.05,-100.0,109,65,46.15,-0.2519
ema_cross_12_26,USDCNH,H1,1.2,1.5,1.7999999999999998,True,130,45.38,-0.5958,-0.5958,0.395,-579.53,0.277,8,587.54,0.59,,-0.528,-0.13,0.05,-100.0,80,50,38.0,-0.798
donchian_55,XAGUSD,H1,1.2,1.5,1.7999999999999998,True,216,45.37,-0.0931,-0.0931,0.716,-11978.74,0.435,7,13968.17,13.79,,-0.085,-0.15,0.05,-100.0,125,91,45.05,-0.0865
donchian_55,XPTUSD,M15,1.2,1.5,1.7999999999999998,True,172,45.35,-0.092,-0.092,0.798,-4193.1,1.396,6,5098.24,5.05,,-0.084,-0.19,0.05,-100.0,113,59,38.98,-0.2365
rsi_30_70,USDSEK,M15,1.2,1.5,1.7999999999999998,True,86,45.35,-0.3248,-0.3248,0.569,-462.08,0.746,8,588.64,0.59,,-0.297,-0.19,0.05,-100.0,55,31,54.84,-0.0812
donchian_20,AUDUSD,M15,1.2,1.5,1.7999999999999998,True,309,45.31,-0.5253,-0.5253,0.384,-1550.68,2.679,7,1576.22,1.58,,-0.476,-0.27,0.05,-100.0,189,120,45.83,-0.5037
ema_cross_9_20,USDCNH,H1,1.2,1.5,1.7999999999999998,True,168,45.24,-0.6108,-0.6108,0.365,-782.14,0.358,9,796.67,0.8,,-0.548,-0.4,0.05,-100.0,107,61,36.07,-0.8664
ema_cross_12_26,EURUSD,H1,1.2,1.5,1.7999999999999998,True,126,45.24,-0.2652,-0.2652,0.641,-704.02,0.268,6,791.62,0.79,,-0.241,-0.4,0.05,-100.0,77,49,44.9,-0.3117
donchian_55,AUDUSD,D1,1.2,1.5,1.7999999999999998,True,42,45.24,-0.1368,-0.1368,0.807,-473.39,0.015,4,926.11,0.92,,-0.125,-0.4,0.05,-100.0,20,22,40.91,-0.2544
ema_cross_12_26,GBPJPY,M15,1.2,1.5,1.7999999999999998,True,135,45.19,-0.4024,-0.4024,0.505,-669.48,1.17,7,690.83,0.69,,-0.365,-0.49,0.05,-100.0,79,56,50.0,-0.3479
donchian_20,HK50.cash,D1,1.2,1.5,1.7999999999999998,True,51,45.1,-0.4996,-0.4996,0.365,-252.28,0.026,6,266.67,0.27,,-0.461,-0.65,0.05,-100.0,24,27,48.15,-0.431
ema_cross_9_20,XAGUSD,H1,1.2,1.5,1.7999999999999998,True,167,44.91,-0.1038,-0.1038,0.944,-1821.1,0.336,5,10118.96,9.43,,-0.094,-1.0,0.05,-100.0,106,61,50.82,0.0449
donchian_20,XPTUSD,M15,1.2,1.5,1.7999999999999998,True,294,44.9,-0.102,-0.102,0.824,-6250.34,2.387,8,8508.83,8.33,,-0.093,-1.02,0.05,-100.0,184,110,41.82,-0.1752
ema_pullback_20_50,USDCAD,D1,1.2,1.5,1.7999999999999998,True,183,44.81,-0.2182,-0.2182,0.712,-2150.0,0.065,6,2437.83,2.44,,-0.198,-1.18,0.05,-100.0,100,83,50.6,-0.0989
donchian_55,NZDUSD,D1,1.2,1.5,1.7999999999999998,True,38,44.74,-0.1252,-0.1252,0.851,-325.51,0.013,4,857.35,0.85,,-0.113,-1.32,0.05,-100.0,24,14,35.71,-0.3264
ema_cross_9_20,AUDUSD,M15,1.2,1.5,1.7999999999999998,True,179,44.69,-0.5205,-0.5205,0.433,-834.33,1.552,6,853.37,0.85,,-0.468,-1.4,0.05,-100.0,109,70,40.0,-0.6237
ema_cross_9_20,USDCAD,D1,1.2,1.5,1.7999999999999998,True,45,44.44,-0.1367,-0.1367,0.662,-901.95,0.016,4,1014.09,1.01,,-0.124,-1.85,0.05,-100.0,25,20,40.0,-0.2411
ema_cross_12_26,US30.cash,M15,1.2,1.5,1.7999999999999998,True,126,44.44,-0.5886,-0.5886,0.369,-571.18,1.028,9,582.02,0.58,,-0.526,-1.85,0.05,-100.0,80,46,41.3,-0.6089
ema_pullback_20_50,GBPUSD,D1,1.2,1.5,1.7999999999999998,True,171,44.44,-0.1928,-0.1928,0.863,-1434.95,0.061,6,2169.71,2.16,,-0.173,-1.85,0.05,-100.0,93,78,43.59,-0.2134
donchian_20,XPTUSD,D1,1.2,1.5,1.7999999999999998,True,81,44.44,-0.1005,-0.1005,0.822,-4121.64,0.029,5,7553.43,7.47,,-0.091,-1.85,0.05,-100.0,51,30,53.33,0.0955
donchian_20,XAUUSD,M15,1.2,1.5,1.7999999999999998,True,291,44.33,-0.1153,-0.1153,0.861,-4747.23,2.363,9,8261.82,8.14,,-0.105,-2.06,0.05,-100.0,191,100,45.0,-0.1006
rsi_30_70,USDCAD,M15,1.2,1.5,1.7999999999999998,True,97,44.33,-0.7154,-0.7154,0.286,-444.94,0.841,8,461.72,0.46,,-0.641,-2.06,0.05,-100.0,52,45,44.44,-0.7766
ema_pullback_20_50,GBPJPY,H1,1.2,1.5,1.7999999999999998,True,585,44.27,-0.3872,-0.3872,0.601,-3432.09,1.247,8,3588.74,3.58,,-0.349,-2.17,0.05,-100.0,321,264,44.32,-0.4025
ema_pullback_20_50,USDJPY,H1,1.2,1.5,1.7999999999999998,True,562,44.13,-0.4683,-0.4683,0.544,-3118.53,1.198,7,3175.36,3.17,,-0.41,-2.43,0.05,-100.0,300,262,44.27,-0.5092
donchian_20,NZDUSD,D1,1.2,1.5,1.7999999999999998,True,66,43.94,-0.1285,-0.1285,0.876,-455.19,0.023,7,1201.19,1.19,,-0.117,-2.78,0.05,-100.0,42,24,33.33,-0.3396
donchian_55,USDJPY,H1,1.2,1.5,1.7999999999999998,True,198,43.94,-0.3017,-0.3017,0.605,-1163.71,0.422,7,1183.79,1.18,,-0.274,-2.78,0.05,-100.0,105,93,45.16,-0.3009
ema_cross_12_26,US2000.cash,D1,1.2,1.5,1.7999999999999998,True,32,43.75,-0.6938,-0.6938,0.29,-122.1,0.011,3,144.15,0.14,,-0.596,-3.12,0.05,-100.0,21,11,54.55,-0.4808
rsi_30_70,NZDUSD,H1,1.2,1.5,1.7999999999999998,True,96,43.75,-0.3643,-0.3643,0.614,-429.52,0.205,6,632.13,0.63,,-0.328,-3.12,0.05,-100.0,54,42,40.48,-0.4463
ema_pullback_20_50,GBPJPY,M15,1.2,1.5,1.7999999999999998,True,615,43.74,-0.6585,-0.6585,0.414,-2725.11,5.33,8,2728.81,2.73,,-0.547,-3.14,0.05,-100.0,343,272,42.65,-0.7488
donchian_20,US100.cash,H1,1.2,1.5,1.7999999999999998,True,325,43.69,-0.5322,-0.5322,0.436,-1627.58,0.653,12,1651.11,1.65,,-0.479,-3.23,0.05,-100.0,199,126,46.03,-0.4312
ema_cross_9_20,GBPUSD,H1,1.2,1.5,1.7999999999999998,True,156,43.59,-0.2649,-0.2649,0.643,-1014.16,0.332,7,1283.1,1.28,,-0.242,-3.42,0.05,-100.0,87,69,31.88,-0.5274
ema_cross_9_20,US30.cash,M15,1.2,1.5,1.7999999999999998,True,156,43.59,-0.5937,-0.5937,0.387,-691.12,1.272,8,698.37,0.7,,-0.526,-3.42,0.05,-100.0,96,60,41.67,-0.6143
ema_cross_12_26,AUDUSD,D1,1.2,1.5,1.7999999999999998,True,39,43.59,-0.1597,-0.1597,0.86,-313.26,0.014,4,764.23,0.76,,-0.145,-3.42,0.05,-100.0,23,16,37.5,-0.3061
ema_pullback_20_50,UK100.cash,D1,1.2,1.5,1.7999999999999998,True,138,43.48,-0.5286,-0.5286,0.502,-631.99,0.045,8,663.27,0.66,,-0.451,-3.62,0.05,-100.0,74,64,50.0,-0.3479
donchian_20,GBPJPY,M15,1.2,1.5,1.7999999999999998,True,313,43.45,-0.4442,-0.4442,0.452,-1750.93,2.713,8,1794.53,1.79,,-0.406,-3.67,0.05,-100.0,185,128,44.53,-0.4706
ema_cross_9_20,GBPJPY,M15,1.2,1.5,1.7999999999999998,True,175,43.43,-0.4389,-0.4389,0.463,-984.0,1.517,8,1020.3,1.02,,-0.401,-3.71,0.05,-100.0,101,74,48.65,-0.3706
ema_cross_12_26,XAUUSD,M15,1.2,1.5,1.7999999999999998,True,129,43.41,-0.1345,-0.1345,0.807,-3133.08,1.047,8,4957.76,4.92,,-0.123,-3.75,0.05,-100.0,74,55,43.64,-0.1303
rsi_30_70,USDSEK,H1,1.2,1.5,1.7999999999999998,True,106,43.4,-0.2385,-0.2385,0.68,-807.98,0.226,9,1041.37,1.04,,-0.218,-3.77,0.05,-100.0,67,39,46.15,-0.2082
ema_cross_12_26,AUDUSD,H1,1.2,1.5,1.7999999999999998,True,143,43.36,-0.3563,-0.3563,0.535,-881.76,0.305,5,992.27,0.99,,-0.326,-3.85,0.05,-100.0,92,51,35.29,-0.5248
ema_cross_12_26,USDJPY,H1,1.2,1.5,1.7999999999999998,True,120,43.33,-0.2969,-0.2969,0.517,-1009.47,0.256,5,1106.9,1.11,,-0.273,-3.89,0.05,-100.0,69,51,47.06,-0.2377
donchian_55,EURGBP,D1,1.2,1.5,1.7999999999999998,True,30,43.33,-0.1535,-0.1535,0.771,-474.61,0.011,5,1203.57,1.2,,-0.138,-3.89,0.05,-100.0,19,11,36.36,-0.3187
donchian_20,USDSEK,M15,1.2,1.5,1.7999999999999998,True,305,43.28,-0.3921,-0.3921,0.536,-1654.41,2.644,8,1677.69,1.68,,-0.356,-3.99,0.05,-100.0,182,123,41.46,-0.4163
ema_cross_12_26,XPTUSD,D1,1.2,1.5,1.7999999999999998,True,37,43.24,-0.1265,-0.1265,0.662,-3737.1,0.013,5,4444.66,4.41,,-0.114,-4.05,0.05,-100.0,21,16,37.5,-0.2524
donchian_20,US30.cash,M15,1.2,1.5,1.7999999999999998,True,266,43.23,-0.5887,-0.5887,0.392,-1232.52,2.17,8,1257.31,1.26,,-0.525,-4.07,0.05,-100.0,152,114,45.61,-0.4867
ema_cross_9_20,NZDUSD,H1,1.2,1.5,1.7999999999999998,True,169,43.2,-0.3804,-0.3804,0.565,-862.28,0.36,6,977.76,0.98,,-0.345,-4.14,0.05,-100.0,103,66,37.88,-0.4995
ema_pullback_20_50,USDCNH,D1,1.2,1.5,1.7999999999999998,True,44,43.18,-0.3565,-0.3565,0.637,-381.52,0.052,7,455.71,0.46,,-0.326,-4.17,0.05,-100.0,38,6,0.0,-1.2641
ema_pullback_20_50,EURUSD,H1,1.2,1.5,1.7999999999999998,True,501,43.11,-0.481,-0.481,0.628,-2363.58,1.068,10,2541.89,2.54,,-0.415,-4.29,0.05,-100.0,306,195,41.03,-0.5576
donchian_20,JP225.cash,D1,1.2,1.5,1.7999999999999998,True,58,43.1,-0.8013,-0.8013,0.249,-256.67,0.019,7,280.02,0.28,,-0.71,-4.31,0.05,-100.0,32,26,38.46,-0.7394
ema_pullback_20_50,XAUUSD,M15,1.2,1.5,1.7999999999999998,True,557,43.09,-0.2218,-0.2218,0.855,-6282.58,4.523,11,9321.03,9.1,,-0.202,-4.34,0.05,-100.0,371,186,43.01,-0.2383
ema_cross_12_26,AUDUSD,M15,1.2,1.5,1.7999999999999998,True,137,43.07,-0.5462,-0.5462,0.36,-770.01,1.188,7,782.13,0.78,,-0.503,-4.38,0.05,-100.0,86,51,41.18,-0.5889
donchian_20,US100.cash,M15,1.2,1.5,1.7999999999999998,True,267,43.07,-0.7195,-0.7195,0.304,-1012.96,2.178,7,1012.96,1.01,,-0.63,-4.37,0.05,-100.0,157,110,51.82,-0.569
ema_cross_12_26,GBPJPY,H1,1.2,1.5,1.7999999999999998,True,144,43.06,-0.2658,-0.2658,0.622,-1115.55,0.307,6,1254.87,1.25,,-0.243,-4.4,0.05,-100.0,89,55,41.82,-0.3019
ema_pullback_20_50,USDSEK,D1,1.2,1.5,1.7999999999999998,True,144,43.06,-0.2153,-0.2153,0.849,-1640.04,0.051,6,3482.66,3.42,,-0.195,-4.4,0.05,-100.0,75,69,40.58,-0.2672
ema_cross_9_20,GER40.cash,M15,1.2,1.5,1.7999999999999998,True,165,43.03,-0.7363,-0.7363,0.266,-741.01,1.242,6,748.88,0.75,,-0.64,-4.44,0.05,-100.0,103,62,50.0,-0.5103
ema_pullback_20_50,XPTUSD,M15,1.2,1.5,1.7999999999999998,True,516,43.02,-0.2138,-0.2138,0.818,-8382.62,4.189,11,8512.1,8.5,,-0.195,-4.46,0.05,-100.0,366,150,39.33,-0.3218
ema_cross_12_26,GBPUSD,H1,1.2,1.5,1.7999999999999998,True,135,42.96,-0.2761,-0.2761,0.619,-974.12,0.288,7,1140.54,1.14,,-0.253,-4.57,0.05,-100.0,79,56,37.5,-0.3968
donchian_20,USDJPY,H1,1.2,1.5,1.7999999999999998,True,319,42.95,-0.3155,-0.3155,0.562,-2220.31,0.68,11,2233.5,2.23,,-0.289,-4.6,0.05,-100.0,182,137,44.53,-0.3041
donchian_20,USDCAD,M15,1.2,1.5,1.7999999999999998,True,289,42.91,-0.7377,-0.7377,0.265,-1429.13,2.506,8,1438.06,1.44,,-0.668,-4.67,0.05,-100.0,174,115,44.35,-0.7571
donchian_55,GBPUSD,D1,1.2,1.5,1.7999999999999998,True,42,42.86,-0.1509,-0.1509,0.79,-841.19,0.015,5,1114.28,1.11,,-0.137,-4.76,0.05,-100.0,19,23,43.48,-0.1409
donchian_20,USDCAD,H1,1.2,1.5,1.7999999999999998,True,299,42.81,-0.4168,-0.4168,0.482,-1765.61,0.637,12,1796.92,1.8,,-0.381,-4.85,0.05,-100.0,181,118,42.37,-0.4425
ema_pullback_20_50,US30.cash,H1,1.2,1.5,1.7999999999999998,True,363,42.7,-0.5959,-0.5959,0.718,-1021.13,0.729,10,1259.6,1.26,,-0.472,-5.05,0.05,-100.0,204,159,40.88,-0.5549
donchian_55,GBPJPY,H1,1.2,1.5,1.7999999999999998,True,190,42.63,-0.283,-0.283,0.608,-1443.97,0.405,8,1553.54,1.55,,-0.259,-5.18,0.05,-100.0,102,88,39.77,-0.3579
ema_pullback_20_50,GBPUSD,H1,1.2,1.5,1.7999999999999998,True,498,42.57,-0.4383,-0.4383,0.637,-2638.47,1.061,9,2766.15,2.76,,-0.385,-5.29,0.05,-100.0,306,192,40.1,-0.4621
rsi_30_70,XPTUSD,M15,1.2,1.5,1.7999999999999998,True,94,42.55,-0.1483,-0.1483,0.697,-5185.37,0.763,5,6638.8,6.57,,-0.136,-5.32,0.05,-100.0,50,44,43.18,-0.1411
ema_cross_9_20,EURUSD,H1,1.2,1.5,1.7999999999999998,True,167,42.51,-0.3227,-0.3227,0.577,-1167.04,0.356,6,1308.6,1.31,,-0.296,-5.39,0.05,-100.0,101,66,39.39,-0.4253
donchian_20,US2000.cash,D1,1.2,1.5,1.7999999999999998,True,80,42.5,-0.7542,-0.7542,0.241,-340.31,0.028,6,343.6,0.34,,-0.675,-5.42,0.05,-100.0,43,37,35.14,-0.9245
ema_cross_12_26,XPTUSD,H1,1.2,1.5,1.7999999999999998,True,137,42.34,-0.1657,-0.1657,0.948,-813.0,0.275,8,3282.01,3.28,,-0.152,-5.72,0.05,-100.0,84,53,45.28,-0.0835
ema_cross_12_26,EURJPY,M15,1.2,1.5,1.7999999999999998,True,130,42.31,-0.561,-0.561,0.36,-725.02,1.127,9,738.84,0.74,,-0.514,-5.77,0.05,-100.0,82,48,50.0,-0.4532
rsi_30_70,USDCHF,H1,1.2,1.5,1.7999999999999998,True,104,42.31,-0.3079,-0.3079,0.579,-815.55,0.222,6,993.71,0.99,,-0.281,-5.77,0.05,-100.0,67,37,45.95,-0.2523
rsi_30_70,XAGUSD,H1,1.2,1.5,1.7999999999999998,True,78,42.31,-0.1518,-0.1518,0.758,-6958.76,0.157,11,11989.01,11.91,,-0.139,-5.77,0.05,-100.0,40,38,36.84,-0.2602
ema_cross_12_26,US100.cash,M15,1.2,1.5,1.7999999999999998,True,123,42.28,-0.7635,-0.7635,0.241,-536.61,1.003,12,555.19,0.56,,-0.675,-5.83,0.05,-100.0,82,41,48.78,-0.6984
ema_pullback_20_50,FRA40.cash,D1,1.2,1.5,1.7999999999999998,True,123,42.28,-0.5914,-0.5914,0.444,-651.83,0.064,6,760.89,0.76,,-0.512,-5.83,0.05,-100.0,78,45,37.78,-0.66
donchian_55,USDSEK,D1,1.2,1.5,1.7999999999999998,True,45,42.22,-0.1649,-0.1649,0.709,-1436.89,0.016,4,2046.76,2.04,,-0.15,-5.93,0.05,-100.0,29,16,37.5,-0.2648
donchian_55,US100.cash,H1,1.2,1.5,1.7999999999999998,True,211,42.18,-0.5917,-0.5917,0.37,-1128.53,0.424,7,1179.95,1.18,,-0.536,-6.0,0.05,-100.0,127,84,42.86,-0.5252
ema_pullback_20_50,XPTUSD,H1,1.2,1.5,1.7999999999999998,True,631,42.16,-0.2343,-0.2343,0.744,-15439.77,1.269,12,15954.81,15.94,,-0.214,-6.05,0.05,-100.0,385,246,42.68,-0.2019
rsi_30_70,USDJPY,H1,1.2,1.5,1.7999999999999998,True,114,42.11,-0.3053,-0.3053,0.573,-929.38,0.243,5,986.14,0.99,,-0.281,-6.14,0.05,-100.0,78,36,47.22,-0.2215
ema_cross_12_26,XPDUSD,M15,1.2,1.5,1.7999999999999998,True,145,42.07,-0.1694,-0.1694,0.713,-4377.05,1.177,6,5026.09,5.01,,-0.156,-6.21,0.05,-100.0,89,56,42.86,-0.1597
ema_pullback_20_50,EURUSD,D1,1.2,1.5,1.7999999999999998,True,157,42.04,-0.2544,-0.2544,0.808,-1467.03,0.056,8,2354.65,2.35,,-0.231,-6.26,0.05,-100.0,79,78,43.59,-0.2236
donchian_20,NZDUSD,H1,1.2,1.5,1.7999999999999998,True,293,41.98,-0.4095,-0.4095,0.54,-1613.81,0.624,8,1634.45,1.63,,-0.373,-6.37,0.05,-100.0,174,119,41.18,-0.4399
rsi_30_70,USDCHF,M15,1.2,1.5,1.7999999999999998,True,81,41.98,-0.4742,-0.4742,0.42,-496.66,0.702,6,541.52,0.54,,-0.435,-6.38,0.05,-100.0,47,34,41.18,-0.5024
ema_cross_12_26,USDCAD,H1,1.2,1.5,1.7999999999999998,True,124,41.94,-0.4336,-0.4336,0.422,-891.84,0.264,5,956.6,0.96,,-0.399,-6.45,0.05,-100.0,87,37,51.35,-0.2444
ema_cross_9_20,XPTUSD,H1,1.2,1.5,1.7999999999999998,True,167,41.92,-0.1752,-0.1752,0.914,-1654.77,0.336,6,4036.56,4.04,145.2,-0.161,-6.49,0.05,-100.0,103,64,50.0,0.0202
donchian_20,GBPUSD,M15,1.2,1.5,1.7999999999999998,True,291,41.92,-0.4739,-0.4739,0.446,-1761.15,2.523,15,1783.47,1.78,,-0.434,-6.47,0.05,-100.0,167,124,46.77,-0.3669
ema_cross_9_20,US2000.cash,D1,1.2,1.5,1.7999999999999998,True,43,41.86,-0.707,-0.707,0.292,-168.05,0.015,7,191.71,0.19,,-0.611,-6.59,0.05,-100.0,27,16,50.0,-0.6019
ema_pullback_20_50,NZDUSD,D1,1.2,1.5,1.7999999999999998,True,165,41.82,-0.2671,-0.2671,0.649,-2597.93,0.059,6,2779.15,2.78,,-0.246,-6.67,0.05,-100.0,100,65,40.0,-0.3226
donchian_20,FRA40.cash,D1,1.2,1.5,1.7999999999999998,True,55,41.82,-0.3853,-0.3853,0.484,-382.76,0.029,7,387.46,0.39,,-0.352,-6.67,0.05,-100.0,34,21,23.81,-0.7669
rsi_30_70,US30.cash,H1,1.2,1.5,1.7999999999999998,True,110,41.82,-0.3734,-0.3734,0.511,-819.01,0.221,7,853.33,0.85,,-0.341,-6.67,0.05,-100.0,59,51,39.22,-0.4299
rsi_30_70,US30.cash,M15,1.2,1.5,1.7999999999999998,True,122,41.8,-0.6346,-0.6346,0.42,-562.97,0.995,8,566.16,0.57,,-0.551,-6.69,0.05,-100.0,80,42,42.86,-0.5413
ema_cross_12_26,NZDUSD,M15,1.2,1.5,1.7999999999999998,True,134,41.79,-0.6773,-0.6773,0.292,-711.1,1.162,8,711.68,0.71,,-0.614,-6.72,0.05,-100.0,80,54,42.59,-0.6893
donchian_20,USDCHF,D1,1.2,1.5,1.7999999999999998,True,67,41.79,-0.1815,-0.1815,0.696,-1639.85,0.024,6,2064.15,2.06,,-0.166,-6.72,0.05,-100.0,43,24,45.83,-0.0926
donchian_55,EURUSD,M15,1.2,1.5,1.7999999999999998,True,158,41.77,-0.5461,-0.5461,0.393,-914.07,1.37,8,937.1,0.94,,-0.5,-6.75,0.05,-100.0,87,71,43.66,-0.5008
donchian_55,FRA40.cash,D1,1.2,1.5,1.7999999999999998,True,36,41.67,-0.4055,-0.4055,0.474,-235.34,0.019,7,278.74,0.28,,-0.368,-6.94,0.05,-100.0,21,15,20.0,-0.8675
ema_cross_12_26,XAGUSD,M15,1.2,1.5,1.7999999999999998,True,137,41.61,-0.1617,-0.1617,0.786,-7729.87,1.112,5,11525.25,11.15,,-0.149,-7.06,0.05,-100.0,79,58,39.66,-0.2078
ema_cross_9_20,XAUUSD,M15,1.2,1.5,1.7999999999999998,True,166,41.57,-0.1757,-0.1757,0.801,-4097.57,1.348,8,5600.9,5.55,,-0.161,-7.13,0.05,-100.0,94,72,40.28,-0.2035
donchian_55,NZDUSD,H1,1.2,1.5,1.7999999999999998,True,178,41.57,-0.4185,-0.4185,0.572,-894.32,0.379,18,1131.66,1.13,,-0.379,-7.12,0.05,-100.0,101,77,36.36,-0.5532
ema_cross_9_20,USDCHF,H1,1.2,1.5,1.7999999999999998,True,183,41.53,-0.3443,-0.3443,0.555,-1365.09,0.39,9,1380.17,1.38,,-0.317,-7.19,0.05,-100.0,108,75,36.0,-0.4811
donchian_55,NZDUSD,M15,1.2,1.5,1.7999999999999998,True,183,41.53,-0.6921,-0.6921,0.3,-943.4,1.587,7,962.66,0.96,,-0.636,-7.19,0.05,-100.0,114,69,39.13,-0.7354
donchian_55,US500.cash,D1,1.2,1.5,1.7999999999999998,True,53,41.51,-0.6451,-0.6451,0.318,-281.15,0.028,9,305.37,0.31,,-0.582,-7.23,0.05,-100.0,30,23,47.83,-0.4249
ema_pullback_20_50,USDCAD,H1,1.2,1.5,1.7999999999999998,True,552,41.49,-0.6812,-0.6812,0.455,-2633.22,1.176,13,2782.74,2.78,,-0.559,-7.28,0.05,-100.0,323,229,42.79,-0.6683
ema_cross_9_20,XPDUSD,H1,1.2,1.5,1.7999999999999998,True,181,41.44,-0.1841,-0.1841,0.812,-3788.8,0.364,7,4956.79,4.94,,-0.169,-7.37,0.05,-100.0,118,63,42.86,-0.1373
ema_pullback_20_50,US500.cash,D1,1.2,1.5,1.7999999999999998,True,111,41.44,-0.7665,-0.7665,0.378,-430.31,0.058,6,446.1,0.45,,-0.606,-7.36,0.05,-100.0,56,55,45.45,-0.5567
ema_pullback_20_50,XPDUSD,H1,1.2,1.5,1.7999999999999998,True,563,41.39,-0.2519,-0.2519,0.676,-17645.1,1.132,10,18003.09,17.95,,-0.231,-7.46,0.05,-100.0,338,225,40.89,-0.2378
ema_cross_9_20,EURJPY,M15,1.2,1.5,1.7999999999999998,True,174,41.38,-0.5857,-0.5857,0.37,-952.87,1.509,10,983.75,0.98,,-0.532,-7.47,0.05,-100.0,103,71,43.66,-0.5938
ema_cross_12_26,GER40.cash,M15,1.2,1.5,1.7999999999999998,True,133,41.35,-0.7933,-0.7933,0.26,-605.7,1.001,6,614.29,0.61,,-0.687,-7.52,0.05,-100.0,84,49,42.86,-0.6822
donchian_20,GBPUSD,D1,1.2,1.5,1.7999999999999998,True,75,41.33,-0.1834,-0.1834,0.69,-2400.77,0.027,6,3043.1,3.03,,-0.168,-7.56,0.05,-100.0,44,31,48.39,-0.032
ema_pullback_20_50,USDCHF,H1,1.2,1.5,1.7999999999999998,True,521,41.27,-0.5066,-0.5066,0.445,-4175.57,1.11,8,4190.64,4.19,,-0.457,-7.68,0.05,-100.0,295,226,43.36,-0.4761
ema_cross_9_20,AUDUSD,H1,1.2,1.5,1.7999999999999998,True,182,41.21,-0.4072,-0.4072,0.511,-1189.44,0.388,6,1285.13,1.28,,-0.374,-7.78,0.05,-100.0,113,69,39.13,-0.4481
ema_cross_9_20,XPDUSD,M15,1.2,1.5,1.7999999999999998,True,182,41.21,-0.1873,-0.1873,0.773,-4259.45,1.477,7,6322.84,6.23,,-0.172,-7.78,0.05,-100.0,111,71,38.03,-0.2648
donchian_20,XPTUSD,H1,1.2,1.5,1.7999999999999998,True,301,41.2,-0.1914,-0.1914,0.708,-11300.88,0.605,13,11416.8,11.41,,-0.176,-7.81,0.05,-100.0,186,115,43.48,-0.1233
ema_cross_12_26,NZDUSD,H1,1.2,1.5,1.7999999999999998,True,136,41.18,-0.4274,-0.4274,0.499,-834.12,0.29,7,935.92,0.94,,-0.391,-7.84,0.05,-100.0,86,50,44.0,-0.3721
donchian_20,NZDUSD,M15,1.2,1.5,1.7999999999999998,True,302,41.06,-0.6965,-0.6965,0.295,-1604.42,2.619,12,1636.86,1.64,,-0.635,-8.06,0.05,-100.0,196,106,42.45,-0.6726
ema_cross_12_26,NZDUSD,D1,1.2,1.5,1.7999999999999998,True,39,41.03,-0.1822,-0.1822,0.735,-587.29,0.014,4,875.68,0.88,,-0.168,-8.12,0.05,-100.0,20,19,36.84,-0.2463
donchian_20,EURJPY,M15,1.2,1.5,1.7999999999999998,True,315,40.95,-0.6005,-0.6005,0.34,-1811.96,2.731,10,1816.36,1.82,,-0.551,-8.25,0.05,-100.0,186,129,41.86,-0.6408
donchian_55,USDJPY,M15,1.2,1.5,1.7999999999999998,True,203,40.89,-0.6321,-0.6321,0.324,-1154.86,1.76,10,1154.86,1.15,,-0.581,-8.37,0.05,-100.0,124,79,36.71,-0.8046
ema_pullback_20_50,AUDUSD,H1,1.2,1.5,1.7999999999999998,True,569,40.77,-0.6088,-0.6088,0.484,-2981.89,1.212,11,3038.38,3.04,,-0.526,-8.58,0.05,-100.0,316,253,43.87,-0.5253
rsi_30_70,USDJPY,M15,1.2,1.5,1.7999999999999998,True,81,40.74,-0.5258,-0.5258,0.316,-664.4,0.702,9,691.49,0.69,,-0.492,-8.64,0.05,-100.0,45,36,50.0,-0.3808
donchian_20,EURGBP,D1,1.2,1.5,1.7999999999999998,True,64,40.62,-0.2152,-0.2152,0.703,-1282.89,0.023,11,2250.16,2.23,,-0.198,-8.85,0.05,-100.0,37,27,40.74,-0.2221
ema_pullback_20_50,EURGBP,D1,1.2,1.5,1.7999999999999998,True,158,40.51,-0.3033,-0.3033,0.614,-3329.99,0.056,11,3631.4,3.62,,-0.279,-9.07,0.05,-100.0,96,62,41.94,-0.301
donchian_20,XPDUSD,M15,1.2,1.5,1.7999999999999998,True,279,40.5,-0.2038,-0.2038,0.711,-8426.31,2.264,8,9012.9,8.98,,-0.188,-9.08,0.05,-100.0,180,99,35.35,-0.3237
ema_pullback_20_50,XPDUSD,M15,1.2,1.5,1.7999999999999998,True,588,40.31,-0.2853,-0.2853,0.619,-17680.12,4.772,10,17907.45,17.91,,-0.262,-9.44,0.05,-100.0,388,200,38.0,-0.358
donchian_20,GER40.cash,M15,1.2,1.5,1.7999999999999998,True,283,40.28,-0.8004,-0.8004,0.284,-1264.92,2.131,13,1291.36,1.29,,-0.686,-9.48,0.05,-100.0,173,110,43.64,-0.5724
ema_cross_9_20,EURGBP,H1,1.2,1.5,1.7999999999999998,True,179,40.22,-0.4579,-0.4579,0.41,-1294.35,0.381,8,1353.82,1.35,,-0.429,-9.59,0.05,-100.0,104,75,44.0,-0.3922
donchian_55,US30.cash,M15,1.2,1.5,1.7999999999999998,True,162,40.12,-0.6199,-0.6199,0.352,-917.67,1.321,11,944.0,0.94,,-0.56,-9.77,0.05,-100.0,88,74,39.19,-0.6016
donchian_55,EURJPY,M15,1.2,1.5,1.7999999999999998,True,182,40.11,-0.6314,-0.6314,0.313,-1078.22,1.578,16,1080.26,1.08,,-0.581,-9.8,0.05,-100.0,97,85,36.47,-0.7715
ema_cross_9_20,FRA40.cash,D1,1.2,1.5,1.7999999999999998,True,35,40.0,-0.4022,-0.4022,0.436,-302.38,0.018,6,334.79,0.33,,-0.37,-10.0,0.05,-100.0,19,16,31.25,-0.5922
donchian_55,GER40.cash,D1,1.2,1.5,1.7999999999999998,True,40,40.0,-0.287,-0.287,0.589,-507.64,0.014,6,572.28,0.57,,-0.263,-10.0,0.05,-100.0,17,23,47.83,-0.1123
donchian_55,US100.cash,M15,1.2,1.5,1.7999999999999998,True,173,39.88,-0.777,-0.777,0.289,-692.32,1.411,8,692.32,0.69,,-0.681,-10.21,0.05,-100.0,87,86,45.35,-0.6508
rsi_30_70,EURGBP,H1,1.2,1.5,1.7999999999999998,True,88,39.77,-0.4536,-0.4536,0.472,-581.18,0.188,6,634.46,0.63,,-0.415,-10.42,0.05,-100.0,58,30,40.0,-0.4625
ema_pullback_20_50,USDSEK,M15,1.2,1.5,1.7999999999999998,True,554,39.71,-0.6763,-0.6763,0.413,-3253.94,4.803,11,3265.1,3.26,,-0.571,-10.53,0.05,-100.0,302,252,40.48,-0.6604
donchian_55,USDJPY,D1,1.2,1.5,1.7999999999999998,True,58,39.66,-0.2422,-0.2422,0.654,-1294.24,0.021,5,1303.61,1.3,,-0.223,-10.63,0.05,-100.0,29,29,41.38,-0.1947
donchian_20,USDCHF,M15,1.2,1.5,1.7999999999999998,True,313,39.62,-0.6004,-0.6004,0.339,-1989.04,2.714,10,2000.12,2.0,,-0.555,-10.7,0.05,-100.0,194,119,39.5,-0.6225
ema_pullback_20_50,USDSEK,H1,1.2,1.5,1.7999999999999998,True,492,39.43,-0.452,-0.452,0.52,-4651.77,1.048,10,4716.6,4.71,,-0.412,-11.04,0.05,-100.0,264,228,39.04,-0.497
ema_cross_12_26,EURGBP,H1,1.2,1.5,1.7999999999999998,True,137,39.42,-0.487,-0.487,0.424,-932.35,0.292,6,959.48,0.96,,-0.452,-11.07,0.05,-100.0,80,57,38.6,-0.5265
rsi_30_70,XPDUSD,M15,1.2,1.5,1.7999999999999998,True,89,39.33,-0.2268,-0.2268,0.562,-5481.39,0.722,5,5607.09,5.61,,-0.21,-11.24,0.05,-100.0,51,38,47.37,-0.0588
donchian_55,US2000.cash,D1,1.2,1.5,1.7999999999999998,True,51,39.22,-0.8528,-0.8528,0.216,-231.91,0.018,7,239.65,0.24,,-0.745,-11.44,0.05,-100.0,26,25,40.0,-0.8689
rsi_30_70,USDCAD,H1,1.2,1.5,1.7999999999999998,True,105,39.05,-0.4844,-0.4844,0.429,-828.86,0.224,8,877.29,0.88,,-0.446,-11.75,0.05,-100.0,54,51,41.18,-0.4805
donchian_20,EURUSD,M15,1.2,1.5,1.7999999999999998,True,282,39.01,-0.6401,-0.6401,0.341,-1741.61,2.445,16,1755.53,1.76,,-0.586,-11.82,0.05,-100.0,165,117,40.17,-0.6089
donchian_55,USDSEK,M15,1.2,1.5,1.7999999999999998,True,188,38.83,-0.4804,-0.4804,0.449,-1348.39,1.63,8,1367.75,1.37,,-0.443,-12.15,0.05,-100.0,107,81,38.27,-0.49
rsi_30_70,FRA40.cash,H1,1.2,1.5,1.7999999999999998,True,103,38.83,-0.9332,-0.9332,0.211,-383.25,0.148,6,386.11,0.39,,-0.796,-12.14,0.05,-100.0,61,42,42.86,-0.8591
ema_pullback_20_50,NZDUSD,H1,1.2,1.5,1.7999999999999998,True,482,38.8,-0.6924,-0.6924,0.44,-2753.7,1.027,8,2795.87,2.8,,-0.594,-12.21,0.05,-100.0,287,195,39.49,-0.6563
donchian_20,XPDUSD,H1,1.2,1.5,1.7999999999999998,True,299,38.8,-0.2415,-0.2415,0.689,-11640.09,0.601,8,11865.86,11.84,,-0.225,-12.21,0.05,-100.0,177,122,40.98,-0.1802
ema_cross_12_26,XPDUSD,H1,1.2,1.5,1.7999999999999998,True,142,38.73,-0.244,-0.244,0.67,-5631.65,0.286,8,6299.15,6.28,,-0.227,-12.32,0.05,-100.0,92,50,44.0,-0.112
ema_cross_9_20,USDCAD,H1,1.2,1.5,1.7999999999999998,True,168,38.69,-0.509,-0.509,0.388,-1322.98,0.358,7,1352.53,1.35,,-0.473,-12.4,0.05,-100.0,109,59,33.9,-0.6503
donchian_55,USDCAD,M15,1.2,1.5,1.7999999999999998,True,176,38.64,-0.8133,-0.8133,0.222,-988.42,1.526,9,991.94,0.99,,-0.751,-12.5,0.05,-100.0,105,71,43.66,-0.7311
donchian_20,EURGBP,H1,1.2,1.5,1.7999999999999998,True,290,38.62,-0.4853,-0.4853,0.437,-2115.15,0.618,10,2115.15,2.12,,-0.451,-12.53,0.05,-100.0,187,103,36.89,-0.5478
donchian_55,GER40.cash,M15,1.2,1.5,1.7999999999999998,True,171,38.6,-0.8093,-0.8093,0.285,-763.65,1.288,8,786.49,0.79,,-0.696,-12.57,0.05,-100.0,102,69,42.03,-0.5485
donchian_55,XPDUSD,H1,1.2,1.5,1.7999999999999998,True,197,38.58,-0.2464,-0.2464,0.653,-8708.63,0.396,7,8823.3,8.81,,-0.229,-12.61,0.05,-100.0,114,83,38.55,-0.2352
ema_pullback_20_50,EURJPY,M15,1.2,1.5,1.7999999999999998,True,548,38.5,-0.893,-0.893,0.317,-2418.03,4.752,10,2418.93,2.42,,-0.693,-12.74,0.05,-100.0,305,243,36.21,-0.9859
donchian_20,USDCNH,H1,1.2,1.5,1.7999999999999998,True,273,38.46,-0.7468,-0.7468,0.312,-1514.94,0.582,9,1514.94,1.51,,-0.678,-12.82,0.05,-100.0,171,102,38.24,-0.7911
rsi_30_70,GER40.cash,M15,1.2,1.5,1.7999999999999998,True,104,38.46,-0.747,-0.747,0.315,-496.9,0.783,7,497.47,0.5,,-0.661,-12.82,0.05,-100.0,61,43,41.86,-0.6343
ema_cross_12_26,USDCHF,H1,1.2,1.5,1.7999999999999998,True,138,38.41,-0.4126,-0.4126,0.446,-1386.99,0.294,10,1418.64,1.42,,-0.385,-12.92,0.05,-100.0,84,54,42.59,-0.3329
ema_cross_9_20,NZDUSD,D1,1.2,1.5,1.7999999999999998,True,47,38.3,-0.2493,-0.2493,0.717,-768.86,0.017,7,1147.66,1.15,,-0.232,-13.12,0.05,-100.0,26,21,28.57,-0.44
donchian_55,USDCHF,M15,1.2,1.5,1.7999999999999998,True,204,38.24,-0.6318,-0.6318,0.339,-1315.88,1.769,9,1319.47,1.32,,-0.582,-13.24,0.05,-100.0,124,80,38.75,-0.6297
donchian_55,XPTUSD,H1,1.2,1.5,1.7999999999999998,True,204,38.24,-0.2571,-0.2571,0.548,-13026.42,0.41,10,13026.42,13.03,,-0.24,-13.24,0.05,-100.0,124,80,36.25,-0.2844
ema_cross_9_20,GBPUSD,M15,1.2,1.5,1.7999999999999998,True,173,38.15,-0.5749,-0.5749,0.39,-1162.92,1.5,7,1183.72,1.18,,-0.532,-13.39,0.05,-100.0,106,67,44.78,-0.4419
donchian_55,USDCAD,D1,1.2,1.5,1.7999999999999998,True,42,38.1,-0.2801,-0.2801,0.598,-999.88,0.015,6,1263.62,1.26,,-0.259,-13.49,0.05,-100.0,22,20,40.0,-0.2448
ema_cross_9_20,USDSEK,H1,1.2,1.5,1.7999999999999998,True,176,38.07,-0.3715,-0.3715,0.472,-2192.34,0.375,15,2257.7,2.26,,-0.348,-13.54,0.05,-100.0,104,72,40.28,-0.332
rsi_30_70,USDCNH,H1,1.2,1.5,1.7999999999999998,True,116,37.93,-0.7146,-0.7146,0.271,-803.28,0.247,8,826.99,0.83,,-0.664,-13.79,0.05,-100.0,64,52,38.46,-0.7927
ema_pullback_20_50,EURGBP,H1,1.2,1.5,1.7999999999999998,True,454,37.89,-0.6661,-0.6661,0.407,-3064.25,0.967,11,3068.64,3.07,,-0.588,-13.88,0.05,-100.0,276,178,33.71,-0.815
donchian_55,XPDUSD,M15,1.2,1.5,1.7999999999999998,True,169,37.87,-0.2604,-0.2604,0.601,-7780.64,1.372,8,8257.81,8.23,,-0.243,-13.91,0.05,-100.0,119,50,30.0,-0.439
donchian_55,USDCHF,D1,1.2,1.5,1.7999999999999998,True,37,37.84,-0.2689,-0.2689,0.569,-1398.52,0.013,4,1398.52,1.4,,-0.249,-13.96,0.05,-100.0,25,12,41.67,-0.1873
ema_pullback_20_50,EU50.cash,D1,1.2,1.5,1.7999999999999998,True,135,37.78,-0.801,-0.801,0.285,-708.3,0.07,9,726.17,0.73,,-0.676,-14.07,0.05,-100.0,70,65,38.46,-0.823
donchian_55,EURGBP,M15,1.2,1.5,1.7999999999999998,True,146,37.67,-0.8285,-0.8285,0.215,-860.02,1.266,10,861.19,0.86,,-0.764,-14.27,0.05,-100.0,86,60,30.0,-1.0393
donchian_55,EURGBP,H1,1.2,1.5,1.7999999999999998,True,162,37.65,-0.4919,-0.4919,0.444,-1259.94,0.345,8,1259.94,1.26,,-0.456,-14.3,0.05,-100.0,108,54,33.33,-0.6166
rsi_30_70,US100.cash,M15,1.2,1.5,1.7999999999999998,True,115,37.39,-0.8057,-0.8057,0.264,-583.44,0.938,11,587.85,0.59,,-0.727,-14.78,0.05,-100.0,77,38,34.21,-0.9008
ema_cross_9_20,EURGBP,D1,1.2,1.5,1.7999999999999998,True,51,37.25,-0.2891,-0.2891,0.613,-1403.11,0.018,8,1791.49,1.79,,-0.269,-15.03,0.05,-100.0,31,20,35.0,-0.3493
ema_pullback_20_50,GER40.cash,H1,1.2,1.5,1.7999999999999998,True,510,37.25,-0.8493,-0.8493,0.412,-2129.67,0.995,11,2238.29,2.24,,-0.679,-15.03,0.05,-100.0,334,176,36.93,-0.8463
ema_pullback_20_50,US100.cash,H1,1.2,1.5,1.7999999999999998,True,435,37.01,-0.8559,-0.8559,0.486,-1685.76,0.874,14,1847.88,1.85,,-0.645,-15.48,0.05,-100.0,267,168,41.07,-0.6624
ema_cross_12_26,USDSEK,H1,1.2,1.5,1.7999999999999998,True,139,36.69,-0.4002,-0.4002,0.471,-1766.33,0.296,10,1813.31,1.81,,-0.377,-16.07,0.05,-100.0,87,52,36.54,-0.4122
ema_pullback_20_50,GBPUSD,M15,1.2,1.5,1.7999999999999998,True,473,36.58,-0.7961,-0.7961,0.357,-2839.76,4.102,13,2846.12,2.85,,-0.661,-16.28,0.05,-100.0,277,196,39.29,-0.7735
donchian_55,JP225.cash,D1,1.2,1.5,1.7999999999999998,True,36,36.11,-0.8448,-0.8448,0.192,-183.14,0.012,8,186.33,0.19,,-0.762,-17.13,0.05,-100.0,17,19,36.84,-0.7442
ema_cross_12_26,GBPUSD,M15,1.2,1.5,1.7999999999999998,True,140,35.71,-0.6255,-0.6255,0.365,-1016.33,1.214,7,1035.91,1.04,,-0.59,-17.86,0.05,-100.0,89,51,35.29,-0.6422
ema_pullback_20_50,USDCHF,M15,1.2,1.5,1.7999999999999998,True,505,35.64,-0.8797,-0.8797,0.314,-2632.26,4.379,11,2661.05,2.66,,-0.697,-17.99,0.05,-100.0,290,215,35.35,-0.9066
donchian_55,USDCHF,H1,1.2,1.5,1.7999999999999998,True,160,35.0,-0.4884,-0.4884,0.436,-1603.39,0.341,9,1622.13,1.62,,-0.463,-19.17,0.05,-100.0,91,69,39.13,-0.4114
ema_pullback_20_50,USDJPY,M15,1.2,1.5,1.7999999999999998,True,579,34.89,-0.9787,-0.9787,0.288,-2725.57,5.021,14,2737.59,2.74,,-0.743,-19.37,0.05,-100.0,353,226,27.43,-1.2067
donchian_20,USDCHF,H1,1.2,1.5,1.7999999999999998,True,296,34.8,-0.4934,-0.4934,0.439,-2994.76,0.631,8,2997.96,3.0,,-0.468,-19.54,0.05,-100.0,175,121,37.19,-0.4549
ema_cross_9_20,USDCHF,D1,1.2,1.5,1.7999999999999998,True,49,34.69,-0.3368,-0.3368,0.567,-1834.8,0.017,10,2309.61,2.3,,-0.318,-19.73,0.05,-100.0,33,16,25.0,-0.5504
ema_cross_12_26,EURGBP,D1,1.2,1.5,1.7999999999999998,True,41,34.15,-0.3574,-0.3574,0.541,-1372.65,0.015,10,1836.14,1.83,,-0.338,-20.73,0.05,-100.0,25,16,37.5,-0.2928
ema_cross_12_26,EURGBP,M15,1.2,1.5,1.7999999999999998,True,160,33.75,-0.9418,-0.9418,0.184,-934.66,1.387,13,944.81,0.94,,-0.879,-21.46,0.05,-100.0,91,69,33.33,-0.9479
donchian_20,USDSEK,H1,1.2,1.5,1.7999999999999998,True,300,33.33,-0.4683,-0.4683,0.413,-4617.97,0.639,10,4617.97,4.62,,-0.45,-22.22,0.05,-100.0,169,131,32.82,-0.493
donchian_20,EURGBP,M15,1.2,1.5,1.7999999999999998,True,256,33.2,-0.9377,-0.9377,0.18,-1617.84,2.22,12,1619.46,1.62,,-0.88,-22.46,0.05,-100.0,159,97,27.84,-1.1057
ema_cross_9_20,EURUSD,M15,1.2,1.5,1.7999999999999998,True,184,33.15,-0.8031,-0.8031,0.269,-1292.82,1.596,11,1298.73,1.3,,-0.76,-22.55,0.05,-100.0,114,70,32.86,-0.8199
donchian_55,USDSEK,H1,1.2,1.5,1.7999999999999998,True,151,33.11,-0.4683,-0.4683,0.403,-2438.0,0.322,12,2443.36,2.44,,-0.45,-22.63,0.05,-100.0,79,72,31.94,-0.5075
donchian_55,USDCNH,H1,1.2,1.5,1.7999999999999998,True,142,33.1,-0.8588,-0.8588,0.254,-933.88,0.303,8,933.88,0.93,,-0.804,-22.65,0.05,-100.0,90,52,32.69,-0.874
ema_pullback_20_50,AUDUSD,M15,1.2,1.5,1.7999999999999998,True,552,32.79,-0.9966,-0.9966,0.273,-2877.74,4.787,10,2877.74,2.88,,-0.784,-23.22,0.05,-100.0,365,187,29.95,-1.0787
ema_cross_12_26,USDCHF,D1,1.2,1.5,1.7999999999999998,True,40,32.5,-0.3855,-0.3855,0.504,-1787.39,0.014,6,2203.09,2.2,,-0.369,-23.75,0.05,-100.0,27,13,23.08,-0.5945
ema_pullback_20_50,EURUSD,M15,1.2,1.5,1.7999999999999998,True,474,32.49,-1.0371,-1.0371,0.281,-2601.12,4.11,15,2638.4,2.64,,-0.812,-23.77,0.05,-100.0,300,174,35.63,-0.922
ema_cross_12_26,EURUSD,M15,1.2,1.5,1.7999999999999998,True,142,32.39,-0.8016,-0.8016,0.239,-1107.01,1.231,8,1109.1,1.11,,-0.771,-23.94,0.05,-100.0,89,53,32.08,-0.813
ema_cross_9_20,FRA40.cash,H1,1.2,1.5,1.7999999999999998,True,181,32.04,-1.0321,-1.0321,0.108,-794.37,0.26,10,795.76,0.8,,-0.93,-24.59,0.05,-100.0,105,76,32.89,-0.9657
rsi_30_70,UK100.cash,H1,1.2,1.5,1.7999999999999998,True,75,32.0,-1.0151,-1.0151,0.178,-327.96,0.146,11,335.66,0.34,,-0.876,-24.67,0.05,-100.0,37,38,42.11,-0.8544
ema_cross_9_20,EURGBP,M15,1.2,1.5,1.7999999999999998,True,185,31.89,-0.9586,-0.9586,0.172,-1147.31,1.604,13,1157.37,1.16,,-0.899,-24.86,0.05,-100.0,103,82,29.27,-1.0675
ema_pullback_20_50,HK50.cash,D1,1.2,1.5,1.7999999999999998,True,122,31.15,-1.0523,-1.0523,0.15,-645.31,0.062,11,645.31,0.65,,-0.892,-26.23,0.05,-100.0,53,69,36.23,-0.9871
donchian_20,FRA40.cash,H1,1.2,1.5,1.7999999999999998,True,305,30.49,-1.0807,-1.0807,0.084,-1316.66,0.439,17,1318.37,1.32,,-0.959,-27.43,0.05,-100.0,186,119,37.82,-0.9302
ema_pullback_20_50,USDCNH,H1,1.2,1.5,1.7999999999999998,True,443,30.47,-1.1307,-1.1307,0.302,-2086.57,0.944,15,2120.14,2.12,,-0.842,-27.46,0.05,-100.0,281,162,29.01,-1.2628
ema_cross_12_26,FRA40.cash,H1,1.2,1.5,1.7999999999999998,True,149,28.86,-1.0565,-1.0565,0.09,-670.5,0.214,12,671.89,0.67,,-0.966,-30.43,0.05,-100.0,84,65,32.31,-1.0013
ema_cross_12_26,UK100.cash,H1,1.2,1.5,1.7999999999999998,True,143,27.97,-1.0485,-1.0485,0.127,-596.93,0.279,14,602.77,0.6,,-0.919,-32.05,0.05,-100.0,93,50,42.0,-0.827
ema_pullback_20_50,USDCAD,M15,1.2,1.5,1.7999999999999998,True,518,27.41,-1.3223,-1.3223,0.218,-2370.29,4.492,15,2370.29,2.37,,-0.905,-33.08,0.05,-100.0,303,215,25.12,-1.4
ema_pullback_20_50,JP225.cash,D1,1.2,1.5,1.7999999999999998,True,129,27.13,-1.4431,-1.4431,0.161,-522.01,0.042,21,536.27,0.54,,-0.928,-33.59,0.05,-100.0,80,49,44.9,-0.7272
ema_pullback_20_50,NZDUSD,M15,1.2,1.5,1.7999999999999998,True,554,27.08,-1.1752,-1.1752,0.198,-2900.07,4.804,16,2914.46,2.91,,-0.944,-33.69,0.05,-100.0,376,178,23.03,-1.2623
ema_cross_9_20,UK100.cash,H1,1.2,1.5,1.7999999999999998,True,178,26.97,-1.0776,-1.0776,0.118,-742.96,0.347,22,746.87,0.75,,-0.933,-33.9,0.05,-100.0,108,70,40.0,-0.8879
donchian_55,FRA40.cash,H1,1.2,1.5,1.7999999999999998,True,182,26.92,-1.1902,-1.1902,0.068,-850.88,0.262,13,852.86,0.85,,-1.07,-33.97,0.05,-100.0,109,73,31.51,-1.1022
ema_pullback_20_50,US30.cash,M15,1.2,1.5,1.7999999999999998,True,401,25.69,-1.4892,-1.4892,0.34,-1961.74,3.271,21,2007.9,2.01,,-0.818,-36.24,0.05,-100.0,233,168,28.57,-1.4775
ema_pullback_20_50,US2000.cash,D1,1.2,1.5,1.7999999999999998,True,176,23.86,-1.4797,-1.4797,0.143,-754.32,0.062,36,754.68,0.75,,-0.964,-39.58,0.05,-100.0,103,73,27.4,-1.194
donchian_20,UK100.cash,H1,1.2,1.5,1.7999999999999998,True,328,22.87,-1.2446,-1.2446,0.09,-1461.15,0.64,27,1463.23,1.46,,-1.081,-41.41,0.05,-100.0,208,120,35.0,-0.9625
ema_cross_12_26,USDCNH,M15,1.2,1.5,1.7999999999999998,True,143,22.38,-1.3738,-1.3738,0.093,-653.59,1.239,14,653.59,0.65,,-1.129,-42.31,0.05,-100.0,80,63,25.4,-1.2073
donchian_55,UK100.cash,H1,1.2,1.5,1.7999999999999998,True,206,22.33,-1.2434,-1.2434,0.08,-914.78,0.402,58,914.78,0.91,,-1.082,-42.39,0.05,-100.0,129,77,32.47,-0.9494
ema_pullback_20_50,EURGBP,M15,1.2,1.5,1.7999999999999998,True,506,21.94,-1.417,-1.417,0.156,-2900.01,4.388,21,2906.68,2.91,,-1.074,-43.12,0.05,-100.0,324,182,21.98,-1.432
rsi_30_70,USDCNH,M15,1.2,1.5,1.7999999999999998,True,114,21.05,-1.2791,-1.2791,0.086,-626.54,0.988,18,626.54,0.63,,-1.19,-44.74,0.05,-100.0,76,38,23.68,-1.1721
ema_cross_9_20,USDCNH,M15,1.2,1.5,1.7999999999999998,True,187,20.86,-1.4321,-1.4321,0.089,-883.25,1.62,23,883.25,0.88,,-1.171,-45.1,0.05,-100.0,109,78,23.08,-1.3
donchian_20,USDCNH,M15,1.2,1.5,1.7999999999999998,True,274,20.8,-1.3385,-1.3385,0.087,-1304.46,2.374,54,1307.33,1.31,,-1.142,-45.19,0.05,-100.0,151,123,23.58,-1.2105
ema_pullback_20_50,GER40.cash,M15,1.2,1.5,1.7999999999999998,True,359,19.78,-1.629,-1.629,0.226,-1498.81,2.703,39,1588.63,1.59,,-0.911,-47.08,0.05,-100.0,298,61,24.59,-1.2102
ema_pullback_20_50,US100.cash,M15,1.2,1.5,1.7999999999999998,True,464,19.61,-1.7576,-1.7576,0.212,-2010.32,3.785,17,2012.05,2.01,,-0.919,-47.38,0.05,-100.0,240,224,21.43,-1.7985
donchian_55,USDCNH,M15,1.2,1.5,1.7999999999999998,True,159,19.5,-1.3304,-1.3304,0.087,-816.02,1.378,27,816.02,0.82,,-1.182,-47.59,0.05,-100.0,84,75,18.67,-1.3196
rsi_30_70,EU50.cash,H1,1.2,1.5,1.7999999999999998,True,94,17.02,-1.2684,-1.2684,0.113,-338.52,0.135,21,344.44,0.34,,-1.034,-52.13,0.05,-100.0,55,39,17.95,-1.2723
rsi_30_70,UK100.cash,M15,1.2,1.5,1.7999999999999998,True,101,15.84,-1.5541,-1.5541,0.029,-459.09,0.779,26,459.99,0.46,,-1.326,-54.29,0.05,-100.0,49,52,13.46,-1.5469
ema_cross_12_26,EU50.cash,H1,1.2,1.5,1.7999999999999998,True,139,15.83,-1.3776,-1.3776,0.054,-538.56,0.2,27,539.42,0.54,,-1.154,-54.32,0.05,-100.0,83,56,19.64,-1.1338
ema_pullback_20_50,FRA40.cash,H1,1.2,1.5,1.7999999999999998,True,511,14.68,-1.939,-1.939,0.105,-2058.38,0.735,39,2062.1,2.06,,-1.15,-56.43,0.05,-100.0,286,225,13.33,-1.7468
rsi_30_70,US500.cash,H1,1.2,1.5,1.7999999999999998,True,109,14.68,-1.4421,-1.4421,0.049,-410.72,0.219,16,410.72,0.41,,-1.105,-56.42,0.05,-100.0,59,50,16.0,-1.2731
ema_pullback_20_50,UK100.cash,H1,1.2,1.5,1.7999999999999998,True,556,13.85,-2.1928,-2.1928,0.106,-2171.48,1.085,34,2171.48,2.17,,-1.107,-57.94,0.05,-100.0,343,213,23.47,-1.7548
ema_pullback_20_50,USDCNH,M15,1.2,1.5,1.7999999999999998,True,524,13.36,-2.1894,-2.1894,0.069,-2408.96,4.54,74,2408.96,2.41,,-1.151,-58.84,0.05,-100.0,300,224,12.95,-2.0412
ema_cross_9_20,US500.cash,H1,1.2,1.5,1.7999999999999998,True,163,11.04,-1.7476,-1.7476,0.048,-619.67,0.327,46,620.85,0.62,,-1.277,-63.09,0.05,-100.0,99,64,18.75,-1.7045
ema_cross_9_20,EU50.cash,H1,1.2,1.5,1.7999999999999998,True,171,10.53,-1.4152,-1.4152,0.048,-693.87,0.246,29,695.97,0.7,,-1.202,-64.04,0.05,-100.0,97,74,14.86,-1.3085
ema_cross_12_26,US500.cash,H1,1.2,1.5,1.7999999999999998,True,126,10.32,-1.7292,-1.7292,0.048,-499.7,0.253,41,500.89,0.5,,-1.252,-64.42,0.05,-100.0,77,49,18.37,-1.5228
rsi_30_70,FRA40.cash,M15,1.2,1.5,1.7999999999999998,True,96,9.38,-1.5703,-1.5703,0.021,-369.8,0.459,53,371.86,0.37,,-1.2,-66.15,0.05,-100.0,49,47,17.02,-1.2839
ema_cross_12_26,UK100.cash,M15,1.2,1.5,1.7999999999999998,True,139,8.63,-1.9306,-1.9306,0.033,-579.54,1.072,57,579.82,0.58,,-1.27,-67.51,0.05,-100.0,84,55,14.55,-1.4929
ema_cross_9_20,UK100.cash,M15,1.2,1.5,1.7999999999999998,True,186,8.6,-1.9322,-1.9322,0.024,-755.4,1.435,85,755.68,0.76,,-1.238,-67.56,0.05,-100.0,122,64,17.19,-1.3375
donchian_20,EU50.cash,H1,1.2,1.5,1.7999999999999998,True,319,7.84,-1.6163,-1.6163,0.028,-1320.76,0.459,93,1324.62,1.32,,-1.335,-68.97,0.05,-100.0,195,124,10.48,-1.4275
donchian_55,UK100.cash,M15,1.2,1.5,1.7999999999999998,True,186,7.53,-1.8205,-1.8205,0.028,-768.08,1.435,64,768.08,0.77,,-1.296,-69.53,0.05,-100.0,118,68,11.76,-1.5191
donchian_20,UK100.cash,M15,1.2,1.5,1.7999999999999998,True,293,7.51,-1.804,-1.804,0.023,-1247.75,2.261,99,1248.05,1.25,,-1.323,-69.57,0.05,-100.0,175,118,12.71,-1.5161
ema_pullback_20_50,US500.cash,H1,1.2,1.5,1.7999999999999998,True,492,6.3,-4.028,-4.028,0.054,-1882.76,0.988,98,1883.41,1.88,,-1.228,-71.78,0.05,-100.0,318,174,8.62,-3.348
ema_pullback_20_50,UK100.cash,M15,1.2,1.5,1.7999999999999998,True,503,5.96,-3.8913,-3.8913,0.046,-2050.44,3.881,70,2050.73,2.05,,-1.085,-72.4,0.05,-100.0,355,148,9.46,-3.2336
ema_pullback_20_50,EU50.cash,H1,1.2,1.5,1.7999999999999998,True,515,5.83,-3.0045,-3.0045,0.051,-2043.29,0.741,116,2044.15,2.04,,-1.313,-72.65,0.05,-100.0,301,214,6.07,-2.774
donchian_20,US500.cash,H1,1.2,1.5,1.7999999999999998,True,302,5.63,-2.0913,-2.0913,0.022,-1256.4,0.607,124,1258.67,1.26,,-1.478,-73.01,0.05,-100.0,194,108,10.19,-1.7887
rsi_30_70,JP225.cash,H1,1.2,1.5,1.7999999999999998,True,90,5.56,-2.4767,-2.4767,0.019,-353.15,0.181,53,353.74,0.35,,-1.624,-73.15,0.05,-100.0,58,32,12.5,-1.705
ema_cross_9_20,FRA40.cash,M15,1.2,1.5,1.7999999999999998,True,170,5.29,-1.949,-1.949,0.009,-730.32,0.813,49,730.57,0.73,,-1.515,-73.63,0.05,-100.0,105,65,9.23,-1.6782
donchian_55,EU50.cash,H1,1.2,1.5,1.7999999999999998,True,205,4.88,-1.8119,-1.8119,0.018,-909.0,0.295,79,914.77,0.91,,-1.507,-74.39,0.05,-100.0,122,83,4.82,-1.6451
rsi_30_70,EU50.cash,M15,1.2,1.5,1.7999999999999998,True,109,4.59,-2.0902,-2.0902,0.005,-433.17,0.52,76,433.37,0.43,,-1.583,-74.92,0.05,-100.0,59,50,10.0,-1.7511
ema_cross_12_26,FRA40.cash,M15,1.2,1.5,1.7999999999999998,True,126,3.97,-1.9845,-1.9845,0.007,-558.81,0.603,55,558.81,0.56,,-1.539,-76.06,0.05,-100.0,76,50,6.0,-1.7151
ema_pullback_20_50,JP225.cash,H1,1.2,1.5,1.7999999999999998,True,503,3.58,-4.9,-4.9,0.017,-2047.31,1.011,86,2047.9,2.05,,-1.335,-76.77,0.05,-100.0,268,235,5.11,-3.6228
donchian_20,FRA40.cash,M15,1.2,1.5,1.7999999999999998,True,296,3.38,-2.0367,-2.0367,0.007,-1321.53,1.416,129,1321.9,1.32,,-1.631,-77.14,0.05,-100.0,177,119,6.72,-1.8174
ema_pullback_20_50,HK50.cash,H1,1.2,1.5,1.7999999999999998,True,546,3.11,-4.1255,-4.1255,0.012,-2149.31,0.834,110,2149.31,2.15,,-1.315,-77.63,0.05,-100.0,298,248,1.61,-4.4655
ema_pullback_20_50,FRA40.cash,M15,1.2,1.5,1.7999999999999998,True,420,3.1,-3.6223,-3.6223,0.033,-1741.71,2.009,93,1741.8,1.74,,-1.265,-77.66,0.05,-100.0,279,141,4.96,-3.2898
ema_cross_9_20,JP225.cash,H1,1.2,1.5,1.7999999999999998,True,167,2.99,-2.7412,-2.7412,0.011,-650.09,0.336,108,650.68,0.65,,-1.608,-77.84,0.05,-100.0,101,66,4.55,-1.7998
donchian_20,JP225.cash,H1,1.2,1.5,1.7999999999999998,True,301,2.99,-2.7969,-2.7969,0.007,-1208.04,0.605,146,1208.04,1.21,,-1.782,-77.85,0.05,-100.0,182,119,5.88,-1.9579
donchian_55,US500.cash,H1,1.2,1.5,1.7999999999999998,True,203,2.96,-2.3329,-2.3329,0.009,-881.35,0.408,140,882.6,0.88,,-1.696,-77.91,0.05,-100.0,132,71,4.23,-2.0592
ema_cross_12_26,JP225.cash,H1,1.2,1.5,1.7999999999999998,True,140,2.86,-2.7642,-2.7642,0.009,-582.16,0.281,97,582.59,0.58,,-1.717,-78.1,0.05,-100.0,83,57,5.26,-1.8927
donchian_55,EU50.cash,M15,1.2,1.5,1.7999999999999998,True,198,2.53,-2.9076,-2.9076,0.004,-874.07,0.945,149,875.09,0.88,,-2.037,-78.7,0.05,-100.0,120,78,6.41,-2.3161
ema_cross_9_20,HK50.cash,H1,1.2,1.5,1.7999999999999998,True,162,2.47,-2.2897,-2.2897,0.009,-622.02,0.247,89,622.02,0.62,,-1.674,-78.81,0.05,-100.0,96,66,0.0,-2.0833
ema_cross_12_26,EU50.cash,M15,1.2,1.5,1.7999999999999998,True,132,2.27,-2.8653,-2.8653,0.002,-591.36,0.63,98,591.56,0.59,,-1.778,-79.17,0.05,-100.0,84,48,6.25,-2.1101
donchian_20,EU50.cash,M15,1.2,1.5,1.7999999999999998,True,312,2.24,-2.8748,-2.8748,0.003,-1376.18,1.489,228,1376.73,1.38,,-1.927,-79.22,0.05,-100.0,190,122,5.74,-2.2658
donchian_55,FRA40.cash,M15,1.2,1.5,1.7999999999999998,True,180,2.22,-2.0774,-2.0774,0.007,-784.73,0.861,93,784.73,0.78,,-1.661,-79.26,0.05,-100.0,110,70,4.29,-1.8816
rsi_30_70,HK50.cash,H1,1.2,1.5,1.7999999999999998,True,105,1.9,-2.5431,-2.5431,0.006,-468.4,0.16,71,468.4,0.47,,-1.727,-79.84,0.05,-100.0,62,43,2.33,-2.093
ema_pullback_20_50,US500.cash,M15,1.2,1.5,1.7999999999999998,True,499,1.8,-8.0654,-8.0654,0.009,-2041.21,4.07,138,2041.21,2.04,,-1.208,-80.03,0.05,-100.0,284,215,1.86,-8.1031
ema_cross_9_20,EU50.cash,M15,1.2,1.5,1.7999999999999998,True,171,1.75,-2.8451,-2.8451,0.002,-760.29,0.816,126,760.49,0.76,,-1.826,-80.12,0.05,-100.0,108,63,4.76,-2.1788
rsi_30_70,US2000.cash,H1,1.2,1.5,1.7999999999999998,True,114,1.75,-2.7945,-2.7945,0.003,-442.77,0.229,77,443.23,0.44,,-1.848,-80.12,0.05,-100.0,65,49,0.0,-2.6279
ema_cross_12_26,HK50.cash,H1,1.2,1.5,1.7999999999999998,True,119,1.68,-2.331,-2.331,0.004,-461.02,0.182,101,461.02,0.46,,-1.667,-80.25,0.05,-100.0,70,49,0.0,-2.1234
ema_pullback_20_50,US2000.cash,H1,1.2,1.5,1.7999999999999998,True,383,1.57,-6.4151,-6.4151,0.017,-1556.71,0.769,104,1556.82,1.56,,-1.122,-80.46,0.05,-100.0,217,166,1.81,-5.544
donchian_20,HK50.cash,H1,1.2,1.5,1.7999999999999998,True,329,1.52,-2.4195,-2.4195,0.004,-1340.04,0.503,177,1340.98,1.34,,-1.765,-80.55,0.05,-100.0,202,127,0.0,-2.3005
donchian_55,HK50.cash,H1,1.2,1.5,1.7999999999999998,True,208,1.44,-2.4226,-2.4226,0.003,-847.63,0.318,169,847.63,0.85,,-1.732,-80.69,0.05,-100.0,130,78,0.0,-2.3737
ema_pullback_20_50,EU50.cash,M15,1.2,1.5,1.7999999999999998,True,461,1.3,-5.2408,-5.2408,0.028,-1844.8,2.201,148,1845.0,1.84,,-1.404,-80.95,0.05,-100.0,335,126,1.59,-3.9288
donchian_55,JP225.cash,H1,1.2,1.5,1.7999999999999998,True,188,1.06,-2.8731,-2.8731,0.003,-772.66,0.378,176,773.67,0.77,,-1.93,-81.38,0.05,-100.0,117,71,2.82,-2.0086
rsi_30_70,JP225.cash,M15,1.2,1.5,1.7999999999999998,True,114,0.88,-3.3491,-3.3491,0.001,-478.83,0.93,60,479.32,0.48,,-1.923,-81.73,0.05,-100.0,68,46,0.0,-2.9343
ema_cross_12_26,US2000.cash,H1,1.2,1.5,1.7999999999999998,True,142,0.7,-3.4462,-3.4462,0.0,-580.21,0.285,110,580.21,0.58,,-1.894,-82.04,0.05,-100.0,91,51,0.0,-2.8396
donchian_20,US2000.cash,H1,1.2,1.5,1.7999999999999998,True,312,0.64,-3.5891,-3.5891,0.0,-1297.65,0.627,221,1297.65,1.3,,-2.166,-82.16,0.05,-100.0,198,114,0.88,-3.1194
ema_cross_9_20,US2000.cash,H1,1.2,1.5,1.7999999999999998,True,168,0.6,-3.4675,-3.4675,0.0,-695.14,0.337,131,695.14,0.7,,-1.998,-82.24,0.05,-100.0,103,65,0.0,-3.1889
ema_pullback_20_50,JP225.cash,M15,1.2,1.5,1.7999999999999998,True,500,0.6,-7.2635,-7.2635,0.001,-2000.35,4.078,275,2000.46,2.0,,-1.041,-82.23,0.05,-100.0,300,200,1.0,-6.6442
donchian_55,US500.cash,M15,1.2,1.5,1.7999999999999998,True,168,0.6,-3.796,-3.796,0.0,-677.78,1.37,113,677.78,0.68,,-1.783,-82.24,0.05,-100.0,88,80,1.25,-3.5742
ema_pullback_20_50,US2000.cash,M15,1.2,1.5,1.7999999999999998,True,471,0.42,-14.9731,-14.9731,0.001,-1903.27,3.842,319,1903.27,1.9,,-1.178,-82.55,0.05,-100.0,285,186,1.08,-14.6614
donchian_20,US500.cash,M15,1.2,1.5,1.7999999999999998,True,279,0.36,-3.8041,-3.8041,0.0,-1100.46,2.276,209,1100.46,1.1,,-1.707,-82.68,0.05,-100.0,162,117,0.85,-3.503
ema_pullback_20_50,HK50.cash,M15,1.2,1.5,1.7999999999999998,True,459,0.22,-8.9134,-8.9134,0.004,-1852.01,2.397,401,1852.01,1.85,,-1.119,-82.93,0.05,-100.0,320,139,0.72,-7.3611
ema_cross_9_20,AMD,D1,1.2,1.5,1.7999999999999998,True,33,0.0,-6.641,-6.641,0.0,-133.32,0.016,33,133.33,0.13,,-2.369,-83.33,0.05,-100.0,22,11,0.0,-4.0829
ema_cross_9_20,AMD,H1,1.2,1.5,1.7999999999999998,True,159,0.0,-15.7393,-15.7393,0.0,-630.04,0.098,159,630.58,0.63,,-2.424,-83.33,0.05,-100.0,98,61,0.0,-12.444
ema_cross_9_20,AMD,M15,1.2,1.5,1.7999999999999998,True,158,0.0,-23.4876,-23.4876,0.0,-638.62,0.394,158,638.63,0.64,,-2.102,-83.33,0.05,-100.0,90,68,0.0,-17.251
ema_cross_9_20,AMZN,D1,1.2,1.5,1.7999999999999998,True,34,0.0,-8.036,-8.036,0.0,-133.97,0.013,34,134.09,0.13,,-1.375,-83.33,0.05,-100.0,21,13,0.0,-5.6306
ema_cross_9_20,AMZN,H1,1.2,1.5,1.7999999999999998,True,173,0.0,-18.3495,-18.3495,0.0,-692.68,0.104,173,692.77,0.69,,-3.093,-83.33,0.05,-100.0,103,70,0.0,-14.9419
ema_cross_9_20,AMZN,M15,1.2,1.5,1.7999999999999998,True,145,0.0,-31.6193,-31.6193,0.0,-578.32,0.323,145,578.32,0.58,,-2.899,-83.33,0.05,-100.0,90,55,0.0,-30.4098
ema_cross_9_20,AVGO,D1,1.2,1.5,1.7999999999999998,True,32,0.0,-14.0029,-14.0029,0.0,-126.09,0.016,32,126.09,0.13,,-1.423,-83.33,0.05,-100.0,21,11,0.0,-3.6881
ema_cross_9_20,AVGO,H1,1.2,1.5,1.7999999999999998,True,163,0.0,-31.7008,-31.7008,0.0,-651.94,0.096,163,651.94,0.65,,-1.165,-83.33,0.05,-100.0,99,64,0.0,-8.7108
ema_cross_9_20,AVGO,M15,1.2,1.5,1.7999999999999998,True,151,0.0,-17.3814,-17.3814,0.0,-607.32,0.335,151,607.38,0.61,,-2.475,-83.33,0.05,-100.0,98,53,0.0,-12.8494
ema_cross_9_20,CSCO,H1,1.2,1.5,1.7999999999999998,True,178,0.0,-82.1343,-82.1343,0.0,-714.3,0.106,178,714.35,0.71,,-3.202,-83.33,0.05,-100.0,105,73,0.0,-71.5311
ema_cross_9_20,CSCO,M15,1.2,1.5,1.7999999999999998,True,157,0.0,-135.949,-135.949,0.0,-627.9,0.349,157,627.9,0.63,,-2.714,-83.33,0.05,-100.0,98,59,0.0,-104.6927
ema_cross_9_20,HK50.cash,M15,1.2,1.5,1.7999999999999998,True,155,0.0,-4.3442,-4.3442,0.0,-629.16,0.809,155,629.16,0.63,,-2.461,-83.33,0.05,-100.0,90,65,0.0,-3.8191
ema_cross_9_20,INTC,D1,1.2,1.5,1.7999999999999998,True,34,0.0,-26.809,-26.809,0.0,-136.2,0.017,34,136.2,0.14,,-2.87,-83.33,0.05,-100.0,17,17,0.0,-24.9289
ema_cross_9_20,INTC,H1,1.2,1.5,1.7999999999999998,True,164,0.0,-76.6236,-76.6236,0.0,-657.06,0.097,164,657.1,0.66,,-2.832,-83.33,0.05,-100.0,100,64,0.0,-75.849
ema_cross_9_20,INTC,M15,1.2,1.5,1.7999999999999998,True,163,0.0,-146.0835,-146.0835,0.0,-652.4,0.362,163,652.4,0.65,,-1.615,-83.33,0.05,-100.0,98,65,0.0,-78.3988
ema_cross_9_20,JP225.cash,M15,1.2,1.5,1.7999999999999998,True,155,0.0,-3.6421,-3.6421,0.0,-609.52,1.264,155,609.82,0.61,,-1.889,-83.33,0.05,-100.0,93,62,0.0,-3.1119
ema_cross_9_20,MSFT,D1,1.2,1.5,1.7999999999999998,True,44,0.0,-6.9288,-6.9288,0.0,-171.77,0.014,44,171.81,0.17,,-0.965,-83.33,0.05,-100.0,31,13,0.0,-3.3273
ema_cross_9_20,MSFT,H1,1.2,1.5,1.7999999999999998,True,154,0.0,-10.426,-10.426,0.0,-613.5,0.092,154,613.7,0.61,,-3.928,-83.33,0.05,-100.0,99,55,0.0,-9.6525
ema_cross_9_20,MSFT,M15,1.2,1.5,1.7999999999999998,True,167,0.0,-20.3307,-20.3307,0.0,-672.31,0.372,167,672.31,0.67,,-3.263,-83.33,0.05,-100.0,106,61,0.0,-18.6163
ema_cross_9_20,NVDA,D1,1.2,1.5,1.7999999999999998,True,32,0.0,-26.3104,-26.3104,0.0,-131.73,0.016,32,131.74,0.13,,-0.984,-83.33,0.05,-100.0,18,14,0.0,-5.3592
ema_cross_9_20,NVDA,H1,1.2,1.5,1.7999999999999998,True,173,0.0,-45.7065,-45.7065,0.0,-693.4,0.104,173,693.4,0.69,,-1.233,-83.33,0.05,-100.0,101,72,0.0,-14.4137
ema_cross_9_20,NVDA,M15,1.2,1.5,1.7999999999999998,True,172,0.0,-32.2949,-32.2949,0.0,-689.04,0.383,172,689.11,0.69,,-3.126,-83.33,0.05,-100.0,103,69,0.0,-28.9212
ema_cross_9_20,US2000.cash,M15,1.2,1.5,1.7999999999999998,True,151,0.0,-6.4268,-6.4268,0.0,-604.06,1.232,151,604.58,0.6,,-1.897,-83.33,0.05,-100.0,88,63,0.0,-6.2794
ema_cross_9_20,US500.cash,M15,1.2,1.5,1.7999999999999998,True,160,0.0,-3.6516,-3.6516,0.0,-643.97,1.305,160,644.77,0.64,,-1.681,-83.33,0.05,-100.0,104,56,0.0,-3.2584
ema_cross_12_26,AMD,H1,1.2,1.5,1.7999999999999998,True,130,0.0,-15.8185,-15.8185,0.0,-521.56,0.08,130,522.11,0.52,,-2.532,-83.33,0.05,-100.0,83,47,0.0,-12.9356
ema_cross_12_26,AMD,M15,1.2,1.5,1.7999999999999998,True,120,0.0,-23.2457,-23.2457,0.0,-486.22,0.299,120,486.22,0.49,,-2.208,-83.33,0.05,-100.0,66,54,0.0,-17.8416
ema_cross_12_26,AMZN,H1,1.2,1.5,1.7999999999999998,True,135,0.0,-17.9253,-17.9253,0.0,-544.97,0.081,135,545.06,0.55,,-3.317,-83.33,0.05,-100.0,80,55,0.0,-14.6626
ema_cross_12_26,AMZN,M15,1.2,1.5,1.7999999999999998,True,122,0.0,-31.1304,-31.1304,0.0,-489.36,0.272,122,489.36,0.49,,-2.712,-83.33,0.05,-100.0,78,44,0.0,-30.6163
ema_cross_12_26,AVGO,H1,1.2,1.5,1.7999999999999998,True,133,0.0,-31.0508,-31.0508,0.0,-530.27,0.079,133,530.27,0.53,,-1.126,-83.33,0.05,-100.0,80,53,0.0,-8.2738
ema_cross_12_26,AVGO,M15,1.2,1.5,1.7999999999999998,True,121,0.0,-16.8264,-16.8264,0.0,-489.2,0.269,121,489.26,0.49,,-2.667,-83.33,0.05,-100.0,76,45,0.0,-12.1865
ema_cross_12_26,CSCO,H1,1.2,1.5,1.7999999999999998,True,143,0.0,-83.8383,-83.8383,0.0,-572.73,0.085,143,572.78,0.57,,-3.037,-83.33,0.05,-100.0,87,56,0.0,-72.5793
ema_cross_12_26,CSCO,M15,1.2,1.5,1.7999999999999998,True,120,0.0,-134.2805,-134.2805,0.0,-479.6,0.267,120,479.6,0.48,,-2.711,-83.33,0.05,-100.0,77,43,0.0,-97.78
ema_cross_12_26,HK50.cash,M15,1.2,1.5,1.7999999999999998,True,119,0.0,-4.2217,-4.2217,0.0,-462.36,0.621,119,462.36,0.46,,-2.095,-83.33,0.05,-100.0,74,45,0.0,-3.5351
ema_cross_12_26,INTC,D1,1.2,1.5,1.7999999999999998,True,33,0.0,-25.8256,-25.8256,0.0,-132.64,0.017,33,132.64,0.13,,-2.73,-83.33,0.05,-100.0,18,15,0.0,-22.5973
ema_cross_12_26,INTC,H1,1.2,1.5,1.7999999999999998,True,128,0.0,-76.5484,-76.5484,0.0,-513.19,0.076,128,513.23,0.51,,-2.937,-83.33,0.05,-100.0,81,47,0.0,-76.532
ema_cross_12_26,INTC,M15,1.2,1.5,1.7999999999999998,True,127,0.0,-147.7335,-147.7335,0.0,-507.71,0.282,127,507.71,0.51,,-1.537,-83.33,0.05,-100.0,82,45,0.0,-72.8654
ema_cross_12_26,JP225.cash,M15,1.2,1.5,1.7999999999999998,True,123,0.0,-3.8396,-3.8396,0.0,-498.12,1.003,123,498.42,0.5,,-1.847,-83.33,0.05,-100.0,76,47,0.0,-3.2237
ema_cross_12_26,MSFT,D1,1.2,1.5,1.7999999999999998,True,34,0.0,-6.4231,-6.4231,0.0,-127.76,0.011,34,127.8,0.13,,-0.899,-83.33,0.05,-100.0,22,12,0.0,-3.3825
ema_cross_12_26,MSFT,H1,1.2,1.5,1.7999999999999998,True,120,0.0,-10.1375,-10.1375,0.0,-484.0,0.072,120,484.2,0.48,,-4.083,-83.33,0.05,-100.0,74,46,0.0,-9.5336
ema_cross_12_26,MSFT,M15,1.2,1.5,1.7999999999999998,True,127,0.0,-20.4735,-20.4735,0.0,-511.07,0.283,127,511.07,0.51,,-3.116,-83.33,0.05,-100.0,86,41,0.0,-18.6995
ema_cross_12_26,NVDA,H1,1.2,1.5,1.7999999999999998,True,127,0.0,-47.5086,-47.5086,0.0,-507.93,0.076,127,507.93,0.51,,-1.194,-83.33,0.05,-100.0,74,53,0.0,-14.1695
ema_cross_12_26,NVDA,M15,1.2,1.5,1.7999999999999998,True,128,0.0,-32.5138,-32.5138,0.0,-515.03,0.285,128,515.1,0.52,,-3.073,-83.33,0.05,-100.0,74,54,0.0,-28.9108
ema_cross_12_26,US2000.cash,M15,1.2,1.5,1.7999999999999998,True,114,0.0,-6.2994,-6.2994,0.0,-452.78,0.93,114,453.3,0.45,,-1.791,-83.33,0.05,-100.0,71,43,0.0,-6.0516
ema_cross_12_26,US500.cash,M15,1.2,1.5,1.7999999999999998,True,131,0.0,-3.6312,-3.6312,0.0,-522.3,1.068,131,523.09,0.52,,-1.769,-83.33,0.05,-100.0,87,44,0.0,-3.3037
ema_pullback_20_50,AMD,D1,1.2,1.5,1.7999999999999998,True,114,0.0,-13.4966,-13.4966,0.0,-458.79,0.057,114,458.8,0.46,,-1.679,-83.33,0.05,-100.0,79,35,0.0,-8.9957
ema_pullback_20_50,AMD,H1,1.2,1.5,1.7999999999999998,True,525,0.0,-32.2525,-32.2525,0.0,-2114.09,0.323,525,2114.09,2.11,,-1.487,-83.33,0.05,-100.0,324,201,0.0,-28.7447
ema_pullback_20_50,AMD,M15,1.2,1.5,1.7999999999999998,True,544,0.0,-50.9586,-50.9586,0.0,-2185.95,1.356,544,2185.95,2.19,,-1.211,-83.33,0.05,-100.0,354,190,0.0,-33.2827
ema_pullback_20_50,AMZN,D1,1.2,1.5,1.7999999999999998,True,151,0.0,-14.4751,-14.4751,0.0,-601.3,0.059,151,601.3,0.6,,-1.69,-83.33,0.05,-100.0,80,71,0.0,-13.1855
ema_pullback_20_50,AMZN,H1,1.2,1.5,1.7999999999999998,True,533,0.0,-36.9135,-36.9135,0.0,-2133.96,0.319,533,2134.05,2.13,,-1.517,-83.33,0.05,-100.0,331,202,0.0,-31.7511
ema_pullback_20_50,AMZN,M15,1.2,1.5,1.7999999999999998,True,439,0.0,-66.649,-66.649,0.0,-1761.01,0.978,439,1761.01,1.76,,-1.417,-83.33,0.05,-100.0,256,183,0.0,-64.1886
ema_pullback_20_50,AVGO,D1,1.2,1.5,1.7999999999999998,True,161,0.0,-27.9569,-27.9569,0.0,-643.4,0.082,161,643.4,0.64,,-0.985,-83.33,0.05,-100.0,95,66,0.0,-8.9476
ema_pullback_20_50,AVGO,H1,1.2,1.5,1.7999999999999998,True,576,0.0,-60.1489,-60.1489,0.0,-2314.27,0.341,576,2314.27,2.31,,-1.029,-83.33,0.05,-100.0,337,239,0.0,-18.1989
ema_pullback_20_50,AVGO,M15,1.2,1.5,1.7999999999999998,True,501,0.0,-35.9563,-35.9563,0.0,-2013.06,1.113,501,2013.12,2.01,,-1.294,-83.33,0.05,-100.0,337,164,0.0,-27.4647
ema_pullback_20_50,CSCO,D1,1.2,1.5,1.7999999999999998,True,148,0.0,-60.0101,-60.0101,0.0,-591.7,0.073,148,591.7,0.59,,-2.014,-83.33,0.05,-100.0,84,64,0.0,-50.6629
ema_pullback_20_50,CSCO,H1,1.2,1.5,1.7999999999999998,True,561,0.0,-158.1954,-158.1954,0.0,-2244.72,0.333,561,2244.72,2.24,,-1.359,-83.33,0.05,-100.0,312,249,0.0,-136.9474
ema_pullback_20_50,CSCO,M15,1.2,1.5,1.7999999999999998,True,500,0.0,-260.3362,-260.3362,0.0,-1999.87,1.111,500,1999.87,2.0,,-1.314,-83.33,0.05,-100.0,307,193,0.0,-157.2805
ema_pullback_20_50,INTC,D1,1.2,1.5,1.7999999999999998,True,104,0.0,-48.7962,-48.7962,0.0,-418.89,0.053,104,418.89,0.42,,-1.764,-83.33,0.05,-100.0,61,43,0.0,-49.9302
ema_pullback_20_50,INTC,H1,1.2,1.5,1.7999999999999998,True,477,0.0,-144.961,-144.961,0.0,-1909.9,0.283,477,1909.9,1.91,,-1.467,-83.33,0.05,-100.0,277,200,0.0,-149.1249
ema_pullback_20_50,INTC,M15,1.2,1.5,1.7999999999999998,True,467,0.0,-267.3457,-267.3457,0.0,-1868.82,1.037,467,1868.82,1.87,,-1.102,-83.33,0.05,-100.0,274,193,0.0,-140.24
ema_pullback_20_50,MSFT,D1,1.2,1.5,1.7999999999999998,True,195,0.0,-17.2222,-17.2222,0.0,-779.02,0.061,195,779.02,0.78,,-0.958,-83.33,0.05,-100.0,127,68,0.0,-8.3445
ema_pullback_20_50,MSFT,H1,1.2,1.5,1.7999999999999998,True,577,0.0,-22.3366,-22.3366,0.0,-2318.17,0.346,577,2318.52,2.32,,-1.525,-83.33,0.05,-100.0,369,208,0.0,-19.4665
ema_pullback_20_50,MSFT,M15,1.2,1.5,1.7999999999999998,True,488,0.0,-42.6784,-42.6784,0.0,-1962.58,1.087,488,1962.58,1.96,,-1.324,-83.33,0.05,-100.0,348,140,0.0,-35.4982
ema_pullback_20_50,NVDA,D1,1.2,1.5,1.7999999999999998,True,133,0.0,-51.0218,-51.0218,0.0,-533.94,0.067,133,533.94,0.53,,-0.942,-83.33,0.05,-100.0,73,60,0.0,-12.7116
ema_pullback_20_50,NVDA,H1,1.2,1.5,1.7999999999999998,True,539,0.0,-88.5974,-88.5974,0.0,-2159.33,0.323,539,2159.34,2.16,,-1.045,-83.33,0.05,-100.0,333,206,0.0,-30.0899
ema_pullback_20_50,NVDA,M15,1.2,1.5,1.7999999999999998,True,538,0.0,-65.7129,-65.7129,0.0,-2159.06,1.198,538,2159.13,2.16,,-1.572,-83.33,0.05,-100.0,341,197,0.0,-60.9813
donchian_20,AMD,D1,1.2,1.5,1.7999999999999998,True,66,0.0,-5.8885,-5.8885,0.0,-253.13,0.033,66,253.17,0.25,,-2.219,-83.33,0.05,-100.0,40,26,0.0,-3.6917
donchian_20,AMD,H1,1.2,1.5,1.7999999999999998,True,317,0.0,-15.4176,-15.4176,0.0,-1266.71,0.195,317,1267.0,1.27,,-2.49,-83.33,0.05,-100.0,185,132,0.0,-12.6152
donchian_20,AMD,M15,1.2,1.5,1.7999999999999998,True,306,0.0,-22.9732,-22.9732,0.0,-1234.87,0.763,306,1234.89,1.23,,-2.099,-83.33,0.05,-100.0,178,128,0.0,-16.8613
donchian_20,AMZN,D1,1.2,1.5,1.7999999999999998,True,80,0.0,-7.6398,-7.6398,0.0,-307.37,0.031,80,307.65,0.31,,-2.085,-83.33,0.05,-100.0,47,33,0.0,-5.9043
donchian_20,AMZN,H1,1.2,1.5,1.7999999999999998,True,322,0.0,-18.4471,-18.4471,0.0,-1289.85,0.193,322,1289.97,1.29,,-3.294,-83.33,0.05,-100.0,195,127,0.0,-15.0976
donchian_20,AMZN,M15,1.2,1.5,1.7999999999999998,True,291,0.0,-31.3988,-31.3988,0.0,-1166.19,0.648,291,1166.29,1.17,,-3.135,-83.33,0.05,-100.0,171,120,0.0,-28.8061
donchian_20,AVGO,D1,1.2,1.5,1.7999999999999998,True,61,0.0,-12.9365,-12.9365,0.0,-244.49,0.031,61,244.65,0.24,,-1.372,-83.33,0.05,-100.0,39,22,0.0,-3.443
donchian_20,AVGO,H1,1.2,1.5,1.7999999999999998,True,337,0.0,-31.5152,-31.5152,0.0,-1346.78,0.2,337,1346.78,1.35,,-1.181,-83.33,0.05,-100.0,201,136,0.0,-8.9511
donchian_20,AVGO,M15,1.2,1.5,1.7999999999999998,True,313,0.0,-16.9475,-16.9475,0.0,-1260.78,0.695,313,1260.78,1.26,,-2.776,-83.33,0.05,-100.0,185,128,0.0,-13.1622
donchian_20,CSCO,D1,1.2,1.5,1.7999999999999998,True,65,0.0,-28.6993,-28.6993,0.0,-257.55,0.032,65,257.7,0.26,,-3.697,-83.33,0.05,-100.0,38,27,0.0,-25.7214
donchian_20,CSCO,H1,1.2,1.5,1.7999999999999998,True,320,0.0,-83.2503,-83.2503,0.0,-1278.83,0.19,320,1278.86,1.28,,-3.103,-83.33,0.05,-100.0,178,142,0.0,-72.445
donchian_20,CSCO,M15,1.2,1.5,1.7999999999999998,True,320,0.0,-133.0084,-133.0084,0.0,-1279.96,0.711,320,1279.98,1.28,,-2.626,-83.33,0.05,-100.0,190,130,0.0,-93.9937
donchian_20,HK50.cash,M15,1.2,1.5,1.7999999999999998,True,301,0.0,-4.5247,-4.5247,0.0,-1234.35,1.572,301,1234.35,1.23,,-2.664,-83.33,0.05,-100.0,186,115,0.0,-4.1659
donchian_20,INTC,D1,1.2,1.5,1.7999999999999998,True,55,0.0,-21.6536,-21.6536,0.0,-219.0,0.028,55,219.1,0.22,,-2.913,-83.33,0.05,-100.0,30,25,0.0,-19.8114
donchian_20,INTC,H1,1.2,1.5,1.7999999999999998,True,334,0.0,-73.1242,-73.1242,0.0,-1334.57,0.198,334,1334.62,1.33,,-2.591,-83.33,0.05,-100.0,189,145,0.0,-69.1311
donchian_20,INTC,M15,1.2,1.5,1.7999999999999998,True,300,0.0,-134.0259,-134.0259,0.0,-1201.46,0.666,300,1201.46,1.2,,-1.531,-83.33,0.05,-100.0,173,127,0.0,-69.1428
donchian_20,JP225.cash,M15,1.2,1.5,1.7999999999999998,True,299,0.0,-3.7518,-3.7518,0.0,-1190.18,2.439,299,1190.38,1.19,,-1.856,-83.33,0.05,-100.0,180,119,0.0,-3.3477
donchian_20,MSFT,D1,1.2,1.5,1.7999999999999998,True,105,0.0,-7.8994,-7.8994,0.0,-413.31,0.033,105,413.44,0.41,,-1.147,-83.33,0.05,-100.0,60,45,0.0,-3.6372
donchian_20,MSFT,H1,1.2,1.5,1.7999999999999998,True,328,0.0,-10.9624,-10.9624,0.0,-1321.04,0.197,328,1321.04,1.32,,-3.781,-83.33,0.05,-100.0,203,125,0.0,-9.8942
donchian_20,MSFT,M15,1.2,1.5,1.7999999999999998,True,286,0.0,-19.6156,-19.6156,0.0,-1149.69,0.637,286,1149.85,1.15,,-3.553,-83.33,0.05,-100.0,183,103,0.0,-17.3984
donchian_20,NVDA,D1,1.2,1.5,1.7999999999999998,True,76,0.0,-24.33,-24.33,0.0,-303.72,0.038,76,303.72,0.3,,-1.153,-83.33,0.05,-100.0,47,29,0.0,-5.614
donchian_20,NVDA,H1,1.2,1.5,1.7999999999999998,True,333,0.0,-48.4615,-48.4615,0.0,-1334.0,0.2,333,1334.03,1.33,,-1.276,-83.33,0.05,-100.0,205,128,0.0,-15.7276
donchian_20,NVDA,M15,1.2,1.5,1.7999999999999998,True,282,0.0,-32.7218,-32.7218,0.0,-1131.07,0.628,282,1131.07,1.13,,-3.119,-83.33,0.05,-100.0,172,110,0.0,-29.3829
donchian_20,US2000.cash,M15,1.2,1.5,1.7999999999999998,True,279,0.0,-6.5882,-6.5882,0.0,-1112.97,2.276,279,1113.18,1.11,,-1.867,-83.33,0.05,-100.0,167,112,0.0,-5.8658
donchian_55,AMD,D1,1.2,1.5,1.7999999999999998,True,38,0.0,-5.2908,-5.2908,0.0,-140.12,0.019,38,140.21,0.14,,-2.041,-83.33,0.05,-100.0,21,17,0.0,-3.476
donchian_55,AMD,H1,1.2,1.5,1.7999999999999998,True,202,0.0,-14.8194,-14.8194,0.0,-809.13,0.124,202,809.13,0.81,,-2.583,-83.33,0.05,-100.0,118,84,0.0,-12.2253
donchian_55,AMD,M15,1.2,1.5,1.7999999999999998,True,190,0.0,-21.9032,-21.9032,0.0,-766.91,0.474,190,766.91,0.77,,-2.143,-83.33,0.05,-100.0,113,77,0.0,-16.1117
donchian_55,AMZN,D1,1.2,1.5,1.7999999999999998,True,53,0.0,-7.5648,-7.5648,0.0,-210.58,0.021,53,210.72,0.21,,-2.291,-83.33,0.05,-100.0,29,24,0.0,-6.2256
donchian_55,AMZN,H1,1.2,1.5,1.7999999999999998,True,209,0.0,-18.5418,-18.5418,0.0,-834.78,0.125,209,834.85,0.83,,-3.354,-83.33,0.05,-100.0,123,86,0.0,-15.3662
donchian_55,AMZN,M15,1.2,1.5,1.7999999999999998,True,169,0.0,-30.5874,-30.5874,0.0,-676.95,0.376,169,677.0,0.68,,-3.392,-83.33,0.05,-100.0,95,74,0.0,-28.4949
donchian_55,AVGO,D1,1.2,1.5,1.7999999999999998,True,44,0.0,-12.7205,-12.7205,0.0,-182.09,0.022,44,182.13,0.18,,-1.272,-83.33,0.05,-100.0,27,17,0.0,-3.5684
donchian_55,AVGO,H1,1.2,1.5,1.7999999999999998,True,221,0.0,-33.2224,-33.2224,0.0,-885.68,0.131,221,885.73,0.89,,-1.162,-83.33,0.05,-100.0,136,85,0.0,-9.2144
donchian_55,AVGO,M15,1.2,1.5,1.7999999999999998,True,186,0.0,-16.3913,-16.3913,0.0,-753.19,0.413,186,753.42,0.75,,-2.858,-83.33,0.05,-100.0,110,76,0.0,-12.6896
donchian_55,CSCO,D1,1.2,1.5,1.7999999999999998,True,39,0.0,-27.4799,-27.4799,0.0,-153.79,0.019,39,153.79,0.15,,-3.699,-83.33,0.05,-100.0,21,18,0.0,-23.7653
donchian_55,CSCO,H1,1.2,1.5,1.7999999999999998,True,208,0.0,-83.5373,-83.5373,0.0,-832.02,0.124,208,832.03,0.83,,-3.127,-83.33,0.05,-100.0,111,97,0.0,-73.2242
donchian_55,CSCO,M15,1.2,1.5,1.7999999999999998,True,205,0.0,-127.483,-127.483,0.0,-819.82,0.455,205,819.82,0.82,,-2.536,-83.33,0.05,-100.0,118,87,0.0,-88.0646
donchian_55,HK50.cash,M15,1.2,1.5,1.7999999999999998,True,176,0.0,-4.4357,-4.4357,0.0,-724.72,0.919,176,724.72,0.72,,-2.618,-83.33,0.05,-100.0,118,58,0.0,-3.8848
donchian_55,INTC,H1,1.2,1.5,1.7999999999999998,True,193,0.0,-67.8308,-67.8308,0.0,-770.18,0.115,193,770.18,0.77,,-2.543,-83.33,0.05,-100.0,108,85,0.0,-59.0101
donchian_55,INTC,M15,1.2,1.5,1.7999999999999998,True,195,0.0,-115.7104,-115.7104,0.0,-781.63,0.433,195,781.63,0.78,,-1.568,-83.33,0.05,-100.0,107,88,0.0,-67.1124
donchian_55,JP225.cash,M15,1.2,1.5,1.7999999999999998,True,187,0.0,-3.8368,-3.8368,0.0,-753.89,1.525,187,754.02,0.75,,-2.03,-83.33,0.05,-100.0,111,76,0.0,-3.4809
donchian_55,MSFT,D1,1.2,1.5,1.7999999999999998,True,80,0.0,-8.2288,-8.2288,0.0,-313.69,0.025,80,313.8,0.31,,-1.21,-83.33,0.05,-100.0,47,33,0.0,-3.7184
donchian_55,MSFT,H1,1.2,1.5,1.7999999999999998,True,215,0.0,-11.4462,-11.4462,0.0,-871.7,0.129,215,871.87,0.87,,-3.94,-83.33,0.05,-100.0,134,81,0.0,-10.4214
donchian_55,MSFT,M15,1.2,1.5,1.7999999999999998,True,176,0.0,-19.5567,-19.5567,0.0,-710.59,0.392,176,710.73,0.71,,-3.46,-83.33,0.05,-100.0,111,65,0.0,-18.001
donchian_55,NVDA,D1,1.2,1.5,1.7999999999999998,True,61,0.0,-22.3289,-22.3289,0.0,-243.81,0.031,61,243.84,0.24,,-1.188,-83.33,0.05,-100.0,38,23,0.0,-5.8977
donchian_55,NVDA,H1,1.2,1.5,1.7999999999999998,True,226,0.0,-46.8631,-46.8631,0.0,-905.65,0.135,226,905.67,0.91,,-1.292,-83.33,0.05,-100.0,141,85,0.0,-16.7574
donchian_55,NVDA,M15,1.2,1.5,1.7999999999999998,True,168,0.0,-33.5033,-33.5033,0.0,-674.24,0.374,168,674.34,0.67,,-3.197,-83.33,0.05,-100.0,100,68,0.0,-30.9837
donchian_55,US2000.cash,H1,1.2,1.5,1.7999999999999998,True,172,0.0,-3.5312,-3.5312,0.0,-713.96,0.345,172,714.81,0.71,,-2.37,-83.33,0.05,-100.0,106,66,0.0,-3.1689
donchian_55,US2000.cash,M15,1.2,1.5,1.7999999999999998,True,180,0.0,-6.6246,-6.6246,0.0,-738.46,1.468,180,738.46,0.74,,-1.833,-83.33,0.05,-100.0,106,74,0.0,-5.8225
rsi_30_70,AMD,H1,1.2,1.5,1.7999999999999998,True,121,0.0,-15.9916,-15.9916,0.0,-483.98,0.074,121,484.12,0.48,,-2.48,-83.33,0.05,-100.0,80,41,0.0,-12.5741
rsi_30_70,AMD,M15,1.2,1.5,1.7999999999999998,True,108,0.0,-21.7198,-21.7198,0.0,-438.56,0.269,108,438.6,0.44,,-1.929,-83.33,0.05,-100.0,65,43,0.0,-14.6351
rsi_30_70,AMZN,H1,1.2,1.5,1.7999999999999998,True,105,0.0,-16.2424,-16.2424,0.0,-422.6,0.063,105,422.69,0.42,,-3.026,-83.33,0.05,-100.0,57,48,0.0,-13.6501
rsi_30_70,AMZN,M15,1.2,1.5,1.7999999999999998,True,121,0.0,-26.7009,-26.7009,0.0,-486.49,0.269,121,486.64,0.49,,-3.2,-83.33,0.05,-100.0,70,51,0.0,-24.8025
rsi_30_70,AVGO,H1,1.2,1.5,1.7999999999999998,True,104,0.0,-30.7677,-30.7677,0.0,-408.79,0.062,104,408.82,0.41,,-1.215,-83.33,0.05,-100.0,61,43,0.0,-8.4506
rsi_30_70,AVGO,M15,1.2,1.5,1.7999999999999998,True,109,0.0,-15.2816,-15.2816,0.0,-437.21,0.242,109,437.27,0.44,,-2.598,-83.33,0.05,-100.0,61,48,0.0,-11.9074
rsi_30_70,CSCO,H1,1.2,1.5,1.7999999999999998,True,102,0.0,-78.4433,-78.4433,0.0,-407.04,0.061,102,407.07,0.41,,-2.941,-83.33,0.05,-100.0,65,37,0.0,-71.0736
rsi_30_70,CSCO,M15,1.2,1.5,1.7999999999999998,True,97,0.0,-119.4192,-119.4192,0.0,-387.99,0.215,97,388.01,0.39,,-2.727,-83.33,0.05,-100.0,62,35,0.0,-86.7699
rsi_30_70,HK50.cash,M15,1.2,1.5,1.7999999999999998,True,120,0.0,-4.2053,-4.2053,0.0,-493.25,0.627,120,493.25,0.49,,-2.447,-83.33,0.05,-100.0,75,45,0.0,-3.6187
rsi_30_70,INTC,H1,1.2,1.5,1.7999999999999998,True,124,0.0,-77.4027,-77.4027,0.0,-497.02,0.074,124,497.02,0.5,,-2.892,-83.33,0.05,-100.0,82,42,0.0,-79.9888
rsi_30_70,INTC,M15,1.2,1.5,1.7999999999999998,True,120,0.0,-138.0498,-138.0498,0.0,-479.92,0.267,120,479.92,0.48,,-1.624,-83.33,0.05,-100.0,66,54,0.0,-79.9836
rsi_30_70,MSFT,H1,1.2,1.5,1.7999999999999998,True,122,0.0,-9.5102,-9.5102,0.0,-488.68,0.073,122,488.87,0.49,,-3.505,-83.33,0.05,-100.0,71,51,0.0,-8.2781
rsi_30_70,MSFT,M15,1.2,1.5,1.7999999999999998,True,127,0.0,-18.2988,-18.2988,0.0,-515.16,0.283,127,515.16,0.52,,-3.173,-83.33,0.05,-100.0,66,61,0.0,-16.5751
rsi_30_70,NVDA,H1,1.2,1.5,1.7999999999999998,True,103,0.0,-41.8963,-41.8963,0.0,-411.29,0.062,103,411.3,0.41,,-1.159,-83.33,0.05,-100.0,57,46,0.0,-12.9352
rsi_30_70,NVDA,M15,1.2,1.5,1.7999999999999998,True,111,0.0,-26.1237,-26.1237,0.0,-444.54,0.247,111,444.57,0.44,,-3.75,-83.33,0.05,-100.0,57,54,0.0,-25.0135
rsi_30_70,US2000.cash,M15,1.2,1.5,1.7999999999999998,True,126,0.0,-5.914,-5.914,0.0,-515.83,1.028,126,515.83,0.52,,-1.645,-83.33,0.05,-100.0,79,47,0.0,-5.0832
rsi_30_70,US500.cash,M15,1.2,1.5,1.7999999999999998,True,113,0.0,-3.2934,-3.2934,0.0,-454.33,0.922,113,455.12,0.46,,-1.771,-83.33,0.05,-100.0,75,38,0.0,-2.8901
ema_cross_9_20,US30.cash,D1,1.5,1.5,2.25,True,34,61.76,0.4129,0.4129,2.079,1253.63,0.013,4,428.16,0.43,721.0,0.337,36.27,0.05,-309.35,23,11,81.82,0.8884
donchian_55,XAUUSD,D1,1.5,1.5,2.25,True,59,61.02,0.4462,0.4462,1.768,10240.72,0.021,3,2643.37,2.38,,0.363,35.03,0.05,26.91,29,30,60.0,0.4239
ema_cross_12_26,USDJPY,D1,1.5,1.5,2.25,True,33,60.61,0.4006,0.4006,2.211,1600.07,0.012,3,446.1,0.45,1001.0,0.321,34.34,0.05,-450.77,21,12,75.0,0.7811
ema_cross_12_26,GBPJPY,D1,1.5,1.5,2.25,True,32,59.38,0.3912,0.3912,1.927,1954.75,0.011,3,729.82,0.72,333.0,0.313,32.29,0.05,-118.23,23,9,66.67,0.5789
donchian_55,US100.cash,D1,1.5,1.5,2.25,True,43,58.14,0.254,0.254,1.702,561.24,0.022,2,190.45,0.19,59.0,0.204,30.23,0.05,19.82,25,18,61.11,0.3106
ema_cross_12_26,GBPUSD,D1,1.5,1.5,2.25,True,33,57.58,0.313,0.313,1.376,1029.47,0.012,5,1986.35,1.96,,0.253,29.29,0.05,16.83,23,10,90.0,1.0428
donchian_20,XAUUSD,D1,1.5,1.5,2.25,True,84,55.95,0.3199,0.3199,1.474,9831.98,0.03,5,3051.84,2.8,39.0,0.256,26.59,0.05,24.37,46,38,55.26,0.3057
ema_cross_12_26,USDSEK,D1,1.5,1.5,2.25,True,36,55.56,0.2949,0.2949,1.562,1634.88,0.013,5,929.11,0.91,246.0,0.234,25.93,0.05,-77.44,23,13,46.15,0.0628
ema_cross_9_20,USDSEK,D1,1.5,1.5,2.25,True,40,55.0,0.2817,0.2817,1.614,1925.5,0.014,4,775.03,0.76,590.0,0.224,25.0,0.05,-249.19,26,14,50.0,0.1609
ema_cross_9_20,GBPUSD,D1,1.5,1.5,2.25,True,39,53.85,0.2311,0.2311,1.388,1242.77,0.014,5,1487.08,1.47,1126.0,0.185,23.08,0.05,-518.59,26,13,76.92,0.7597
ema_cross_9_20,GBPJPY,D1,1.5,1.5,2.25,True,43,53.49,0.2442,0.2442,1.488,1657.13,0.015,4,1249.98,1.24,558.0,0.193,22.48,0.05,-234.26,30,13,69.23,0.6404
ema_cross_12_26,USDCAD,D1,1.5,1.5,2.25,True,34,52.94,0.2085,0.2085,1.316,501.79,0.012,3,470.42,0.47,305.0,0.165,21.57,0.05,-109.92,19,15,46.67,0.0471
ema_cross_9_20,EURJPY,D1,1.5,1.5,2.25,True,38,52.63,0.2126,0.2126,1.613,1337.33,0.013,3,546.76,0.55,738.0,0.167,21.05,0.05,-326.02,26,12,58.33,0.3669
donchian_20,US100.cash,D1,1.5,1.5,2.25,True,56,51.79,0.1228,0.1228,1.253,348.17,0.029,4,322.84,0.32,538.0,0.098,19.64,0.05,-224.3,32,24,54.17,0.1884
ema_cross_9_20,EURUSD,D1,1.5,1.5,2.25,True,37,51.35,0.1421,0.1421,1.124,285.05,0.013,6,1288.29,1.29,997.0,0.114,18.92,0.05,-456.99,24,13,84.62,0.9096
ema_cross_9_20,USDJPY,D1,1.5,1.5,2.25,True,43,51.16,0.1627,0.1627,1.746,1424.8,0.015,4,816.92,0.82,581.0,0.128,18.6,0.05,-248.3,29,14,71.43,0.691
donchian_55,XAUUSD,H1,1.5,1.5,2.25,True,209,50.72,0.1743,0.1743,1.214,5062.45,0.421,11,4958.59,4.57,,0.139,17.86,0.05,23.82,137,72,47.22,0.0976
ema_cross_12_26,EURJPY,D1,1.5,1.5,2.25,True,30,50.0,0.1472,0.1472,1.208,425.48,0.011,5,943.62,0.93,,0.116,16.67,0.05,9.13,21,9,44.44,0.0179
rsi_30_70,AUDUSD,H1,1.5,1.5,2.25,True,82,50.0,-0.0393,-0.0393,1.092,90.09,0.175,4,290.22,0.29,,-0.031,16.67,0.05,-30.0,51,31,45.16,-0.1401
rsi_30_70,GER40.cash,H1,1.5,1.5,2.25,True,108,50.0,-0.1339,-0.1339,0.858,-151.57,0.211,7,374.01,0.37,,-0.106,16.67,0.05,-30.0,61,47,44.68,-0.2236
rsi_30_70,EURUSD,M15,1.5,1.5,2.25,True,103,49.51,-0.2317,-0.2317,0.719,-233.04,0.893,4,235.28,0.24,,-0.184,15.86,0.05,-30.0,62,41,48.78,-0.2572
donchian_20,XAUUSD,H1,1.5,1.5,2.25,True,296,48.99,0.1343,0.1343,1.21,7603.19,0.596,7,2983.55,2.83,20.9,0.107,14.98,0.05,25.77,186,110,45.45,0.059
ema_cross_12_26,XAUUSD,D1,1.5,1.5,2.25,True,31,48.39,0.1288,0.1288,1.474,2598.01,0.011,3,2080.77,2.02,,0.101,13.98,0.05,7.78,20,11,45.45,0.0586
donchian_55,XAGUSD,D1,1.5,1.5,2.25,True,52,48.08,0.1231,0.1231,1.709,12504.47,0.018,6,5328.57,5.23,104.0,0.098,13.46,0.05,-12.29,26,26,53.85,0.271
rsi_30_70,XPTUSD,H1,1.5,1.5,2.25,True,73,47.95,0.1101,0.1101,1.167,2487.97,0.147,7,5219.62,5.07,,0.087,13.24,0.05,-18.69,30,43,51.16,0.2033
donchian_20,EURJPY,D1,1.5,1.5,2.25,True,71,47.89,0.0905,0.0905,1.206,889.34,0.025,5,702.93,0.7,262.0,0.072,13.15,0.05,-89.92,39,32,53.12,0.227
donchian_20,US30.cash,D1,1.5,1.5,2.25,True,61,47.54,0.0734,0.0734,1.33,774.42,0.023,3,417.81,0.41,,0.058,12.57,0.05,9.82,32,29,48.28,0.1078
ema_pullback_20_50,XPDUSD,D1,1.5,1.5,2.25,True,154,47.4,0.0442,0.0442,0.824,-11083.3,0.054,9,17323.81,16.39,,0.035,12.34,0.05,-30.0,86,68,41.18,-0.1175
ema_pullback_20_50,US100.cash,D1,1.5,1.5,2.25,True,95,47.37,-0.0731,-0.0731,0.952,-100.44,0.049,6,380.38,0.38,,-0.058,12.28,0.05,-30.0,58,37,48.65,-0.0091
donchian_20,US500.cash,D1,1.5,1.5,2.25,True,55,47.27,-0.3538,-0.3538,0.677,-128.57,0.029,5,157.29,0.16,,-0.277,12.12,0.05,-30.0,31,24,50.0,-0.2461
ema_cross_12_26,XAGUSD,H1,1.5,1.5,2.25,True,121,47.11,0.0852,0.0852,1.133,3352.41,0.243,6,5728.01,5.33,,0.068,11.85,0.05,-16.97,75,46,52.17,0.2307
donchian_55,EURJPY,D1,1.5,1.5,2.25,True,49,46.94,0.0669,0.0669,1.087,272.93,0.017,4,704.28,0.7,124.0,0.053,11.56,0.05,-30.0,23,26,46.15,0.0516
donchian_55,UK100.cash,D1,1.5,1.5,2.25,True,32,46.88,-0.1193,-0.1193,0.899,-38.88,0.011,4,211.17,0.21,,-0.093,11.46,0.05,-30.0,13,19,63.16,0.2912
ema_pullback_20_50,EURJPY,D1,1.5,1.5,2.25,True,141,46.81,-0.014,-0.014,1.017,118.42,0.05,6,1790.6,1.79,1036.0,-0.011,11.35,0.05,-30.0,91,50,56.0,0.2381
donchian_55,XPDUSD,D1,1.5,1.5,2.25,True,47,46.81,0.095,0.095,0.969,-824.37,0.017,9,11314.1,10.38,,0.075,11.35,0.05,-30.0,34,13,38.46,-0.1156
ema_cross_9_20,USDJPY,H1,1.5,1.5,2.25,True,150,46.67,-0.0801,-0.0801,0.762,-608.61,0.32,6,755.43,0.76,,-0.064,11.11,0.05,-30.0,92,58,46.55,-0.107
ema_cross_9_20,XAGUSD,D1,1.5,1.5,2.25,True,45,46.67,0.0893,0.0893,0.701,-6241.96,0.016,4,11856.84,11.23,,0.071,11.11,0.05,-30.0,24,21,38.1,-0.121
rsi_30_70,XPDUSD,H1,1.5,1.5,2.25,True,52,46.15,0.0681,0.0681,1.14,1204.53,0.105,7,1980.52,1.97,33.7,0.054,10.26,0.05,7.4,22,30,50.0,0.1723
donchian_20,XPDUSD,D1,1.5,1.5,2.25,True,74,45.95,0.0739,0.0739,0.874,-5306.59,0.026,5,14255.83,13.33,,0.059,9.91,0.05,-30.0,51,23,47.83,0.1185
rsi_30_70,GBPJPY,H1,1.5,1.5,2.25,True,74,45.95,-0.0611,-0.0611,0.94,-98.09,0.158,6,478.87,0.48,,-0.049,9.91,0.05,-30.0,43,31,48.39,-0.0304
rsi_30_70,AUDUSD,M15,1.5,1.5,2.25,True,85,45.88,-0.2949,-0.2949,0.66,-266.09,0.737,7,288.62,0.29,,-0.234,9.8,0.05,-30.0,49,36,50.0,-0.1833
donchian_55,GER40.cash,H1,1.5,1.5,2.25,True,179,45.81,-0.3355,-0.3355,0.619,-596.81,0.349,9,617.36,0.62,,-0.267,9.68,0.05,-30.0,113,66,42.42,-0.3942
donchian_20,XAGUSD,D1,1.5,1.5,2.25,True,83,45.78,0.0665,0.0665,1.079,2757.89,0.029,4,9590.97,8.54,,0.053,9.64,0.05,-30.0,45,38,44.74,0.0441
ema_cross_12_26,XAGUSD,D1,1.5,1.5,2.25,True,35,45.71,0.0653,0.0653,0.544,-8236.51,0.012,4,12145.41,11.69,,0.052,9.52,0.05,-30.0,21,14,35.71,-0.1804
donchian_55,GBPUSD,D1,1.5,1.5,2.25,True,35,45.71,0.0489,0.0489,1.172,534.35,0.012,4,688.05,0.69,133.0,0.039,9.52,0.05,-30.87,17,18,44.44,0.0133
rsi_30_70,GBPJPY,M15,1.5,1.5,2.25,True,90,45.56,-0.1926,-0.1926,0.826,-187.4,0.78,8,320.78,0.32,,-0.152,9.26,0.05,-30.0,57,33,45.45,-0.2324
ema_cross_12_26,XAUUSD,H1,1.5,1.5,2.25,True,119,45.38,0.0479,0.0479,1.125,2014.47,0.239,5,2871.69,2.84,96.1,0.038,8.96,0.05,-8.28,70,49,42.86,0.0015
donchian_20,USDJPY,D1,1.5,1.5,2.25,True,75,45.33,0.0196,0.0196,1.077,341.94,0.027,4,769.53,0.76,,0.016,8.89,0.05,-30.0,42,33,48.48,0.1099
ema_pullback_20_50,US30.cash,D1,1.5,1.5,2.25,True,148,45.27,-0.1032,-0.1032,1.062,263.62,0.056,4,885.31,0.88,,-0.082,8.78,0.05,-30.0,93,55,50.91,0.049
donchian_55,EU50.cash,D1,1.5,1.5,2.25,True,31,45.16,-0.3341,-0.3341,0.532,-125.07,0.016,4,130.41,0.13,,-0.268,8.6,0.05,-30.0,18,13,30.77,-0.6504
rsi_30_70,US100.cash,H1,1.5,1.5,2.25,True,111,45.05,-0.2546,-0.2546,0.771,-260.9,0.223,5,334.74,0.33,,-0.2,8.41,0.05,-30.0,65,46,47.83,-0.1601
donchian_20,GER40.cash,H1,1.5,1.5,2.25,True,271,45.02,-0.3361,-0.3361,0.58,-1058.17,0.529,8,1090.66,1.09,,-0.27,8.36,0.05,-30.0,172,99,42.42,-0.3584
ema_pullback_20_50,XAGUSD,D1,1.5,1.5,2.25,True,158,44.94,-0.0254,-0.0254,0.722,-12580.16,0.056,6,15259.97,14.86,,-0.02,8.23,0.05,-30.0,95,63,44.44,-0.0166
donchian_20,EU50.cash,D1,1.5,1.5,2.25,True,49,44.9,-0.3012,-0.3012,0.536,-205.91,0.025,5,235.98,0.24,,-0.245,8.16,0.05,-30.0,30,19,26.32,-0.6951
donchian_55,XAGUSD,H1,1.5,1.5,2.25,True,196,44.9,0.0316,0.0316,0.901,-3845.05,0.394,6,12407.57,11.55,,0.025,8.16,0.05,-30.0,113,83,45.78,0.0669
donchian_55,XAUUSD,M15,1.5,1.5,2.25,True,156,44.87,0.0307,0.0307,1.015,282.44,1.267,8,3872.29,3.76,,0.025,8.12,0.05,-30.0,112,44,45.45,0.0473
ema_cross_9_20,GER40.cash,D1,1.5,1.5,2.25,True,38,44.74,-0.062,-0.062,1.043,47.62,0.013,4,351.42,0.35,,-0.05,7.89,0.05,-30.0,21,17,47.06,-0.0263
ema_pullback_20_50,XAUUSD,D1,1.5,1.5,2.25,True,146,44.52,-0.0272,-0.0272,1.003,114.07,0.052,8,8330.73,7.68,,-0.022,7.53,0.05,-30.0,80,66,40.91,-0.1173
ema_cross_12_26,US30.cash,H1,1.5,1.5,2.25,True,126,44.44,-0.2146,-0.2146,0.65,-616.86,0.253,11,727.4,0.73,,-0.171,7.41,0.05,-30.0,81,45,46.67,-0.1185
ema_pullback_20_50,GBPJPY,D1,1.5,1.5,2.25,True,117,44.44,-0.0437,-0.0437,1.008,62.65,0.042,6,2355.04,2.34,,-0.035,7.41,0.05,-30.0,79,38,52.63,0.2074
donchian_20,GBPJPY,D1,1.5,1.5,2.25,True,72,44.44,0.0152,0.0152,0.937,-405.51,0.026,6,2058.06,2.03,,0.012,7.41,0.05,-30.0,42,30,36.67,-0.1761
ema_cross_12_26,USDJPY,M15,1.5,1.5,2.25,True,133,44.36,-0.4069,-0.4069,0.573,-447.72,1.153,9,516.68,0.52,,-0.321,7.27,0.05,-30.0,80,53,45.28,-0.4576
ema_cross_12_26,USDCAD,M15,1.5,1.5,2.25,True,140,44.29,-0.5757,-0.5757,0.436,-521.56,1.214,8,553.49,0.55,,-0.452,7.14,0.05,-30.0,85,55,49.09,-0.4861
donchian_55,US30.cash,H1,1.5,1.5,2.25,True,147,44.22,-0.2431,-0.2431,0.68,-569.74,0.295,6,648.25,0.65,,-0.195,7.03,0.05,-30.0,91,56,44.64,-0.22
rsi_30_70,GBPUSD,H1,1.5,1.5,2.25,True,95,44.21,-0.1153,-0.1153,0.812,-344.96,0.202,6,656.94,0.66,,-0.093,7.02,0.05,-30.0,60,35,42.86,-0.154
donchian_55,EURUSD,H1,1.5,1.5,2.25,True,161,44.1,-0.1466,-0.1466,0.856,-386.24,0.343,8,710.22,0.71,,-0.117,6.83,0.05,-30.0,101,60,41.67,-0.2417
ema_cross_12_26,US100.cash,H1,1.5,1.5,2.25,True,127,44.09,-0.3321,-0.3321,0.593,-529.22,0.255,8,575.64,0.58,,-0.264,6.82,0.05,-30.0,78,49,38.78,-0.4023
rsi_30_70,GBPUSD,M15,1.5,1.5,2.25,True,109,44.04,-0.2759,-0.2759,0.676,-379.24,0.945,6,434.13,0.43,,-0.221,6.73,0.05,-30.0,68,41,51.22,-0.1154
ema_pullback_20_50,US500.cash,D1,1.5,1.5,2.25,True,100,44.0,-0.7052,-0.7052,0.524,-306.15,0.052,5,328.19,0.33,,-0.502,6.67,0.05,-30.0,55,45,51.11,-0.4267
ema_cross_12_26,EURUSD,D1,1.5,1.5,2.25,True,32,43.75,0.0173,0.0173,1.019,40.39,0.011,6,1448.41,1.45,,0.014,6.25,0.05,-30.0,21,11,72.73,0.7969
donchian_55,EURUSD,D1,1.5,1.5,2.25,True,32,43.75,-0.0082,-0.0082,1.17,382.57,0.011,6,915.73,0.91,,-0.007,6.25,0.05,3.54,16,16,37.5,-0.1648
ema_cross_9_20,US100.cash,H1,1.5,1.5,2.25,True,167,43.71,-0.3511,-0.3511,0.564,-743.51,0.336,9,817.33,0.82,,-0.283,6.19,0.05,-30.0,102,65,38.46,-0.4252
ema_cross_9_20,XAGUSD,H1,1.5,1.5,2.25,True,167,43.71,0.0008,0.0008,1.18,5853.05,0.336,5,8770.08,7.74,,0.001,6.19,0.05,-22.0,106,61,50.82,0.1974
donchian_20,US100.cash,M15,1.5,1.5,2.25,True,230,43.48,-0.6408,-0.6408,0.403,-829.39,1.876,8,829.39,0.83,,-0.505,5.8,0.05,-30.0,140,90,50.0,-0.4746
donchian_55,XAGUSD,M15,1.5,1.5,2.25,True,161,43.48,0.0078,0.0078,0.974,-982.72,1.307,8,5756.19,5.53,,0.006,5.8,0.05,-30.0,110,51,41.18,-0.0532
donchian_20,USDSEK,D1,1.5,1.5,2.25,True,67,43.28,-0.0125,-0.0125,0.951,-335.77,0.024,6,2194.57,2.16,,-0.01,5.47,0.05,-30.0,41,26,34.62,-0.2254
donchian_55,USDCAD,H1,1.5,1.5,2.25,True,155,43.23,-0.2757,-0.2757,0.592,-766.52,0.33,7,821.17,0.82,,-0.223,5.38,0.05,-30.0,95,60,48.33,-0.1656
ema_cross_9_20,USDCAD,D1,1.5,1.5,2.25,True,44,43.18,-0.0345,-0.0345,0.819,-478.65,0.016,4,720.2,0.72,,-0.028,5.3,0.05,-30.0,24,20,40.0,-0.1205
donchian_20,UK100.cash,D1,1.5,1.5,2.25,True,51,43.14,-0.1894,-0.1894,0.784,-145.44,0.017,5,327.92,0.33,,-0.152,5.23,0.05,-30.0,25,26,46.15,-0.1033
ema_cross_12_26,US30.cash,M15,1.5,1.5,2.25,True,123,43.09,-0.5508,-0.5508,0.45,-528.74,1.003,9,550.34,0.55,,-0.437,5.15,0.05,-30.0,78,45,44.44,-0.4965
ema_cross_9_20,US100.cash,M15,1.5,1.5,2.25,True,151,43.05,-0.6807,-0.6807,0.373,-579.52,1.232,6,607.47,0.61,,-0.531,5.08,0.05,-30.0,98,53,50.94,-0.5387
ema_cross_9_20,GBPJPY,H1,1.5,1.5,2.25,True,172,43.02,-0.1363,-0.1363,0.824,-623.51,0.367,7,928.49,0.93,,-0.11,5.04,0.05,-30.0,111,61,45.9,-0.0719
rsi_30_70,EURUSD,H1,1.5,1.5,2.25,True,93,43.01,-0.1782,-0.1782,0.773,-345.31,0.198,6,606.8,0.61,,-0.143,5.02,0.05,-30.0,54,39,30.77,-0.4978
donchian_20,XAGUSD,H1,1.5,1.5,2.25,True,277,42.96,-0.0172,-0.0172,0.986,-769.55,0.557,8,11489.49,10.49,,-0.014,4.93,0.05,-30.0,166,111,46.85,0.0953
ema_cross_9_20,XAGUSD,M15,1.5,1.5,2.25,True,156,42.95,-0.0034,-0.0034,1.061,2408.99,1.267,7,8063.78,7.38,,-0.003,4.91,0.05,-30.0,89,67,40.3,-0.0726
ema_pullback_20_50,USDJPY,D1,1.5,1.5,2.25,True,140,42.86,-0.1277,-0.1277,0.953,-292.89,0.05,7,1130.64,1.13,449.0,-0.102,4.76,0.05,-30.0,87,53,49.06,0.0699
donchian_55,EURJPY,H1,1.5,1.5,2.25,True,180,42.78,-0.1973,-0.1973,0.719,-801.58,0.384,9,875.7,0.88,,-0.159,4.63,0.05,-30.0,102,78,39.74,-0.2948
ema_pullback_20_50,UK100.cash,D1,1.5,1.5,2.25,True,117,42.74,-0.452,-0.452,0.57,-516.12,0.038,8,595.83,0.6,,-0.35,4.56,0.05,-30.0,66,51,49.02,-0.1806
donchian_55,AUDUSD,H1,1.5,1.5,2.25,True,171,42.69,-0.255,-0.255,0.741,-557.67,0.364,10,677.37,0.68,,-0.204,4.48,0.05,-30.0,92,79,49.37,-0.1029
donchian_20,USDCAD,D1,1.5,1.5,2.25,True,68,42.65,-0.0494,-0.0494,0.866,-525.51,0.024,4,1174.54,1.17,,-0.04,4.41,0.05,-30.0,38,30,40.0,-0.12
donchian_20,GBPUSD,H1,1.5,1.5,2.25,True,270,42.59,-0.1573,-0.1573,0.788,-1094.68,0.575,8,1209.97,1.21,,-0.127,4.32,0.05,-30.0,176,94,39.36,-0.2401
ema_cross_9_20,US2000.cash,D1,1.5,1.5,2.25,True,40,42.5,-0.6599,-0.6599,0.401,-141.64,0.014,7,182.24,0.18,,-0.508,4.17,0.05,-30.0,25,15,46.67,-0.5332
ema_cross_9_20,XPDUSD,D1,1.5,1.5,2.25,True,40,42.5,-0.0092,-0.0092,0.614,-11943.01,0.014,5,17395.1,16.92,,-0.007,4.17,0.05,-30.0,24,16,43.75,0.0204
ema_pullback_20_50,XAGUSD,M15,1.5,1.5,2.25,True,424,42.45,-0.0803,-0.0803,0.966,-2684.48,3.443,10,12553.24,11.57,,-0.065,4.09,0.05,-30.0,314,110,39.09,-0.1756
donchian_20,XAGUSD,M15,1.5,1.5,2.25,True,245,42.45,-0.0171,-0.0171,0.936,-4196.03,1.989,7,9004.26,8.69,,-0.014,4.08,0.05,-30.0,152,93,39.78,-0.0874
ema_cross_9_20,US30.cash,H1,1.5,1.5,2.25,True,172,42.44,-0.2829,-0.2829,0.641,-821.29,0.345,17,950.31,0.95,,-0.226,4.07,0.05,-30.0,111,61,49.18,-0.0747
ema_cross_9_20,USDCHF,M15,1.5,1.5,2.25,True,184,42.39,-0.4256,-0.4256,0.527,-770.31,1.596,8,810.31,0.81,,-0.342,3.99,0.05,-30.0,112,72,43.06,-0.4192
donchian_20,AUDUSD,D1,1.5,1.5,2.25,True,59,42.37,-0.065,-0.065,1.064,222.48,0.021,7,830.41,0.82,,-0.053,3.95,0.05,-30.0,33,26,38.46,-0.184
ema_cross_12_26,USDCHF,M15,1.5,1.5,2.25,True,137,42.34,-0.4354,-0.4354,0.498,-610.43,1.188,7,656.86,0.66,,-0.354,3.89,0.05,-30.0,78,59,35.59,-0.6274
rsi_30_70,NZDUSD,M15,1.5,1.5,2.25,True,104,42.31,-0.4909,-0.4909,0.487,-422.53,0.902,11,432.46,0.43,,-0.392,3.85,0.05,-30.0,60,44,45.45,-0.4229
rsi_30_70,XAUUSD,H1,1.5,1.5,2.25,True,78,42.31,-0.0253,-0.0253,0.972,-503.79,0.157,8,5690.67,5.63,,-0.02,3.85,0.05,-30.0,46,32,40.62,-0.0567
rsi_30_70,XAUUSD,M15,1.5,1.5,2.25,True,104,42.31,-0.0265,-0.0265,1.04,719.39,0.844,8,3710.64,3.56,,-0.021,3.85,0.05,-30.0,50,54,33.33,-0.2531
donchian_55,GBPUSD,H1,1.5,1.5,2.25,True,161,42.24,-0.1644,-0.1644,0.792,-649.06,0.343,7,844.48,0.84,,-0.133,3.73,0.05,-30.0,106,55,43.64,-0.1331
ema_pullback_20_50,XAUUSD,H1,1.5,1.5,2.25,True,533,42.21,-0.1003,-0.1003,0.91,-5007.42,1.072,7,5889.69,5.86,,-0.081,3.69,0.05,-30.0,323,210,39.52,-0.1441
ema_cross_9_20,XAUUSD,H1,1.5,1.5,2.25,True,166,42.17,-0.0334,-0.0334,0.983,-418.54,0.334,5,4763.24,4.58,,-0.027,3.61,0.05,-30.0,101,65,41.54,-0.0341
donchian_20,EURUSD,H1,1.5,1.5,2.25,True,268,42.16,-0.2006,-0.2006,0.742,-1176.12,0.571,7,1332.51,1.33,,-0.162,3.61,0.05,-30.0,164,104,38.46,-0.3262
ema_cross_12_26,US100.cash,M15,1.5,1.5,2.25,True,121,42.15,-0.7411,-0.7411,0.303,-531.74,0.987,6,557.01,0.56,,-0.59,3.58,0.05,-30.0,80,41,48.78,-0.5445
donchian_55,GER40.cash,D1,1.5,1.5,2.25,True,38,42.11,-0.1131,-0.1131,0.829,-193.35,0.013,6,347.17,0.35,,-0.09,3.51,0.05,-30.0,16,22,50.0,0.0844
ema_pullback_20_50,XPTUSD,D1,1.5,1.5,2.25,True,164,42.07,-0.0916,-0.0916,0.936,-2095.86,0.058,9,6534.57,6.26,,-0.074,3.46,0.05,-30.0,100,64,43.75,-0.0465
ema_cross_9_20,USDCAD,M15,1.5,1.5,2.25,True,176,42.05,-0.6512,-0.6512,0.386,-732.73,1.526,9,763.13,0.76,,-0.512,3.41,0.05,-30.0,104,72,43.06,-0.6697
rsi_30_70,EURJPY,M15,1.5,1.5,2.25,True,88,42.05,-0.3647,-0.3647,0.58,-410.31,0.763,9,505.19,0.51,,-0.292,3.41,0.05,-30.0,59,29,44.83,-0.3759
donchian_55,GBPJPY,D1,1.5,1.5,2.25,True,50,42.0,-0.0465,-0.0465,0.809,-905.42,0.018,9,1997.71,1.98,,-0.037,3.33,0.05,-30.0,26,24,29.17,-0.3656
donchian_55,XPTUSD,D1,1.5,1.5,2.25,True,43,41.86,-0.0325,-0.0325,1.166,2057.18,0.015,5,4163.61,4.16,210.0,-0.026,3.1,0.05,-72.97,24,19,52.63,0.2374
ema_cross_9_20,USDSEK,M15,1.5,1.5,2.25,True,177,41.81,-0.3135,-0.3135,0.665,-683.95,1.535,7,683.95,0.68,,-0.252,3.01,0.05,-30.0,107,70,42.86,-0.2624
donchian_20,US30.cash,H1,1.5,1.5,2.25,True,261,41.76,-0.3024,-0.3024,0.626,-1270.7,0.524,11,1352.54,1.35,,-0.244,2.94,0.05,-30.0,158,103,40.78,-0.3033
rsi_30_70,FRA40.cash,H1,1.5,1.5,2.25,True,103,41.75,-0.912,-0.912,0.298,-373.38,0.148,8,378.01,0.38,,-0.699,2.91,0.05,-30.0,61,42,40.48,-0.8428
donchian_55,US2000.cash,D1,1.5,1.5,2.25,True,48,41.67,-0.7229,-0.7229,0.336,-182.55,0.017,5,190.43,0.19,,-0.563,2.78,0.05,-30.0,24,24,41.67,-0.7202
rsi_30_70,EURGBP,M15,1.5,1.5,2.25,True,84,41.67,-0.5819,-0.5819,0.403,-374.62,0.728,9,390.08,0.39,,-0.473,2.78,0.05,-30.0,53,31,35.48,-0.7555
ema_pullback_20_50,XAGUSD,H1,1.5,1.5,2.25,True,509,41.65,-0.1092,-0.1092,0.954,-3877.43,1.024,11,14917.23,13.62,,-0.088,2.75,0.05,-30.0,300,209,43.06,-0.0461
donchian_55,USDJPY,D1,1.5,1.5,2.25,True,53,41.51,-0.0765,-0.0765,0.893,-356.08,0.019,5,1017.52,1.01,,-0.061,2.52,0.05,-30.0,28,25,44.0,-0.0042
ema_cross_9_20,XAUUSD,D1,1.5,1.5,2.25,True,41,41.46,-0.042,-0.042,1.106,1099.85,0.014,4,2626.7,2.53,,-0.034,2.44,0.05,1.56,28,13,46.15,0.0791
donchian_20,US30.cash,M15,1.5,1.5,2.25,True,242,41.32,-0.5475,-0.5475,0.464,-1089.47,1.974,11,1124.29,1.12,,-0.436,2.2,0.05,-30.0,136,106,44.34,-0.458
donchian_55,GBPJPY,M15,1.5,1.5,2.25,True,172,41.28,-0.3661,-0.3661,0.536,-855.46,1.491,9,884.12,0.88,,-0.297,2.13,0.05,-30.0,99,73,34.25,-0.5881
rsi_30_70,EURJPY,H1,1.5,1.5,2.25,True,85,41.18,-0.215,-0.215,0.743,-395.57,0.181,9,611.1,0.61,,-0.175,1.96,0.05,-30.0,54,31,51.61,0.0188
rsi_30_70,USDSEK,M15,1.5,1.5,2.25,True,85,41.18,-0.2894,-0.2894,0.655,-391.72,0.737,11,591.48,0.59,,-0.234,1.96,0.05,-30.0,54,31,54.84,0.0835
donchian_55,GBPUSD,M15,1.5,1.5,2.25,True,158,41.14,-0.3494,-0.3494,0.631,-667.94,1.37,9,732.59,0.73,,-0.28,1.9,0.05,-30.0,87,71,43.66,-0.2861
donchian_20,AUDUSD,H1,1.5,1.5,2.25,True,282,41.13,-0.2813,-0.2813,0.641,-1400.03,0.601,9,1439.08,1.44,,-0.228,1.89,0.05,-30.0,166,116,43.97,-0.2135
ema_cross_9_20,US30.cash,M15,1.5,1.5,2.25,True,152,40.79,-0.5883,-0.5883,0.438,-689.97,1.24,8,700.49,0.7,,-0.47,1.32,0.05,-30.0,94,58,39.66,-0.5807
donchian_20,XAUUSD,M15,1.5,1.5,2.25,True,265,40.75,-0.0716,-0.0716,0.895,-3606.19,2.152,11,8881.14,8.6,,-0.058,1.26,0.05,-30.0,171,94,39.36,-0.1064
donchian_20,NZDUSD,D1,1.5,1.5,2.25,True,59,40.68,-0.0771,-0.0771,0.994,-19.84,0.021,6,1093.97,1.08,,-0.062,1.13,0.05,-30.0,36,23,30.43,-0.3107
ema_cross_12_26,EURUSD,H1,1.5,1.5,2.25,True,123,40.65,-0.2446,-0.2446,0.707,-604.47,0.262,6,749.24,0.75,,-0.198,1.08,0.05,-30.0,74,49,40.82,-0.279
ema_cross_12_26,US2000.cash,D1,1.5,1.5,2.25,True,32,40.62,-0.6999,-0.6999,0.338,-128.99,0.011,5,159.22,0.16,,-0.547,1.04,0.05,-30.0,21,11,54.55,-0.3169
donchian_55,AUDUSD,M15,1.5,1.5,2.25,True,160,40.62,-0.4959,-0.4959,0.432,-835.89,1.387,8,867.87,0.87,,-0.404,1.04,0.05,-30.0,99,61,42.62,-0.4316
ema_pullback_20_50,GBPJPY,M15,1.5,1.5,2.25,True,503,40.56,-0.6206,-0.6206,0.486,-2197.04,4.36,9,2202.3,2.2,,-0.468,0.93,0.05,-30.0,280,223,39.46,-0.7142
ema_cross_12_26,XPTUSD,D1,1.5,1.5,2.25,True,37,40.54,-0.0644,-0.0644,0.762,-2732.29,0.013,5,4321.29,4.25,,-0.052,0.9,0.05,-30.0,21,16,37.5,-0.1402
ema_pullback_20_50,EURJPY,H1,1.5,1.5,2.25,True,481,40.54,-0.4207,-0.4207,0.586,-2756.48,1.025,9,2868.68,2.87,,-0.334,0.9,0.05,-30.0,287,194,41.75,-0.4103
donchian_55,US100.cash,M15,1.5,1.5,2.25,True,153,40.52,-0.6988,-0.6988,0.389,-568.02,1.248,7,569.28,0.57,,-0.551,0.87,0.05,-30.0,79,74,41.89,-0.6482
donchian_20,GBPJPY,H1,1.5,1.5,2.25,True,274,40.51,-0.2065,-0.2065,0.712,-1631.38,0.584,12,1826.28,1.82,,-0.168,0.85,0.05,-30.0,158,116,40.52,-0.2192
ema_pullback_20_50,USDCHF,D1,1.5,1.5,2.25,True,126,40.48,-0.1614,-0.1614,0.801,-1494.09,0.045,8,1813.35,1.81,,-0.13,0.79,0.05,-30.0,79,47,40.43,-0.1616
ema_cross_12_26,EURJPY,H1,1.5,1.5,2.25,True,131,40.46,-0.236,-0.236,0.685,-744.42,0.279,7,1025.28,1.02,,-0.192,0.76,0.05,-30.0,83,48,52.08,0.0334
ema_cross_9_20,AUDUSD,D1,1.5,1.5,2.25,True,47,40.43,-0.1073,-0.1073,0.928,-208.4,0.017,8,940.45,0.94,,-0.087,0.71,0.05,-30.0,25,22,40.91,-0.1058
ema_pullback_20_50,USDCAD,D1,1.5,1.5,2.25,True,151,40.4,-0.193,-0.193,0.701,-2117.96,0.054,8,2346.43,2.34,,-0.157,0.66,0.05,-30.0,92,59,45.76,-0.0727
ema_cross_9_20,EURJPY,H1,1.5,1.5,2.25,True,171,40.35,-0.2402,-0.2402,0.651,-1081.89,0.364,9,1282.93,1.28,,-0.196,0.58,0.05,-30.0,106,65,43.08,-0.1902
ema_cross_9_20,XPTUSD,M15,1.5,1.5,2.25,True,171,40.35,-0.0807,-0.0807,0.988,-266.34,1.388,10,5797.33,5.51,,-0.066,0.58,0.05,-30.0,102,69,34.78,-0.2257
ema_cross_9_20,GER40.cash,H1,1.5,1.5,2.25,True,176,40.34,-0.4387,-0.4387,0.518,-902.5,0.343,7,965.69,0.97,,-0.354,0.57,0.05,-30.0,107,69,43.48,-0.3356
ema_cross_9_20,USDJPY,M15,1.5,1.5,2.25,True,181,40.33,-0.5021,-0.5021,0.468,-834.62,1.57,12,906.5,0.91,,-0.405,0.55,0.05,-30.0,110,71,40.85,-0.5523
donchian_20,EURUSD,D1,1.5,1.5,2.25,True,62,40.32,-0.1124,-0.1124,0.846,-726.05,0.022,11,1776.22,1.78,,-0.092,0.54,0.05,-30.0,38,24,54.17,0.2081
ema_pullback_20_50,GBPJPY,H1,1.5,1.5,2.25,True,479,40.29,-0.3621,-0.3621,0.659,-2666.74,1.021,10,2787.05,2.78,,-0.293,0.49,0.05,-30.0,283,196,40.31,-0.3868
ema_pullback_20_50,USDJPY,H1,1.5,1.5,2.25,True,452,40.27,-0.4142,-0.4142,0.593,-2626.93,0.963,8,2683.75,2.68,,-0.332,0.44,0.05,-30.0,254,198,41.41,-0.4299
ema_cross_12_26,XAUUSD,M15,1.5,1.5,2.25,True,127,40.16,-0.0855,-0.0855,0.815,-3264.72,1.031,8,6026.85,5.95,,-0.07,0.26,0.05,-30.0,72,55,40.0,-0.0901
donchian_20,EURJPY,H1,1.5,1.5,2.25,True,272,40.07,-0.256,-0.256,0.648,-1658.93,0.58,8,1736.36,1.74,,-0.209,0.12,0.05,-30.0,160,112,41.07,-0.2531
ema_cross_9_20,XPTUSD,D1,1.5,1.5,2.25,True,45,40.0,-0.0779,-0.0779,0.658,-5139.94,0.016,4,5299.07,5.29,,-0.063,0.0,0.05,-30.0,27,18,44.44,0.0337
ema_cross_12_26,USDJPY,H1,1.5,1.5,2.25,True,120,40.0,-0.25,-0.25,0.567,-966.28,0.256,7,1092.53,1.09,,-0.205,0.0,0.05,-30.0,69,51,45.1,-0.1451
donchian_20,GER40.cash,D1,1.5,1.5,2.25,True,50,40.0,-0.1844,-0.1844,0.763,-378.11,0.017,5,583.11,0.58,,-0.151,0.0,0.05,-30.0,23,27,51.85,0.0921
donchian_20,US2000.cash,D1,1.5,1.5,2.25,True,70,40.0,-0.7322,-0.7322,0.334,-283.01,0.025,7,293.26,0.29,,-0.583,0.0,0.05,-30.0,35,35,34.29,-0.8364
donchian_55,EURGBP,D1,1.5,1.5,2.25,True,30,40.0,-0.1069,-0.1069,0.815,-417.23,0.011,6,1356.51,1.35,,-0.086,0.0,0.05,-30.0,19,11,36.36,-0.2102
donchian_55,JP225.cash,D1,1.5,1.5,2.25,True,35,40.0,-0.7599,-0.7599,0.296,-159.44,0.011,4,162.73,0.16,,-0.609,0.0,0.05,-30.0,16,19,36.84,-0.6336
donchian_20,US100.cash,H1,1.5,1.5,2.25,True,293,39.93,-0.4904,-0.4904,0.506,-1392.35,0.589,12,1424.62,1.42,,-0.396,-0.11,0.05,-100.0,183,110,43.64,-0.3497
ema_cross_9_20,GER40.cash,M15,1.5,1.5,2.25,True,161,39.75,-0.7488,-0.7488,0.338,-728.14,1.212,7,738.81,0.74,,-0.584,-0.41,0.05,-100.0,99,62,45.16,-0.4816
donchian_20,GBPUSD,D1,1.5,1.5,2.25,True,73,39.73,-0.1089,-0.1089,0.825,-1335.72,0.026,6,2051.0,2.04,,-0.089,-0.46,0.05,-100.0,42,31,41.94,-0.07
ema_cross_12_26,GER40.cash,M15,1.5,1.5,2.25,True,131,39.69,-0.8041,-0.8041,0.323,-603.71,0.986,7,615.02,0.62,,-0.624,-0.51,0.05,-100.0,82,49,38.78,-0.6556
donchian_55,US30.cash,D1,1.5,1.5,2.25,True,48,39.58,-0.1284,-0.1284,0.803,-409.51,0.018,8,770.48,0.77,,-0.105,-0.69,0.05,-100.0,22,26,42.31,-0.0431
donchian_20,USDCAD,H1,1.5,1.5,2.25,True,273,39.56,-0.3694,-0.3694,0.565,-1434.91,0.582,14,1489.94,1.49,,-0.301,-0.73,0.05,-100.0,163,110,41.82,-0.3298
ema_pullback_20_50,AUDUSD,D1,1.5,1.5,2.25,True,129,39.53,-0.1956,-0.1956,0.791,-1251.68,0.046,7,1644.78,1.64,,-0.16,-0.78,0.05,-100.0,75,54,44.44,-0.0768
ema_pullback_20_50,USDSEK,D1,1.5,1.5,2.25,True,129,39.53,-0.1768,-0.1768,0.947,-547.26,0.046,6,2939.38,2.87,,-0.144,-0.78,0.05,-100.0,68,61,39.34,-0.1808
ema_cross_9_20,USDCNH,H1,1.5,1.5,2.25,True,167,39.52,-0.6191,-0.6191,0.391,-833.21,0.356,10,851.51,0.85,,-0.502,-0.8,0.05,-100.0,106,61,34.43,-0.7995
rsi_30_70,USDJPY,M15,1.5,1.5,2.25,True,81,39.51,-0.4344,-0.4344,0.426,-564.22,0.702,9,607.81,0.61,,-0.357,-0.82,0.05,-100.0,45,36,47.22,-0.3003
donchian_20,XPTUSD,D1,1.5,1.5,2.25,True,76,39.47,-0.0917,-0.0917,0.864,-3213.99,0.027,5,9350.92,9.24,,-0.075,-0.88,0.05,-100.0,47,29,48.28,0.1288
donchian_55,US100.cash,H1,1.5,1.5,2.25,True,190,39.47,-0.5272,-0.5272,0.468,-910.69,0.382,9,991.08,0.99,,-0.427,-0.88,0.05,-100.0,117,73,39.73,-0.4649
rsi_30_70,USDJPY,H1,1.5,1.5,2.25,True,114,39.47,-0.2472,-0.2472,0.686,-707.79,0.243,5,764.55,0.76,,-0.202,-0.88,0.05,-100.0,78,36,44.44,-0.1571
donchian_20,USDSEK,M15,1.5,1.5,2.25,True,272,39.34,-0.3619,-0.3619,0.61,-1323.22,2.358,10,1333.81,1.33,,-0.294,-1.1,0.05,-100.0,166,106,35.85,-0.4293
rsi_30_70,US30.cash,M15,1.5,1.5,2.25,True,122,39.34,-0.5704,-0.5704,0.539,-466.4,0.995,8,474.67,0.47,,-0.443,-1.09,0.05,-100.0,80,42,42.86,-0.4128
ema_cross_12_26,GBPJPY,M15,1.5,1.5,2.25,True,135,39.26,-0.4153,-0.4153,0.523,-719.82,1.17,7,746.11,0.75,,-0.339,-1.23,0.05,-100.0,79,56,44.64,-0.3321
ema_cross_12_26,GBPUSD,H1,1.5,1.5,2.25,True,135,39.26,-0.2398,-0.2398,0.709,-786.82,0.288,7,1012.93,1.01,,-0.196,-1.23,0.05,-100.0,79,56,35.71,-0.3291
ema_cross_9_20,AUDUSD,H1,1.5,1.5,2.25,True,181,39.23,-0.3328,-0.3328,0.629,-927.3,0.386,6,1058.49,1.06,,-0.271,-1.29,0.05,-100.0,112,69,36.23,-0.4033
donchian_55,USDJPY,H1,1.5,1.5,2.25,True,181,39.23,-0.2872,-0.2872,0.643,-1054.41,0.386,11,1081.86,1.08,,-0.234,-1.29,0.05,-100.0,99,82,39.02,-0.3176
ema_cross_12_26,XPTUSD,M15,1.5,1.5,2.25,True,138,39.13,-0.1112,-0.1112,0.911,-1572.67,1.12,10,5376.84,5.19,,-0.091,-1.45,0.05,-100.0,89,49,34.69,-0.2267
donchian_55,GER40.cash,M15,1.5,1.5,2.25,True,161,39.13,-0.8054,-0.8054,0.366,-693.56,1.212,8,715.71,0.72,,-0.624,-1.45,0.05,-100.0,98,63,42.86,-0.5108
ema_cross_12_26,USDSEK,M15,1.5,1.5,2.25,True,133,39.1,-0.3891,-0.3891,0.636,-558.34,1.153,11,558.34,0.56,,-0.313,-1.5,0.05,-100.0,84,49,38.78,-0.3601
ema_cross_12_26,XPTUSD,H1,1.5,1.5,2.25,True,133,39.1,-0.1194,-0.1194,1.143,2262.18,0.267,8,2695.86,2.7,124.1,-0.097,-1.5,0.05,-100.0,81,52,46.15,0.0742
donchian_20,JP225.cash,D1,1.5,1.5,2.25,True,54,38.89,-0.8126,-0.8126,0.298,-248.55,0.018,7,266.33,0.27,,-0.66,-1.85,0.05,-100.0,28,26,38.46,-0.6501
ema_cross_9_20,XPDUSD,M15,1.5,1.5,2.25,True,175,38.86,-0.1227,-0.1227,0.906,-1756.53,1.42,7,5445.42,5.29,,-0.1,-1.9,0.05,-100.0,106,69,36.23,-0.1958
ema_pullback_20_50,EURUSD,H1,1.5,1.5,2.25,True,399,38.85,-0.4553,-0.4553,0.689,-1753.86,0.85,14,1899.83,1.9,,-0.355,-1.92,0.05,-100.0,234,165,36.97,-0.5479
donchian_55,US30.cash,M15,1.5,1.5,2.25,True,152,38.82,-0.5821,-0.5821,0.41,-846.66,1.24,14,888.21,0.89,,-0.471,-1.97,0.05,-100.0,83,69,40.58,-0.518
ema_pullback_20_50,AUDUSD,H1,1.5,1.5,2.25,True,490,38.78,-0.5532,-0.5532,0.556,-2455.36,1.044,10,2537.56,2.54,,-0.436,-2.04,0.05,-100.0,262,228,40.79,-0.487
ema_cross_9_20,GBPJPY,M15,1.5,1.5,2.25,True,173,38.73,-0.4263,-0.4263,0.519,-943.78,1.499,8,999.63,1.0,,-0.348,-2.12,0.05,-100.0,100,73,42.47,-0.3787
donchian_20,GER40.cash,M15,1.5,1.5,2.25,True,266,38.72,-0.7943,-0.7943,0.366,-1155.55,2.003,10,1177.85,1.18,,-0.613,-2.13,0.05,-100.0,162,104,42.31,-0.5447
rsi_30_70,USDSEK,H1,1.5,1.5,2.25,True,106,38.68,-0.229,-0.229,0.69,-861.61,0.226,9,1187.21,1.19,,-0.188,-2.2,0.05,-100.0,67,39,43.59,-0.142
ema_cross_9_20,EURUSD,H1,1.5,1.5,2.25,True,163,38.65,-0.291,-0.291,0.653,-995.6,0.347,8,1210.1,1.21,,-0.238,-2.25,0.05,-100.0,99,64,35.94,-0.3915
ema_cross_9_20,AUDUSD,M15,1.5,1.5,2.25,True,176,38.64,-0.5457,-0.5457,0.453,-898.28,1.526,6,913.92,0.91,,-0.442,-2.27,0.05,-100.0,106,70,40.0,-0.5352
ema_pullback_20_50,US30.cash,H1,1.5,1.5,2.25,True,303,38.61,-0.5962,-0.5962,0.794,-698.88,0.609,10,1046.88,1.05,,-0.439,-2.31,0.05,-100.0,165,138,37.68,-0.5546
donchian_20,XPTUSD,M15,1.5,1.5,2.25,True,259,38.61,-0.1241,-0.1241,0.799,-7213.9,2.102,9,9083.68,8.93,,-0.102,-2.32,0.05,-100.0,167,92,36.96,-0.1708
ema_cross_12_26,UK100.cash,H1,1.5,1.5,2.25,True,140,38.57,-0.9586,-0.9586,0.233,-523.21,0.273,7,533.39,0.53,,-0.74,-2.38,0.05,-100.0,90,50,48.0,-0.6767
ema_pullback_20_50,FRA40.cash,D1,1.5,1.5,2.25,True,109,38.53,-0.556,-0.556,0.536,-518.38,0.057,7,634.89,0.63,,-0.432,-2.45,0.05,-100.0,70,39,35.9,-0.5857
donchian_20,FRA40.cash,D1,1.5,1.5,2.25,True,52,38.46,-0.3419,-0.3419,0.569,-320.23,0.027,7,340.96,0.34,,-0.278,-2.56,0.05,-100.0,31,21,23.81,-0.6954
ema_cross_9_20,FRA40.cash,H1,1.5,1.5,2.25,True,177,38.42,-1.036,-1.036,0.182,-773.84,0.255,8,775.22,0.78,,-0.829,-2.64,0.05,-100.0,103,74,43.24,-0.8982
ema_cross_9_20,EURJPY,M15,1.5,1.5,2.25,True,172,38.37,-0.5368,-0.5368,0.452,-863.81,1.491,10,905.33,0.91,,-0.436,-2.71,0.05,-100.0,102,70,41.43,-0.5201
donchian_20,USDJPY,H1,1.5,1.5,2.25,True,292,38.36,-0.3005,-0.3005,0.607,-1984.75,0.622,11,2039.42,2.04,,-0.246,-2.74,0.05,-100.0,167,125,39.2,-0.3017
donchian_20,AUDUSD,M15,1.5,1.5,2.25,True,279,38.35,-0.5661,-0.5661,0.402,-1544.56,2.419,7,1556.96,1.56,,-0.462,-2.75,0.05,-100.0,174,105,40.95,-0.5055
donchian_20,USDCHF,D1,1.5,1.5,2.25,True,60,38.33,-0.1427,-0.1427,0.738,-1355.37,0.021,9,2031.05,2.02,,-0.116,-2.78,0.05,-100.0,37,23,47.83,0.0942
ema_cross_9_20,GBPUSD,H1,1.5,1.5,2.25,True,154,38.31,-0.2659,-0.2659,0.693,-936.47,0.328,7,1191.58,1.19,,-0.218,-2.81,0.05,-100.0,85,69,30.43,-0.4681
ema_pullback_20_50,XAUUSD,M15,1.5,1.5,2.25,True,457,38.29,-0.2131,-0.2131,0.891,-4280.95,3.711,13,9405.9,9.18,,-0.175,-2.84,0.05,-100.0,315,142,39.44,-0.204
ema_cross_12_26,EURJPY,M15,1.5,1.5,2.25,True,128,38.28,-0.5353,-0.5353,0.443,-659.19,1.11,12,683.82,0.68,,-0.437,-2.86,0.05,-100.0,82,46,47.83,-0.3614
ema_pullback_20_50,GER40.cash,D1,1.5,1.5,2.25,True,128,38.28,-0.335,-0.335,0.631,-1100.6,0.043,9,1216.31,1.22,,-0.271,-2.86,0.05,-100.0,65,63,42.86,-0.2357
donchian_55,EURUSD,M15,1.5,1.5,2.25,True,149,38.26,-0.5088,-0.5088,0.471,-787.86,1.292,8,798.35,0.8,,-0.417,-2.91,0.05,-100.0,83,66,37.88,-0.5152
ema_cross_12_26,AUDUSD,H1,1.5,1.5,2.25,True,142,38.03,-0.3591,-0.3591,0.553,-929.32,0.303,5,1059.44,1.06,,-0.296,-3.29,0.05,-100.0,91,51,33.33,-0.468
ema_cross_12_26,USDCNH,H1,1.5,1.5,2.25,True,129,37.98,-0.6432,-0.6432,0.414,-636.96,0.275,8,646.65,0.65,,-0.519,-3.36,0.05,-100.0,79,50,34.0,-0.7843
ema_cross_12_26,XPDUSD,M15,1.5,1.5,2.25,True,145,37.93,-0.1467,-0.1467,0.748,-4132.48,1.177,6,5461.84,5.44,,-0.121,-3.45,0.05,-100.0,89,56,42.86,-0.031
donchian_55,GBPJPY,H1,1.5,1.5,2.25,True,177,37.85,-0.275,-0.275,0.646,-1319.03,0.377,10,1453.34,1.45,,-0.226,-3.58,0.05,-100.0,96,81,38.27,-0.2764
ema_pullback_20_50,USDSEK,M15,1.5,1.5,2.25,True,468,37.82,-0.6429,-0.6429,0.472,-2733.1,4.057,12,2752.04,2.75,,-0.498,-3.63,0.05,-100.0,257,211,36.02,-0.6665
ema_pullback_20_50,GBPUSD,H1,1.5,1.5,2.25,True,442,37.78,-0.4441,-0.4441,0.701,-2094.56,0.942,9,2282.45,2.28,,-0.35,-3.7,0.05,-100.0,277,165,34.55,-0.4968
donchian_20,USDJPY,M15,1.5,1.5,2.25,True,278,37.77,-0.5636,-0.5636,0.408,-1498.4,2.411,10,1519.23,1.52,,-0.462,-3.72,0.05,-100.0,169,109,37.61,-0.6405
donchian_20,EURJPY,M15,1.5,1.5,2.25,True,286,37.76,-0.5556,-0.5556,0.418,-1534.44,2.48,10,1547.63,1.55,,-0.456,-3.73,0.05,-100.0,170,116,38.79,-0.5862
rsi_30_70,XAGUSD,M15,1.5,1.5,2.25,True,109,37.61,-0.1354,-0.1354,0.896,-4222.25,0.885,5,8249.64,7.99,,-0.111,-3.98,0.05,-100.0,57,52,34.62,-0.2134
donchian_55,XPTUSD,M15,1.5,1.5,2.25,True,149,37.58,-0.1499,-0.1499,0.752,-5105.0,1.21,8,5674.91,5.64,,-0.123,-4.03,0.05,-100.0,101,48,35.42,-0.2086
donchian_20,USDCAD,M15,1.5,1.5,2.25,True,261,37.55,-0.7445,-0.7445,0.318,-1312.91,2.263,12,1328.14,1.33,,-0.607,-4.09,0.05,-100.0,161,100,39.0,-0.7571
donchian_20,XPTUSD,H1,1.5,1.5,2.25,True,280,37.5,-0.1607,-0.1607,0.797,-7612.2,0.563,13,8639.0,8.63,,-0.132,-4.17,0.05,-100.0,175,105,40.95,-0.0565
rsi_30_70,USDCHF,H1,1.5,1.5,2.25,True,104,37.5,-0.3043,-0.3043,0.639,-747.56,0.222,8,926.12,0.93,,-0.25,-4.17,0.05,-100.0,67,37,37.84,-0.326
rsi_30_70,USDCHF,M15,1.5,1.5,2.25,True,80,37.5,-0.4606,-0.4606,0.454,-502.72,0.694,6,516.1,0.52,,-0.381,-4.17,0.05,-100.0,47,33,33.33,-0.5764
ema_cross_9_20,XPTUSD,H1,1.5,1.5,2.25,True,163,37.42,-0.1617,-0.1617,1.029,583.25,0.328,8,4365.9,4.36,124.1,-0.133,-4.29,0.05,-100.0,101,62,48.39,0.1301
ema_pullback_20_50,EURUSD,D1,1.5,1.5,2.25,True,155,37.42,-0.2486,-0.2486,0.868,-1044.39,0.055,11,2135.06,2.13,,-0.203,-4.3,0.05,-100.0,83,72,38.89,-0.2111
ema_pullback_20_50,GBPUSD,D1,1.5,1.5,2.25,True,147,37.41,-0.2455,-0.2455,0.839,-1644.61,0.052,7,2617.82,2.61,,-0.2,-4.31,0.05,-100.0,77,70,40.0,-0.198
ema_pullback_20_50,EURJPY,M15,1.5,1.5,2.25,True,460,37.39,-0.8702,-0.8702,0.392,-2018.16,3.989,11,2019.06,2.02,,-0.63,-4.35,0.05,-100.0,260,200,37.5,-0.9466
rsi_30_70,US100.cash,M15,1.5,1.5,2.25,True,115,37.39,-0.7479,-0.7479,0.335,-555.15,0.938,11,559.56,0.56,,-0.606,-4.35,0.05,-100.0,77,38,34.21,-0.7977
ema_pullback_20_50,XPTUSD,H1,1.5,1.5,2.25,True,522,37.36,-0.2286,-0.2286,0.785,-12189.99,1.049,12,12661.6,12.64,,-0.187,-4.41,0.05,-100.0,312,210,39.05,-0.1628
ema_pullback_20_50,XPDUSD,H1,1.5,1.5,2.25,True,482,37.34,-0.2256,-0.2256,0.754,-12444.28,0.969,16,13521.05,13.46,,-0.186,-4.43,0.05,-100.0,291,191,37.17,-0.208
ema_cross_9_20,XPDUSD,H1,1.5,1.5,2.25,True,177,37.29,-0.1634,-0.1634,0.852,-3197.2,0.356,11,5438.35,5.42,78.2,-0.135,-4.52,0.05,-100.0,115,62,40.32,-0.0721
ema_pullback_20_50,XPTUSD,M15,1.5,1.5,2.25,True,427,37.24,-0.2205,-0.2205,0.847,-6630.84,3.466,11,7478.56,7.42,,-0.181,-4.61,0.05,-100.0,306,121,32.23,-0.3655
ema_pullback_20_50,GER40.cash,H1,1.5,1.5,2.25,True,446,37.22,-0.7895,-0.7895,0.517,-1675.54,0.87,13,1693.61,1.69,,-0.577,-4.63,0.05,-100.0,287,159,36.48,-0.7806
rsi_30_70,XAGUSD,H1,1.5,1.5,2.25,True,78,37.18,-0.1529,-0.1529,0.774,-7073.75,0.157,11,12100.25,12.02,,-0.126,-4.7,0.05,-100.0,40,38,28.95,-0.3471
ema_cross_12_26,FRA40.cash,H1,1.5,1.5,2.25,True,148,37.16,-1.0782,-1.0782,0.156,-674.83,0.213,6,676.21,0.68,,-0.876,-4.73,0.05,-100.0,83,65,38.46,-1.0213
ema_cross_12_26,GER40.cash,H1,1.5,1.5,2.25,True,132,37.12,-0.5007,-0.5007,0.46,-831.64,0.258,11,875.31,0.88,,-0.411,-4.8,0.05,-100.0,84,48,39.58,-0.3967
donchian_20,EURGBP,D1,1.5,1.5,2.25,True,62,37.1,-0.1817,-0.1817,0.773,-1007.62,0.022,11,1901.39,1.89,,-0.149,-4.84,0.05,-100.0,36,26,34.62,-0.2535
donchian_55,NZDUSD,M15,1.5,1.5,2.25,True,162,37.04,-0.6807,-0.6807,0.363,-819.19,1.405,7,836.59,0.84,,-0.562,-4.94,0.05,-100.0,100,62,35.48,-0.7076
donchian_20,GBPJPY,M15,1.5,1.5,2.25,True,281,37.01,-0.4697,-0.4697,0.46,-1744.77,2.436,8,1746.07,1.75,,-0.389,-4.98,0.05,-100.0,168,113,37.17,-0.5098
donchian_55,USDCAD,D1,1.5,1.5,2.25,True,38,36.84,-0.1969,-0.1969,0.693,-724.11,0.013,8,1407.54,1.4,,-0.161,-5.26,0.05,-100.0,21,17,41.18,-0.0947
donchian_55,USDSEK,D1,1.5,1.5,2.25,True,38,36.84,-0.1728,-0.1728,0.687,-1465.07,0.013,6,2128.03,2.11,,-0.142,-5.26,0.05,-100.0,26,12,25.0,-0.4657
ema_cross_9_20,UK100.cash,H1,1.5,1.5,2.25,True,174,36.78,-1.0265,-1.0265,0.21,-673.5,0.34,11,679.23,0.68,,-0.79,-5.36,0.05,-100.0,108,66,45.45,-0.7792
ema_cross_9_20,EURGBP,D1,1.5,1.5,2.25,True,49,36.73,-0.1906,-0.1906,0.776,-781.56,0.017,8,1242.67,1.24,,-0.156,-5.44,0.05,-100.0,30,19,31.58,-0.3305
donchian_55,US500.cash,D1,1.5,1.5,2.25,True,49,36.73,-0.6401,-0.6401,0.377,-258.03,0.025,9,282.03,0.28,,-0.523,-5.44,0.05,-100.0,27,22,40.91,-0.4654
donchian_20,GBPUSD,M15,1.5,1.5,2.25,True,267,36.7,-0.4765,-0.4765,0.502,-1582.42,2.315,15,1628.71,1.63,,-0.393,-5.49,0.05,-100.0,157,110,39.09,-0.4159
ema_pullback_20_50,USDCHF,H1,1.5,1.5,2.25,True,428,36.68,-0.4911,-0.4911,0.466,-3747.47,0.912,12,3762.55,3.76,,-0.4,-5.53,0.05,-100.0,247,181,38.12,-0.4557
ema_cross_12_26,GBPJPY,H1,1.5,1.5,2.25,True,142,36.62,-0.2977,-0.2977,0.614,-1252.32,0.303,6,1433.47,1.43,,-0.246,-5.63,0.05,-100.0,88,54,35.19,-0.3424
ema_pullback_20_50,USDCAD,H1,1.5,1.5,2.25,True,467,36.62,-0.6755,-0.6755,0.519,-2248.89,0.995,13,2434.64,2.43,,-0.516,-5.64,0.05,-100.0,272,195,40.51,-0.6076
rsi_30_70,NZDUSD,H1,1.5,1.5,2.25,True,96,36.46,-0.4153,-0.4153,0.605,-500.75,0.205,7,736.41,0.74,,-0.34,-5.9,0.05,-100.0,54,42,35.71,-0.4437
ema_pullback_20_50,XPDUSD,M15,1.5,1.5,2.25,True,511,36.4,-0.2572,-0.2572,0.668,-14598.49,4.147,12,15158.97,15.16,,-0.213,-6.0,0.05,-100.0,340,171,33.92,-0.3351
ema_cross_12_26,XAGUSD,M15,1.5,1.5,2.25,True,132,36.36,-0.1679,-0.1679,0.783,-8413.06,1.072,7,11271.68,11.02,,-0.139,-6.06,0.05,-100.0,77,55,36.36,-0.1709
donchian_20,XPDUSD,M15,1.5,1.5,2.25,True,253,36.36,-0.1861,-0.1861,0.756,-6899.26,2.053,8,7804.18,7.77,,-0.154,-6.06,0.05,-100.0,158,95,34.74,-0.2341
rsi_30_70,US30.cash,H1,1.5,1.5,2.25,True,110,36.36,-0.3843,-0.3843,0.539,-841.87,0.221,11,892.9,0.89,,-0.317,-6.06,0.05,-100.0,59,51,37.25,-0.3611
ema_cross_12_26,AUDUSD,M15,1.5,1.5,2.25,True,135,36.3,-0.6037,-0.6037,0.36,-858.33,1.171,7,872.82,0.87,,-0.5,-6.17,0.05,-100.0,84,51,35.29,-0.656
ema_cross_12_26,USDCHF,H1,1.5,1.5,2.25,True,135,36.3,-0.35,-0.35,0.531,-1192.19,0.288,10,1229.1,1.23,,-0.291,-6.17,0.05,-100.0,83,52,38.46,-0.3084
ema_pullback_20_50,US100.cash,H1,1.5,1.5,2.25,True,372,36.29,-0.8352,-0.8352,0.576,-1337.62,0.747,9,1549.73,1.55,,-0.575,-6.18,0.05,-100.0,222,150,37.33,-0.744
donchian_55,NZDUSD,H1,1.5,1.5,2.25,True,163,36.2,-0.4253,-0.4253,0.604,-844.85,0.347,18,1108.29,1.11,,-0.349,-6.34,0.05,-100.0,92,71,30.99,-0.575
rsi_30_70,XPTUSD,M15,1.5,1.5,2.25,True,94,36.17,-0.1799,-0.1799,0.653,-6639.46,0.763,5,8117.58,8.04,,-0.149,-6.38,0.05,-100.0,50,44,36.36,-0.182
ema_cross_9_20,USDCHF,H1,1.5,1.5,2.25,True,180,36.11,-0.3554,-0.3554,0.565,-1447.19,0.384,9,1469.6,1.47,,-0.295,-6.48,0.05,-100.0,107,73,30.14,-0.5199
donchian_55,AUDUSD,D1,1.5,1.5,2.25,True,36,36.11,-0.2409,-0.2409,0.72,-687.18,0.013,5,1208.11,1.2,,-0.202,-6.48,0.05,-100.0,18,18,33.33,-0.346
donchian_55,NZDUSD,D1,1.5,1.5,2.25,True,36,36.11,-0.2069,-0.2069,0.769,-551.61,0.013,5,1187.48,1.18,,-0.17,-6.48,0.05,-100.0,23,13,30.77,-0.3433
rsi_30_70,USDCAD,M15,1.5,1.5,2.25,True,97,36.08,-0.7888,-0.7888,0.339,-464.33,0.841,8,486.09,0.49,,-0.635,-6.53,0.05,-100.0,52,45,35.56,-0.8658
donchian_55,USDSEK,M15,1.5,1.5,2.25,True,175,36.0,-0.4367,-0.4367,0.498,-1213.8,1.517,8,1250.44,1.25,,-0.362,-6.67,0.05,-100.0,100,75,32.0,-0.5304
rsi_30_70,UK100.cash,H1,1.5,1.5,2.25,True,75,36.0,-1.012,-1.012,0.241,-328.19,0.146,10,338.35,0.34,,-0.794,-6.67,0.05,-100.0,37,38,36.84,-0.975
ema_cross_9_20,NZDUSD,H1,1.5,1.5,2.25,True,164,35.98,-0.4313,-0.4313,0.551,-984.76,0.349,8,1142.86,1.14,,-0.356,-6.71,0.05,-100.0,98,66,30.3,-0.5754
donchian_20,NZDUSD,M15,1.5,1.5,2.25,True,268,35.82,-0.7072,-0.7072,0.344,-1440.59,2.324,12,1461.33,1.46,,-0.583,-6.97,0.05,-100.0,172,96,34.38,-0.7471
ema_cross_9_20,XAUUSD,M15,1.5,1.5,2.25,True,165,35.76,-0.1963,-0.1963,0.753,-5717.04,1.34,8,6875.35,6.86,,-0.163,-7.07,0.05,-100.0,93,72,36.11,-0.1869
ema_pullback_20_50,USDJPY,M15,1.5,1.5,2.25,True,462,35.71,-0.885,-0.885,0.38,-2018.29,4.006,12,2052.36,2.05,,-0.647,-7.14,0.05,-100.0,264,198,31.82,-1.066
donchian_20,NZDUSD,H1,1.5,1.5,2.25,True,269,35.69,-0.4386,-0.4386,0.551,-1625.35,0.573,10,1645.99,1.65,,-0.363,-7.19,0.05,-100.0,162,107,32.71,-0.525
ema_cross_9_20,NZDUSD,M15,1.5,1.5,2.25,True,174,35.63,-0.6956,-0.6956,0.332,-981.34,1.509,9,994.86,0.99,,-0.577,-7.28,0.05,-100.0,102,72,34.72,-0.7515
donchian_20,EURGBP,H1,1.5,1.5,2.25,True,264,35.61,-0.4453,-0.4453,0.523,-1697.36,0.563,12,1697.36,1.7,,-0.37,-7.32,0.05,-100.0,170,94,34.04,-0.5083
rsi_30_70,GER40.cash,M15,1.5,1.5,2.25,True,104,35.58,-0.7399,-0.7399,0.357,-512.1,0.783,10,513.37,0.51,,-0.598,-7.37,0.05,-100.0,61,43,34.88,-0.6824
donchian_55,XPDUSD,M15,1.5,1.5,2.25,True,149,35.57,-0.2044,-0.2044,0.698,-5278.21,1.209,9,5918.38,5.89,,-0.17,-7.38,0.05,-100.0,101,48,29.17,-0.3703
ema_pullback_20_50,USDCHF,M15,1.5,1.5,2.25,True,426,35.45,-0.8215,-0.8215,0.372,-2286.42,3.694,14,2321.52,2.32,,-0.623,-7.59,0.05,-100.0,245,181,38.12,-0.8105
ema_cross_12_26,NZDUSD,M15,1.5,1.5,2.25,True,133,35.34,-0.713,-0.713,0.325,-747.36,1.153,11,747.94,0.75,,-0.589,-7.77,0.05,-100.0,80,53,33.96,-0.777
ema_cross_9_20,FRA40.cash,D1,1.5,1.5,2.25,True,34,35.29,-0.3987,-0.3987,0.464,-303.42,0.018,6,369.09,0.37,,-0.331,-7.84,0.05,-100.0,18,16,25.0,-0.6553
donchian_20,USDCNH,H1,1.5,1.5,2.25,True,241,35.27,-0.7101,-0.7101,0.372,-1302.38,0.514,12,1302.38,1.3,,-0.585,-7.88,0.05,-100.0,152,89,32.58,-0.8188
donchian_20,FRA40.cash,H1,1.5,1.5,2.25,True,287,35.19,-1.1433,-1.1433,0.134,-1335.48,0.413,9,1339.83,1.34,,-0.931,-8.01,0.05,-100.0,173,114,39.47,-1.031
donchian_55,EURJPY,M15,1.5,1.5,2.25,True,168,35.12,-0.6366,-0.6366,0.352,-1018.76,1.457,16,1018.78,1.02,,-0.531,-8.13,0.05,-100.0,87,81,32.1,-0.773
donchian_55,XPTUSD,H1,1.5,1.5,2.25,True,191,35.08,-0.2216,-0.2216,0.609,-11103.26,0.384,10,11315.48,11.3,,-0.185,-8.2,0.05,-100.0,116,75,33.33,-0.2487
donchian_55,UK100.cash,H1,1.5,1.5,2.25,True,194,35.05,-1.2069,-1.2069,0.145,-833.38,0.379,15,834.25,0.83,,-0.948,-8.25,0.05,-100.0,121,73,43.84,-0.923
ema_pullback_20_50,NZDUSD,H1,1.5,1.5,2.25,True,392,34.95,-0.6708,-0.6708,0.52,-2107.72,0.835,8,2158.1,2.16,,-0.524,-8.42,0.05,-100.0,233,159,34.59,-0.6643
donchian_20,HK50.cash,D1,1.5,1.5,2.25,True,43,34.88,-0.6097,-0.6097,0.328,-270.32,0.022,7,288.8,0.29,,-0.518,-8.53,0.05,-100.0,21,22,45.45,-0.3345
donchian_55,EURGBP,H1,1.5,1.5,2.25,True,147,34.69,-0.453,-0.453,0.542,-976.46,0.313,9,978.57,0.98,,-0.376,-8.84,0.05,-100.0,95,52,34.62,-0.483
donchian_20,XPDUSD,H1,1.5,1.5,2.25,True,263,34.6,-0.2301,-0.2301,0.738,-9199.79,0.529,9,9372.67,9.36,,-0.193,-9.0,0.05,-100.0,161,102,36.27,-0.1747
ema_cross_12_26,EURGBP,H1,1.5,1.5,2.25,True,133,34.59,-0.4887,-0.4887,0.475,-888.08,0.283,7,918.62,0.92,,-0.41,-9.02,0.05,-100.0,77,56,33.93,-0.5253
donchian_55,USDCAD,M15,1.5,1.5,2.25,True,162,34.57,-0.8168,-0.8168,0.281,-892.83,1.405,9,900.59,0.9,,-0.678,-9.05,0.05,-100.0,100,62,37.1,-0.7967
ema_cross_12_26,XPDUSD,H1,1.5,1.5,2.25,True,142,34.51,-0.2338,-0.2338,0.653,-6509.71,0.286,8,7200.15,7.18,,-0.196,-9.15,0.05,-100.0,92,50,38.0,-0.1309
ema_cross_12_26,NZDUSD,H1,1.5,1.5,2.25,True,134,34.33,-0.4751,-0.4751,0.483,-958.5,0.286,8,1091.23,1.09,,-0.398,-9.45,0.05,-100.0,85,49,36.73,-0.4219
donchian_55,EURGBP,M15,1.5,1.5,2.25,True,143,34.27,-0.8222,-0.8222,0.275,-824.16,1.24,11,825.32,0.83,,-0.684,-9.56,0.05,-100.0,85,58,27.59,-1.0484
ema_cross_12_26,AUDUSD,D1,1.5,1.5,2.25,True,38,34.21,-0.2708,-0.2708,0.763,-604.41,0.013,6,1008.54,1.01,,-0.228,-9.65,0.05,-100.0,22,16,31.25,-0.3684
rsi_30_70,EURGBP,H1,1.5,1.5,2.25,True,88,34.09,-0.4765,-0.4765,0.478,-634.52,0.188,7,679.53,0.68,,-0.397,-9.85,0.05,-100.0,58,30,30.0,-0.5925
ema_cross_9_20,EURGBP,H1,1.5,1.5,2.25,True,174,33.91,-0.4926,-0.4926,0.448,-1287.84,0.371,8,1318.12,1.32,,-0.417,-10.15,0.05,-100.0,102,72,31.94,-0.5573
ema_pullback_20_50,EU50.cash,D1,1.5,1.5,2.25,True,121,33.88,-0.8568,-0.8568,0.336,-642.46,0.063,7,672.81,0.67,,-0.656,-10.19,0.05,-100.0,67,54,33.33,-0.879
donchian_55,USDCHF,M15,1.5,1.5,2.25,True,189,33.86,-0.6232,-0.6232,0.374,-1255.68,1.639,9,1259.26,1.26,,-0.523,-10.23,0.05,-100.0,111,78,37.18,-0.553
rsi_30_70,XPDUSD,M15,1.5,1.5,2.25,True,89,33.71,-0.249,-0.249,0.54,-6291.84,0.722,6,6441.85,6.44,,-0.21,-10.49,0.05,-100.0,51,38,39.47,-0.1139
ema_cross_12_26,USDCAD,H1,1.5,1.5,2.25,True,122,33.61,-0.5149,-0.5149,0.393,-1054.56,0.26,9,1149.09,1.15,,-0.436,-10.66,0.05,-100.0,85,37,37.84,-0.4286
ema_cross_9_20,USDSEK,H1,1.5,1.5,2.25,True,173,33.53,-0.3706,-0.3706,0.505,-2161.97,0.369,16,2243.85,2.24,,-0.314,-10.79,0.05,-100.0,101,72,34.72,-0.3504
donchian_20,USDCHF,M15,1.5,1.5,2.25,True,285,33.33,-0.637,-0.637,0.357,-1954.66,2.471,12,1968.38,1.97,,-0.539,-11.11,0.05,-100.0,173,112,34.82,-0.6243
donchian_55,FRA40.cash,D1,1.5,1.5,2.25,True,33,33.33,-0.4867,-0.4867,0.419,-277.82,0.017,7,329.68,0.33,,-0.409,-11.11,0.05,-100.0,18,15,20.0,-0.8074
donchian_55,XPDUSD,H1,1.5,1.5,2.25,True,174,33.33,-0.2623,-0.2623,0.654,-8281.87,0.35,8,8452.78,8.44,,-0.222,-11.11,0.05,-100.0,105,69,30.43,-0.323
ema_pullback_20_50,EURGBP,H1,1.5,1.5,2.25,True,366,33.06,-0.6648,-0.6648,0.443,-2571.28,0.78,14,2571.28,2.57,,-0.547,-11.57,0.05,-100.0,235,131,27.48,-0.8201
donchian_20,EURUSD,M15,1.5,1.5,2.25,True,264,32.95,-0.6758,-0.6758,0.373,-1689.33,2.289,16,1691.43,1.69,,-0.567,-11.74,0.05,-100.0,157,107,32.71,-0.6778
ema_pullback_20_50,GBPUSD,M15,1.5,1.5,2.25,True,414,32.85,-0.8317,-0.8317,0.42,-2405.25,3.59,15,2411.61,2.41,,-0.621,-11.92,0.05,-100.0,243,171,33.92,-0.827
ema_pullback_20_50,USDSEK,H1,1.5,1.5,2.25,True,399,32.83,-0.4941,-0.4941,0.544,-4060.27,0.85,10,4117.67,4.12,,-0.412,-11.95,0.05,-100.0,215,184,34.24,-0.4874
rsi_30_70,USDCNH,H1,1.5,1.5,2.25,True,116,32.76,-0.7302,-0.7302,0.327,-790.6,0.247,8,823.06,0.82,,-0.61,-12.07,0.05,-100.0,64,52,30.77,-0.8696
ema_pullback_20_50,AUDUSD,M15,1.5,1.5,2.25,True,481,32.22,-0.989,-0.989,0.327,-2549.75,4.171,10,2549.75,2.55,,-0.721,-12.96,0.05,-100.0,310,171,32.75,-1.0545
donchian_20,USDSEK,H1,1.5,1.5,2.25,True,278,32.01,-0.4013,-0.4013,0.5,-3738.02,0.592,10,3964.43,3.96,,-0.343,-13.31,0.05,-100.0,161,117,29.91,-0.4689
donchian_55,USDJPY,M15,1.5,1.5,2.25,True,188,31.91,-0.7364,-0.7364,0.318,-1231.45,1.63,10,1231.45,1.23,,-0.623,-13.48,0.05,-100.0,113,75,29.33,-0.8788
ema_pullback_20_50,EURUSD,M15,1.5,1.5,2.25,True,370,31.89,-1.0295,-1.0295,0.342,-2089.42,3.208,15,2091.52,2.09,,-0.728,-13.51,0.05,-100.0,239,131,35.88,-0.9007
ema_cross_9_20,GBPUSD,M15,1.5,1.5,2.25,True,173,31.79,-0.6194,-0.6194,0.385,-1308.13,1.5,9,1332.54,1.33,,-0.53,-13.68,0.05,-100.0,106,67,35.82,-0.5314
ema_cross_9_20,USDCAD,H1,1.5,1.5,2.25,True,167,31.74,-0.5675,-0.5675,0.384,-1465.75,0.356,9,1495.31,1.49,,-0.486,-13.77,0.05,-100.0,108,59,28.81,-0.6759
ema_cross_12_26,EURGBP,D1,1.5,1.5,2.25,True,41,31.71,-0.3161,-0.3161,0.635,-1124.77,0.015,10,1675.6,1.67,,-0.268,-13.82,0.05,-100.0,25,16,31.25,-0.3369
ema_pullback_20_50,NZDUSD,D1,1.5,1.5,2.25,True,136,31.62,-0.3933,-0.3933,0.554,-3248.99,0.048,6,3424.97,3.42,,-0.34,-13.97,0.05,-100.0,84,52,28.85,-0.4746
ema_cross_12_26,NZDUSD,D1,1.5,1.5,2.25,True,38,31.58,-0.294,-0.294,0.653,-870.05,0.013,7,1197.36,1.2,,-0.251,-14.04,0.05,-100.0,20,18,33.33,-0.219
ema_pullback_20_50,EURGBP,D1,1.5,1.5,2.25,True,133,31.58,-0.3962,-0.3962,0.485,-4502.41,0.047,15,4591.01,4.59,,-0.341,-14.04,0.05,-100.0,78,55,32.73,-0.3996
rsi_30_70,USDCAD,H1,1.5,1.5,2.25,True,105,31.43,-0.5606,-0.5606,0.436,-902.86,0.224,11,951.3,0.95,,-0.478,-14.29,0.05,-100.0,54,51,27.45,-0.7061
ema_pullback_20_50,HK50.cash,D1,1.5,1.5,2.25,True,109,31.19,-0.9946,-0.9946,0.227,-562.33,0.055,13,562.33,0.56,,-0.78,-14.68,0.05,-100.0,49,60,40.0,-0.8145
ema_cross_9_20,EURUSD,M15,1.5,1.5,2.25,True,183,31.15,-0.7531,-0.7531,0.342,-1196.31,1.587,11,1202.21,1.2,,-0.639,-14.75,0.05,-100.0,114,69,30.43,-0.7801
ema_cross_9_20,NZDUSD,D1,1.5,1.5,2.25,True,45,31.11,-0.3133,-0.3133,0.639,-1073.7,0.016,7,1510.88,1.51,,-0.269,-14.81,0.05,-100.0,25,20,25.0,-0.4414
ema_cross_12_26,EURGBP,M15,1.5,1.5,2.25,True,158,31.01,-0.9512,-0.9512,0.237,-920.06,1.37,11,933.59,0.93,,-0.801,-14.98,0.05,-100.0,89,69,30.43,-1.0165
donchian_20,USDCHF,H1,1.5,1.5,2.25,True,278,30.94,-0.4855,-0.4855,0.474,-2807.91,0.592,10,2811.12,2.81,,-0.418,-15.11,0.05,-100.0,166,112,35.71,-0.3803
donchian_20,UK100.cash,H1,1.5,1.5,2.25,True,305,30.82,-1.2359,-1.2359,0.142,-1392.16,0.595,17,1395.73,1.4,,-0.985,-15.3,0.05,-100.0,189,116,40.52,-0.958
donchian_55,FRA40.cash,H1,1.5,1.5,2.25,True,172,30.81,-1.2544,-1.2544,0.107,-858.15,0.247,14,858.43,0.86,,-1.047,-15.31,0.05,-100.0,100,72,34.72,-1.166
donchian_55,USDSEK,H1,1.5,1.5,2.25,True,140,30.71,-0.4283,-0.4283,0.449,-2195.0,0.298,11,2294.77,2.29,,-0.371,-15.48,0.05,-100.0,76,64,29.69,-0.4677
ema_cross_9_20,USDCHF,D1,1.5,1.5,2.25,True,49,30.61,-0.335,-0.335,0.618,-1703.5,0.017,10,2319.52,2.31,,-0.287,-15.65,0.05,-100.0,33,16,18.75,-0.6319
donchian_20,EURGBP,M15,1.5,1.5,2.25,True,242,30.58,-0.9286,-0.9286,0.227,-1531.94,2.098,14,1533.55,1.53,,-0.798,-15.7,0.05,-100.0,152,90,27.78,-1.0658
ema_pullback_20_50,JP225.cash,D1,1.5,1.5,2.25,True,108,30.56,-1.3774,-1.3774,0.24,-413.44,0.035,18,432.07,0.43,,-0.806,-15.74,0.05,-100.0,66,42,47.62,-0.6149
donchian_55,USDCHF,H1,1.5,1.5,2.25,True,148,30.41,-0.4979,-0.4979,0.444,-1586.77,0.315,11,1600.52,1.6,,-0.432,-15.99,0.05,-100.0,86,62,40.32,-0.2621
ema_pullback_20_50,USDCNH,H1,1.5,1.5,2.25,True,364,30.22,-1.0945,-1.0945,0.356,-1800.42,0.776,13,1844.22,1.84,,-0.798,-16.3,0.05,-100.0,231,133,27.07,-1.266
ema_cross_12_26,USDCHF,D1,1.5,1.5,2.25,True,37,29.73,-0.3567,-0.3567,0.57,-1519.13,0.013,9,2058.13,2.05,,-0.308,-17.12,0.05,-100.0,24,13,23.08,-0.5258
ema_cross_12_26,GBPUSD,M15,1.5,1.5,2.25,True,138,29.71,-0.668,-0.668,0.352,-1139.74,1.197,11,1165.81,1.17,,-0.585,-17.15,0.05,-100.0,88,50,32.0,-0.6195
ema_pullback_20_50,NZDUSD,M15,1.5,1.5,2.25,True,440,29.09,-1.1527,-1.1527,0.258,-2336.19,3.815,16,2343.9,2.34,,-0.85,-18.18,0.05,-100.0,278,162,27.78,-1.2475
ema_cross_12_26,USDCNH,M15,1.5,1.5,2.25,True,142,28.87,-1.3715,-1.3715,0.153,-637.34,1.23,11,637.34,0.64,,-1.032,-18.54,0.05,-100.0,79,63,30.16,-1.2425
donchian_55,USDCHF,D1,1.5,1.5,2.25,True,35,28.57,-0.388,-0.388,0.457,-1886.92,0.012,6,1888.65,1.89,,-0.339,-19.05,0.05,-100.0,23,12,41.67,-0.0627
rsi_30_70,USDCNH,M15,1.5,1.5,2.25,True,113,28.32,-1.2674,-1.2674,0.139,-609.47,0.979,11,612.2,0.61,,-1.064,-19.47,0.05,-100.0,75,38,28.95,-1.1349
ema_cross_12_26,EURUSD,M15,1.5,1.5,2.25,True,142,28.17,-0.8099,-0.8099,0.258,-1155.93,1.231,10,1158.03,1.16,,-0.721,-19.72,0.05,-100.0,89,53,26.42,-0.8579
ema_cross_12_26,USDSEK,H1,1.5,1.5,2.25,True,136,27.94,-0.508,-0.508,0.432,-2088.88,0.29,16,2150.23,2.15,,-0.451,-20.1,0.05,-100.0,85,51,27.45,-0.5289
rsi_30_70,US500.cash,H1,1.5,1.5,2.25,True,109,27.52,-1.4286,-1.4286,0.101,-408.57,0.219,11,408.57,0.41,,-1.004,-20.8,0.05,-100.0,59,50,32.0,-1.2111
donchian_20,USDCNH,M15,1.5,1.5,2.25,True,255,27.45,-1.337,-1.337,0.138,-1207.27,2.21,19,1210.14,1.21,,-1.046,-20.92,0.05,-100.0,139,116,31.03,-1.2456
ema_cross_9_20,EURGBP,M15,1.5,1.5,2.25,True,184,27.17,-1.0279,-1.0279,0.197,-1218.0,1.596,16,1231.42,1.23,,-0.9,-21.38,0.05,-100.0,102,82,24.39,-1.1559
ema_cross_9_20,USDCNH,M15,1.5,1.5,2.25,True,184,27.17,-1.3573,-1.3573,0.153,-818.94,1.594,17,818.94,0.82,,-1.016,-21.38,0.05,-100.0,107,77,31.17,-1.2047
donchian_55,USDCNH,M15,1.5,1.5,2.25,True,148,27.03,-1.3196,-1.3196,0.137,-735.07,1.282,12,735.07,0.74,,-1.061,-21.62,0.05,-100.0,80,68,27.94,-1.3053
ema_pullback_20_50,US30.cash,M15,1.5,1.5,2.25,True,289,26.99,-1.231,-1.231,0.399,-1533.01,2.357,16,1627.42,1.63,,-0.742,-21.68,0.05,-100.0,180,109,31.19,-1.0081
donchian_55,USDCNH,H1,1.5,1.5,2.25,True,126,26.98,-0.9111,-0.9111,0.258,-914.38,0.268,8,922.04,0.92,,-0.805,-21.69,0.05,-100.0,81,45,26.67,-0.9316
ema_pullback_20_50,USDCAD,M15,1.5,1.5,2.25,True,453,26.93,-1.3568,-1.3568,0.253,-2146.59,3.928,21,2146.59,2.15,,-0.878,-21.78,0.05,-100.0,269,184,24.46,-1.4141
rsi_30_70,EU50.cash,H1,1.5,1.5,2.25,True,94,26.6,-1.3579,-1.3579,0.144,-369.96,0.135,13,373.56,0.37,,-0.997,-22.34,0.05,-100.0,55,39,28.21,-1.3978
ema_pullback_20_50,US2000.cash,D1,1.5,1.5,2.25,True,158,25.95,-1.5344,-1.5344,0.197,-692.03,0.056,17,695.93,0.7,,-0.917,-23.42,0.05,-100.0,90,68,33.82,-1.1917
ema_pullback_20_50,EURGBP,M15,1.5,1.5,2.25,True,388,23.45,-1.3539,-1.3539,0.198,-2279.3,3.364,13,2289.18,2.29,,-0.989,-27.58,0.05,-100.0,235,153,22.22,-1.3804
ema_pullback_20_50,US100.cash,M15,1.5,1.5,2.25,True,363,23.14,-1.5979,-1.5979,0.322,-1428.31,2.961,19,1431.76,1.43,,-0.81,-28.1,0.05,-100.0,201,162,24.07,-1.5432
ema_pullback_20_50,GER40.cash,M15,1.5,1.5,2.25,True,277,22.74,-1.7289,-1.7289,0.293,-1113.21,2.086,20,1390.53,1.39,,-0.884,-28.76,0.05,-100.0,252,25,28.0,-1.155
ema_cross_12_26,EU50.cash,H1,1.5,1.5,2.25,True,135,21.48,-1.3347,-1.3347,0.106,-497.43,0.194,25,498.29,0.5,,-0.996,-30.86,0.05,-100.0,79,56,25.0,-1.0574
ema_pullback_20_50,FRA40.cash,H1,1.5,1.5,2.25,True,346,21.39,-1.8454,-1.8454,0.172,-1379.37,0.498,20,1384.9,1.38,,-1.019,-31.02,0.05,-100.0,231,115,23.48,-1.5154
ema_pullback_20_50,UK100.cash,H1,1.5,1.5,2.25,True,474,19.83,-2.1585,-2.1585,0.169,-1779.06,0.925,32,1780.02,1.78,,-1.022,-33.61,0.05,-100.0,295,179,29.05,-1.6942
rsi_30_70,FRA40.cash,M15,1.5,1.5,2.25,True,96,19.79,-1.4953,-1.4953,0.067,-351.85,0.459,23,354.92,0.35,,-1.05,-33.68,0.05,-100.0,49,47,27.66,-1.2904
ema_cross_12_26,US500.cash,H1,1.5,1.5,2.25,True,122,19.67,-1.7099,-1.7099,0.07,-493.5,0.245,34,494.69,0.49,,-1.145,-33.88,0.05,-100.0,76,46,26.09,-1.5085
ema_cross_9_20,EU50.cash,H1,1.5,1.5,2.25,True,170,19.41,-1.3857,-1.3857,0.092,-668.81,0.244,29,672.28,0.67,,-1.05,-34.31,0.05,-100.0,97,73,21.92,-1.2808
donchian_55,UK100.cash,M15,1.5,1.5,2.25,True,163,19.02,-1.7553,-1.7553,0.068,-660.14,1.258,28,660.14,0.66,,-1.187,-34.97,0.05,-100.0,104,59,28.81,-1.5434
rsi_30_70,UK100.cash,M15,1.5,1.5,2.25,True,101,18.81,-1.5715,-1.5715,0.069,-459.02,0.779,14,460.48,0.46,,-1.207,-35.31,0.05,-100.0,49,52,17.31,-1.5332
donchian_20,UK100.cash,M15,1.5,1.5,2.25,True,262,17.94,-1.8204,-1.8204,0.051,-1140.77,2.021,31,1141.06,1.14,,-1.272,-36.77,0.05,-100.0,161,101,23.76,-1.6032
ema_cross_12_26,UK100.cash,M15,1.5,1.5,2.25,True,137,16.79,-1.954,-1.954,0.049,-594.7,1.057,31,594.99,0.59,,-1.236,-38.69,0.05,-100.0,82,55,23.64,-1.6307
ema_cross_9_20,US500.cash,H1,1.5,1.5,2.25,True,156,16.67,-1.7811,-1.7811,0.084,-609.59,0.313,45,610.77,0.61,,-1.216,-38.89,0.05,-100.0,96,60,20.0,-1.7146
ema_pullback_20_50,USDCNH,M15,1.5,1.5,2.25,True,461,16.27,-2.2643,-2.2643,0.106,-2127.68,3.995,32,2127.68,2.13,,-1.151,-39.55,0.05,-100.0,263,198,17.17,-2.1807
ema_cross_9_20,UK100.cash,M15,1.5,1.5,2.25,True,180,16.11,-1.9674,-1.9674,0.047,-761.21,1.389,21,761.5,0.76,,-1.208,-39.81,0.05,-100.0,116,64,25.0,-1.4963
donchian_20,EU50.cash,H1,1.5,1.5,2.25,True,284,15.85,-1.5414,-1.5414,0.064,-1136.13,0.408,57,1141.35,1.14,,-1.151,-40.26,0.05,-100.0,172,112,21.43,-1.3379
donchian_55,EU50.cash,H1,1.5,1.5,2.25,True,189,14.81,-1.721,-1.721,0.044,-801.25,0.272,34,809.77,0.81,,-1.29,-41.98,0.05,-100.0,114,75,18.67,-1.5197
donchian_20,US500.cash,H1,1.5,1.5,2.25,True,264,10.98,-2.0328,-2.0328,0.042,-1088.23,0.53,74,1090.5,1.09,,-1.366,-48.36,0.05,-100.0,171,93,12.9,-1.7983
ema_cross_9_20,FRA40.cash,M15,1.5,1.5,2.25,True,166,10.24,-1.9826,-1.9826,0.025,-736.32,0.794,31,737.46,0.74,,-1.452,-49.6,0.05,-100.0,102,64,15.62,-1.7036
ema_cross_12_26,FRA40.cash,M15,1.5,1.5,2.25,True,123,9.76,-1.9243,-1.9243,0.022,-536.66,0.588,52,537.24,0.54,,-1.4,-50.41,0.05,-100.0,73,50,16.0,-1.7012
ema_pullback_20_50,US500.cash,H1,1.5,1.5,2.25,True,400,9.25,-3.9455,-3.9455,0.099,-1499.56,0.804,51,1503.33,1.5,,-1.158,-51.25,0.05,-100.0,258,142,14.08,-3.2357
ema_pullback_20_50,EU50.cash,H1,1.5,1.5,2.25,True,399,9.02,-3.0021,-3.0021,0.092,-1548.14,0.574,60,1549.0,1.55,,-1.288,-51.63,0.05,-100.0,254,145,9.66,-2.739
donchian_20,FRA40.cash,M15,1.5,1.5,2.25,True,280,7.86,-2.0295,-2.0295,0.022,-1248.24,1.34,70,1248.61,1.25,,-1.521,-53.57,0.05,-100.0,165,115,14.78,-1.8044
donchian_55,US500.cash,H1,1.5,1.5,2.25,True,184,7.61,-2.1873,-2.1873,0.026,-761.65,0.37,63,762.9,0.76,,-1.486,-53.99,0.05,-100.0,115,69,7.25,-2.0206
ema_pullback_20_50,UK100.cash,M15,1.5,1.5,2.25,True,385,7.01,-3.7166,-3.7166,0.06,-1597.52,2.97,60,1598.24,1.6,,-1.136,-54.98,0.05,-100.0,304,81,13.58,-2.854
donchian_55,FRA40.cash,M15,1.5,1.5,2.25,True,164,6.71,-2.0628,-2.0628,0.015,-720.31,0.785,43,720.31,0.72,,-1.556,-55.49,0.05,-100.0,100,64,14.06,-1.8468
rsi_30_70,JP225.cash,H1,1.5,1.5,2.25,True,90,6.67,-2.4411,-2.4411,0.034,-348.52,0.181,29,349.11,0.35,,-1.484,-55.56,0.05,-100.0,58,32,12.5,-1.7115
rsi_30_70,EU50.cash,M15,1.5,1.5,2.25,True,108,6.48,-2.0629,-2.0629,0.024,-417.4,0.516,74,417.6,0.42,,-1.397,-55.86,0.05,-100.0,59,49,14.29,-1.7209
ema_pullback_20_50,HK50.cash,H1,1.5,1.5,2.25,True,456,6.36,-4.0987,-4.0987,0.022,-1797.98,0.697,91,1797.98,1.8,,-1.268,-56.07,0.05,-100.0,247,209,2.39,-4.392
donchian_55,HK50.cash,H1,1.5,1.5,2.25,True,190,5.79,-2.3689,-2.3689,0.013,-748.67,0.29,94,748.67,0.75,,-1.555,-57.02,0.05,-100.0,119,71,2.82,-2.2997
ema_cross_12_26,JP225.cash,H1,1.5,1.5,2.25,True,140,5.71,-2.7111,-2.7111,0.023,-568.17,0.281,80,568.17,0.57,,-1.59,-57.14,0.05,-100.0,83,57,10.53,-1.8639
ema_cross_9_20,JP225.cash,H1,1.5,1.5,2.25,True,165,5.45,-2.7344,-2.7344,0.019,-649.77,0.332,97,650.36,0.65,,-1.52,-57.58,0.05,-100.0,99,66,12.12,-1.7545
rsi_30_70,HK50.cash,H1,1.5,1.5,2.25,True,103,4.85,-2.5893,-2.5893,0.014,-462.5,0.157,44,462.5,0.46,,-1.592,-58.58,0.05,-100.0,61,42,4.76,-2.052
ema_pullback_20_50,JP225.cash,H1,1.5,1.5,2.25,True,442,4.75,-5.005,-5.005,0.027,-1817.97,0.889,84,1818.56,1.82,,-1.312,-58.75,0.05,-100.0,250,192,6.77,-3.6025
ema_cross_12_26,EU50.cash,M15,1.5,1.5,2.25,True,132,4.55,-2.7874,-2.7874,0.009,-570.23,0.63,73,570.5,0.57,,-1.62,-59.09,0.05,-100.0,84,48,10.42,-2.0101
ema_cross_9_20,HK50.cash,H1,1.5,1.5,2.25,True,158,4.43,-2.204,-2.204,0.022,-579.64,0.241,49,579.64,0.58,,-1.466,-59.28,0.05,-100.0,94,64,4.69,-1.9594
donchian_20,HK50.cash,H1,1.5,1.5,2.25,True,304,4.28,-2.4536,-2.4536,0.013,-1251.19,0.464,101,1252.13,1.25,,-1.675,-59.54,0.05,-100.0,189,115,2.61,-2.3713
ema_cross_12_26,HK50.cash,H1,1.5,1.5,2.25,True,117,4.27,-2.2348,-2.2348,0.014,-434.16,0.179,71,434.16,0.43,,-1.48,-59.54,0.05,-100.0,69,48,6.25,-1.9887
ema_cross_9_20,EU50.cash,M15,1.5,1.5,2.25,True,169,4.14,-2.7692,-2.7692,0.009,-743.0,0.807,92,743.2,0.74,,-1.799,-59.76,0.05,-100.0,107,62,9.68,-2.0962
ema_pullback_20_50,FRA40.cash,M15,1.5,1.5,2.25,True,326,3.99,-3.3773,-3.3773,0.058,-1339.85,1.56,77,1359.74,1.36,,-1.255,-60.02,0.05,-100.0,238,88,5.68,-3.0549
donchian_20,EU50.cash,M15,1.5,1.5,2.25,True,285,3.86,-2.7892,-2.7892,0.01,-1215.3,1.36,145,1215.85,1.22,,-1.738,-60.23,0.05,-100.0,172,113,8.85,-2.1613
donchian_20,JP225.cash,H1,1.5,1.5,2.25,True,269,3.35,-2.7192,-2.7192,0.008,-1080.95,0.541,174,1080.95,1.08,,-1.658,-61.09,0.05,-100.0,163,106,7.55,-1.8987
donchian_55,EU50.cash,M15,1.5,1.5,2.25,True,180,3.33,-2.8306,-2.8306,0.01,-765.93,0.859,93,767.32,0.77,,-1.843,-61.11,0.05,-100.0,110,70,7.14,-2.2289
ema_pullback_20_50,US500.cash,M15,1.5,1.5,2.25,True,409,2.93,-8.0731,-8.0731,0.02,-1651.47,3.336,112,1651.47,1.65,,-1.093,-61.78,0.05,-100.0,238,171,2.34,-8.5533
rsi_30_70,US2000.cash,H1,1.5,1.5,2.25,True,113,2.65,-2.742,-2.742,0.01,-433.28,0.227,67,433.73,0.43,,-1.719,-62.24,0.05,-100.0,64,49,2.04,-2.5772
ema_pullback_20_50,US2000.cash,H1,1.5,1.5,2.25,True,303,2.64,-6.1806,-6.1806,0.03,-1232.15,0.609,87,1232.25,1.23,,-1.131,-62.27,0.05,-100.0,165,138,2.9,-5.2331
ema_pullback_20_50,EU50.cash,M15,1.5,1.5,2.25,True,385,2.6,-5.2065,-5.2065,0.022,-1543.21,1.838,95,1589.41,1.59,,-1.381,-62.34,0.05,-100.0,293,92,4.35,-3.905
donchian_55,US500.cash,M15,1.5,1.5,2.25,True,154,2.6,-3.701,-3.701,0.004,-637.16,1.256,51,637.16,0.64,,-1.762,-62.34,0.05,-100.0,77,77,2.6,-3.5238
donchian_55,JP225.cash,H1,1.5,1.5,2.25,True,172,2.33,-2.8145,-2.8145,0.009,-701.74,0.346,144,702.74,0.7,,-1.778,-62.79,0.05,-100.0,106,66,6.06,-1.9386
donchian_20,US500.cash,M15,1.5,1.5,2.25,True,240,2.08,-3.5761,-3.5761,0.003,-958.48,1.958,87,958.48,0.96,,-1.736,-63.19,0.05,-100.0,136,104,1.92,-3.3114
donchian_20,JP225.cash,M15,1.5,1.5,2.25,True,277,1.81,-3.7175,-3.7175,0.002,-1105.02,2.259,147,1105.37,1.11,,-1.832,-63.66,0.05,-100.0,168,109,0.92,-3.2355
rsi_30_70,US500.cash,M15,1.5,1.5,2.25,True,113,1.77,-3.3517,-3.3517,0.001,-464.91,0.922,72,465.88,0.47,,-1.758,-63.72,0.05,-100.0,75,38,0.0,-3.0192
ema_pullback_20_50,JP225.cash,M15,1.5,1.5,2.25,True,435,1.61,-7.0478,-7.0478,0.005,-1725.34,3.548,195,1725.45,1.73,,-0.988,-63.98,0.05,-100.0,260,175,1.71,-6.1916
ema_cross_9_20,US500.cash,M15,1.5,1.5,2.25,True,155,1.29,-3.5421,-3.5421,0.001,-622.6,1.264,84,623.57,0.62,,-1.643,-64.52,0.05,-100.0,99,56,0.0,-3.1372
ema_cross_9_20,US2000.cash,H1,1.5,1.5,2.25,True,167,1.2,-3.4666,-3.4666,0.002,-686.07,0.335,113,687.77,0.69,,-1.85,-64.67,0.05,-100.0,103,64,1.56,-3.1909
donchian_55,JP225.cash,M15,1.5,1.5,2.25,True,170,1.18,-3.7834,-3.7834,0.002,-691.7,1.387,97,691.83,0.69,,-1.984,-64.71,0.05,-100.0,103,67,1.49,-3.3425
donchian_20,US2000.cash,H1,1.5,1.5,2.25,True,279,1.08,-3.4661,-3.4661,0.003,-1154.03,0.56,197,1154.03,1.15,,-2.041,-64.87,0.05,-100.0,172,107,1.87,-3.0053
rsi_30_70,JP225.cash,M15,1.5,1.5,2.25,True,114,0.88,-3.3841,-3.3841,0.003,-484.55,0.93,60,485.16,0.49,,-1.886,-65.2,0.05,-100.0,68,46,0.0,-3.1235
ema_cross_12_26,JP225.cash,M15,1.5,1.5,2.25,True,123,0.81,-3.8631,-3.8631,0.001,-505.91,1.003,68,506.48,0.51,,-1.843,-65.31,0.05,-100.0,76,47,0.0,-3.2426
ema_cross_12_26,US500.cash,M15,1.5,1.5,2.25,True,127,0.79,-3.5532,-3.5532,0.0,-495.88,1.036,74,496.85,0.5,,-1.655,-65.35,0.05,-100.0,84,43,0.0,-3.2045
ema_cross_9_20,JP225.cash,M15,1.5,1.5,2.25,True,154,0.65,-3.5815,-3.5815,0.001,-594.74,1.256,81,595.31,0.6,,-1.801,-65.58,0.05,-100.0,92,62,0.0,-2.9925
donchian_55,US2000.cash,H1,1.5,1.5,2.25,True,157,0.64,-3.4683,-3.4683,0.0,-647.59,0.315,145,648.43,0.65,,-2.217,-65.61,0.05,-100.0,98,59,1.69,-3.0603
ema_pullback_20_50,HK50.cash,M15,1.5,1.5,2.25,True,385,0.52,-8.8365,-8.8365,0.007,-1537.53,2.01,197,1537.53,1.54,,-1.07,-65.8,0.05,-100.0,282,103,0.97,-6.6003
ema_pullback_20_50,US2000.cash,M15,1.5,1.5,2.25,True,409,0.24,-15.4339,-15.4339,0.002,-1645.9,3.336,302,1646.08,1.65,,-0.996,-66.26,0.05,-100.0,244,165,0.61,-14.9512
ema_cross_9_20,AMD,D1,1.5,1.5,2.25,True,33,0.0,-6.6564,-6.6564,0.0,-133.47,0.016,33,133.48,0.13,,-2.315,-66.67,0.05,-100.0,22,11,0.0,-3.9196
ema_cross_9_20,AMD,H1,1.5,1.5,2.25,True,155,0.0,-15.8704,-15.8704,0.0,-615.46,0.095,155,616.44,0.62,,-2.474,-66.67,0.05,-100.0,97,58,0.0,-12.6156
ema_cross_9_20,AMD,M15,1.5,1.5,2.25,True,155,0.0,-23.3623,-23.3623,0.0,-626.31,0.386,155,626.32,0.63,,-2.099,-66.67,0.05,-100.0,89,66,0.0,-16.7747
ema_cross_9_20,AMZN,D1,1.5,1.5,2.25,True,34,0.0,-7.8684,-7.8684,0.0,-130.64,0.013,34,130.76,0.13,,-1.346,-66.67,0.05,-100.0,21,13,0.0,-5.4233
ema_cross_9_20,AMZN,H1,1.5,1.5,2.25,True,169,0.0,-18.1842,-18.1842,0.0,-675.69,0.101,169,676.07,0.68,,-3.099,-66.67,0.05,-100.0,100,69,0.0,-14.9295
ema_cross_9_20,AMZN,M15,1.5,1.5,2.25,True,140,0.0,-31.4744,-31.4744,0.0,-558.05,0.312,140,558.05,0.56,,-2.851,-66.67,0.05,-100.0,86,54,0.0,-30.1447
ema_cross_9_20,AVGO,D1,1.5,1.5,2.25,True,32,0.0,-14.0003,-14.0003,0.0,-129.97,0.016,32,129.97,0.13,,-1.44,-66.67,0.05,-100.0,21,11,0.0,-3.7796
ema_cross_9_20,AVGO,H1,1.5,1.5,2.25,True,162,0.0,-31.6362,-31.6362,0.0,-645.45,0.096,162,645.45,0.65,,-1.16,-66.67,0.05,-100.0,98,64,0.0,-8.6596
ema_cross_9_20,AVGO,M15,1.5,1.5,2.25,True,146,0.0,-17.0426,-17.0426,0.0,-586.65,0.324,146,586.71,0.59,,-2.478,-66.67,0.05,-100.0,93,53,0.0,-12.8204
ema_cross_9_20,CSCO,H1,1.5,1.5,2.25,True,175,0.0,-81.6993,-81.6993,0.0,-701.37,0.104,175,701.42,0.7,,-3.174,-66.67,0.05,-100.0,103,72,0.0,-71.0577
ema_cross_9_20,CSCO,M15,1.5,1.5,2.25,True,156,0.0,-135.5335,-135.5335,0.0,-623.55,0.347,156,623.55,0.62,,-2.708,-66.67,0.05,-100.0,97,59,0.0,-104.6132
ema_cross_9_20,HK50.cash,M15,1.5,1.5,2.25,True,154,0.0,-4.2757,-4.2757,0.0,-618.49,0.804,154,618.49,0.62,,-2.357,-66.67,0.05,-100.0,89,65,0.0,-3.8394
ema_cross_9_20,INTC,D1,1.5,1.5,2.25,True,32,0.0,-26.378,-26.378,0.0,-128.13,0.016,32,128.13,0.13,,-2.797,-66.67,0.05,-100.0,17,15,0.0,-23.8783
ema_cross_9_20,INTC,H1,1.5,1.5,2.25,True,162,0.0,-76.0773,-76.0773,0.0,-649.82,0.096,162,649.86,0.65,,-2.856,-66.67,0.05,-100.0,100,62,0.0,-74.3198
ema_cross_9_20,INTC,M15,1.5,1.5,2.25,True,162,0.0,-146.4999,-146.4999,0.0,-648.28,0.36,162,648.3,0.65,,-1.618,-66.67,0.05,-100.0,97,65,0.0,-78.303
ema_cross_9_20,MSFT,D1,1.5,1.5,2.25,True,43,0.0,-6.5734,-6.5734,0.0,-174.12,0.013,43,174.16,0.17,,-1.016,-66.67,0.05,-100.0,30,13,0.0,-3.3354
ema_cross_9_20,MSFT,H1,1.5,1.5,2.25,True,153,0.0,-10.3648,-10.3648,0.0,-608.94,0.092,153,609.29,0.61,,-3.946,-66.67,0.05,-100.0,98,55,0.0,-9.6872
ema_cross_9_20,MSFT,M15,1.5,1.5,2.25,True,166,0.0,-20.3305,-20.3305,0.0,-668.94,0.37,166,668.94,0.67,,-3.251,-66.67,0.05,-100.0,105,61,0.0,-18.654
ema_cross_9_20,NVDA,D1,1.5,1.5,2.25,True,32,0.0,-26.2483,-26.2483,0.0,-130.39,0.016,32,130.39,0.13,,-0.977,-66.67,0.05,-100.0,18,14,0.0,-5.2524
ema_cross_9_20,NVDA,H1,1.5,1.5,2.25,True,173,0.0,-45.5751,-45.5751,0.0,-690.32,0.104,173,690.32,0.69,,-1.23,-66.67,0.05,-100.0,101,72,0.0,-14.3106
ema_cross_9_20,NVDA,M15,1.5,1.5,2.25,True,166,0.0,-32.1234,-32.1234,0.0,-665.94,0.37,166,666.12,0.67,,-3.157,-66.67,0.05,-100.0,98,68,0.0,-28.7567
ema_cross_9_20,US2000.cash,M15,1.5,1.5,2.25,True,146,0.0,-6.3702,-6.3702,0.0,-578.8,1.191,146,579.45,0.58,,-1.818,-66.67,0.05,-100.0,86,60,0.0,-6.1887
ema_cross_12_26,AMD,H1,1.5,1.5,2.25,True,129,0.0,-15.8337,-15.8337,0.0,-518.45,0.079,129,519.42,0.52,,-2.555,-66.67,0.05,-100.0,82,47,0.0,-13.0145
ema_cross_12_26,AMD,M15,1.5,1.5,2.25,True,118,0.0,-23.103,-23.103,0.0,-478.17,0.294,118,478.17,0.48,,-2.192,-66.67,0.05,-100.0,66,52,0.0,-17.2667
ema_cross_12_26,AMZN,H1,1.5,1.5,2.25,True,134,0.0,-17.7942,-17.7942,0.0,-539.35,0.08,134,539.73,0.54,,-3.316,-66.67,0.05,-100.0,79,55,0.0,-14.6336
ema_cross_12_26,AMZN,M15,1.5,1.5,2.25,True,120,0.0,-31.0407,-31.0407,0.0,-480.64,0.267,120,480.64,0.48,,-2.668,-66.67,0.05,-100.0,77,43,0.0,-30.3748
ema_cross_12_26,AVGO,H1,1.5,1.5,2.25,True,133,0.0,-31.0478,-31.0478,0.0,-531.1,0.079,133,531.1,0.53,,-1.126,-66.67,0.05,-100.0,80,53,0.0,-8.3095
ema_cross_12_26,AVGO,M15,1.5,1.5,2.25,True,119,0.0,-16.5185,-16.5185,0.0,-478.73,0.264,119,478.79,0.48,,-2.707,-66.67,0.05,-100.0,74,45,0.0,-12.1842
ema_cross_12_26,CSCO,H1,1.5,1.5,2.25,True,140,0.0,-83.6673,-83.6673,0.0,-560.44,0.083,140,560.48,0.56,,-3.018,-66.67,0.05,-100.0,86,54,0.0,-72.3358
ema_cross_12_26,CSCO,M15,1.5,1.5,2.25,True,120,0.0,-134.1744,-134.1744,0.0,-479.13,0.267,120,479.13,0.48,,-2.708,-66.67,0.05,-100.0,77,43,0.0,-97.6918
ema_cross_12_26,HK50.cash,M15,1.5,1.5,2.25,True,116,0.0,-4.1606,-4.1606,0.0,-444.41,0.606,116,444.41,0.44,,-1.981,-66.67,0.05,-100.0,73,43,0.0,-3.4448
ema_cross_12_26,INTC,D1,1.5,1.5,2.25,True,33,0.0,-25.8501,-25.8501,0.0,-132.92,0.017,33,132.92,0.13,,-2.746,-66.67,0.05,-100.0,18,15,0.0,-22.7711
ema_cross_12_26,INTC,H1,1.5,1.5,2.25,True,128,0.0,-76.4564,-76.4564,0.0,-512.49,0.076,128,512.53,0.51,,-2.934,-66.67,0.05,-100.0,81,47,0.0,-76.4574
ema_cross_12_26,INTC,M15,1.5,1.5,2.25,True,127,0.0,-147.7329,-147.7329,0.0,-507.8,0.282,127,507.81,0.51,,-1.537,-66.67,0.05,-100.0,82,45,0.0,-72.8524
ema_cross_12_26,MSFT,D1,1.5,1.5,2.25,True,34,0.0,-6.6055,-6.6055,0.0,-135.53,0.011,34,135.57,0.14,,-0.939,-66.67,0.05,-100.0,22,12,0.0,-3.6252
ema_cross_12_26,MSFT,H1,1.5,1.5,2.25,True,120,0.0,-10.1199,-10.1199,0.0,-483.53,0.072,120,483.89,0.48,,-4.036,-66.67,0.05,-100.0,74,46,0.0,-9.5377
ema_cross_12_26,MSFT,M15,1.5,1.5,2.25,True,125,0.0,-20.3877,-20.3877,0.0,-502.06,0.278,125,502.06,0.5,,-3.08,-66.67,0.05,-100.0,84,41,0.0,-18.7381
ema_cross_12_26,NVDA,H1,1.5,1.5,2.25,True,127,0.0,-47.362,-47.362,0.0,-504.78,0.076,127,504.78,0.5,,-1.19,-66.67,0.05,-100.0,74,53,0.0,-14.0107
ema_cross_12_26,NVDA,M15,1.5,1.5,2.25,True,128,0.0,-32.4727,-32.4727,0.0,-514.28,0.285,128,514.47,0.51,,-3.066,-66.67,0.05,-100.0,74,54,0.0,-28.8518
ema_cross_12_26,US2000.cash,H1,1.5,1.5,2.25,True,138,0.0,-3.5012,-3.5012,0.0,-581.79,0.277,138,583.49,0.58,,-1.87,-66.67,0.05,-100.0,89,49,0.0,-2.9254
ema_cross_12_26,US2000.cash,M15,1.5,1.5,2.25,True,112,0.0,-6.299,-6.299,0.0,-451.06,0.914,112,451.71,0.45,,-1.765,-66.67,0.05,-100.0,69,43,0.0,-6.0722
ema_pullback_20_50,AMD,D1,1.5,1.5,2.25,True,105,0.0,-13.1389,-13.1389,0.0,-420.5,0.052,105,420.51,0.42,,-1.699,-66.67,0.05,-100.0,73,32,0.0,-9.0719
ema_pullback_20_50,AMD,H1,1.5,1.5,2.25,True,458,0.0,-30.7814,-30.7814,0.0,-1842.15,0.282,458,1842.15,1.84,,-1.49,-66.67,0.05,-100.0,281,177,0.0,-28.098
ema_pullback_20_50,AMD,M15,1.5,1.5,2.25,True,435,0.0,-48.7018,-48.7018,0.0,-1748.25,1.084,435,1748.26,1.75,,-1.147,-66.67,0.05,-100.0,275,160,0.0,-32.2405
ema_pullback_20_50,AMZN,D1,1.5,1.5,2.25,True,146,0.0,-14.6754,-14.6754,0.0,-578.53,0.057,146,578.53,0.58,,-1.694,-66.67,0.05,-100.0,78,68,0.0,-13.3144
ema_pullback_20_50,AMZN,H1,1.5,1.5,2.25,True,460,0.0,-35.7922,-35.7922,0.0,-1837.38,0.276,460,1837.71,1.84,,-1.48,-66.67,0.05,-100.0,277,183,0.0,-31.4754
ema_pullback_20_50,AMZN,M15,1.5,1.5,2.25,True,384,0.0,-64.0192,-64.0192,0.0,-1538.28,0.855,384,1538.28,1.54,,-1.498,-66.67,0.05,-100.0,229,155,0.0,-61.1058
ema_pullback_20_50,AVGO,D1,1.5,1.5,2.25,True,152,0.0,-29.0974,-29.0974,0.0,-609.59,0.077,152,609.59,0.61,,-1.005,-66.67,0.05,-100.0,91,61,0.0,-9.1489
ema_pullback_20_50,AVGO,H1,1.5,1.5,2.25,True,528,0.0,-59.9729,-59.9729,0.0,-2121.02,0.313,528,2121.02,2.12,,-1.015,-66.67,0.05,-100.0,309,219,0.0,-18.191
ema_pullback_20_50,AVGO,M15,1.5,1.5,2.25,True,440,0.0,-34.1393,-34.1393,0.0,-1767.14,0.977,440,1767.2,1.77,,-1.31,-66.67,0.05,-100.0,297,143,0.0,-24.1663
ema_pullback_20_50,CSCO,D1,1.5,1.5,2.25,True,125,0.0,-60.084,-60.084,0.0,-499.75,0.062,125,499.75,0.5,,-1.934,-66.67,0.05,-100.0,73,52,0.0,-51.3906
ema_pullback_20_50,CSCO,H1,1.5,1.5,2.25,True,499,0.0,-156.6864,-156.6864,0.0,-1995.7,0.296,499,1995.7,2.0,,-1.332,-66.67,0.05,-100.0,271,228,0.0,-138.6826
ema_pullback_20_50,CSCO,M15,1.5,1.5,2.25,True,439,0.0,-253.7781,-253.7781,0.0,-1755.6,0.975,439,1755.6,1.76,,-1.265,-66.67,0.05,-100.0,258,181,0.0,-156.5857
ema_pullback_20_50,INTC,D1,1.5,1.5,2.25,True,99,0.0,-48.9122,-48.9122,0.0,-398.88,0.05,99,398.88,0.4,,-1.747,-66.67,0.05,-100.0,58,41,0.0,-49.1306
ema_pullback_20_50,INTC,H1,1.5,1.5,2.25,True,451,0.0,-145.0544,-145.0544,0.0,-1804.81,0.268,451,1804.81,1.8,,-1.476,-66.67,0.05,-100.0,263,188,0.0,-146.2575
ema_pullback_20_50,INTC,M15,1.5,1.5,2.25,True,429,0.0,-262.0928,-262.0928,0.0,-1716.74,0.953,429,1716.74,1.72,,-1.094,-66.67,0.05,-100.0,247,182,0.0,-141.5912
ema_pullback_20_50,MSFT,D1,1.5,1.5,2.25,True,162,0.0,-16.7754,-16.7754,0.0,-642.76,0.05,162,642.76,0.64,,-0.921,-66.67,0.05,-100.0,110,52,0.0,-8.106
ema_pullback_20_50,MSFT,H1,1.5,1.5,2.25,True,473,0.0,-21.2233,-21.2233,0.0,-1894.61,0.283,473,1894.96,1.89,,-1.552,-66.67,0.05,-100.0,296,177,0.0,-18.4927
ema_pullback_20_50,MSFT,M15,1.5,1.5,2.25,True,426,0.0,-41.0194,-41.0194,0.0,-1714.93,0.949,426,1714.93,1.71,,-1.377,-66.67,0.05,-100.0,310,116,0.0,-32.3747
ema_pullback_20_50,NVDA,D1,1.5,1.5,2.25,True,122,0.0,-52.3588,-52.3588,0.0,-491.63,0.061,122,491.63,0.49,,-0.943,-66.67,0.05,-100.0,68,54,0.0,-12.7215
ema_pullback_20_50,NVDA,H1,1.5,1.5,2.25,True,482,0.0,-92.3833,-92.3833,0.0,-1929.19,0.289,482,1929.2,1.93,,-1.05,-66.67,0.05,-100.0,307,175,0.0,-29.7341
ema_pullback_20_50,NVDA,M15,1.5,1.5,2.25,True,454,0.0,-64.6617,-64.6617,0.0,-1823.37,1.011,454,1823.44,1.82,,-1.534,-66.67,0.05,-100.0,292,162,0.0,-59.0652
donchian_20,AMD,D1,1.5,1.5,2.25,True,60,0.0,-5.8138,-5.8138,0.0,-229.67,0.03,60,230.25,0.23,,-2.146,-66.67,0.05,-100.0,35,25,0.0,-3.6424
donchian_20,AMD,H1,1.5,1.5,2.25,True,283,0.0,-15.471,-15.471,0.0,-1134.84,0.174,283,1135.32,1.14,,-2.467,-66.67,0.05,-100.0,166,117,0.0,-12.5881
donchian_20,AMD,M15,1.5,1.5,2.25,True,287,0.0,-22.7915,-22.7915,0.0,-1157.66,0.715,287,1157.67,1.16,,-2.118,-66.67,0.05,-100.0,168,119,0.0,-17.0985
donchian_20,AMZN,D1,1.5,1.5,2.25,True,73,0.0,-7.6116,-7.6116,0.0,-280.33,0.028,73,280.66,0.28,,-1.953,-66.67,0.05,-100.0,42,31,0.0,-5.7859
donchian_20,AMZN,H1,1.5,1.5,2.25,True,298,0.0,-18.3035,-18.3035,0.0,-1192.23,0.179,298,1192.35,1.19,,-3.242,-66.67,0.05,-100.0,179,119,0.0,-14.8803
donchian_20,AMZN,M15,1.5,1.5,2.25,True,259,0.0,-30.1162,-30.1162,0.0,-1037.4,0.577,259,1037.65,1.04,,-3.415,-66.67,0.05,-100.0,149,110,0.0,-27.5127
donchian_20,AVGO,D1,1.5,1.5,2.25,True,59,0.0,-13.0186,-13.0186,0.0,-238.84,0.03,59,239.03,0.24,,-1.367,-66.67,0.05,-100.0,38,21,0.0,-3.467
donchian_20,AVGO,H1,1.5,1.5,2.25,True,309,0.0,-31.1777,-31.1777,0.0,-1234.39,0.183,309,1234.4,1.23,,-1.177,-66.67,0.05,-100.0,185,124,0.0,-8.756
donchian_20,AVGO,M15,1.5,1.5,2.25,True,292,0.0,-16.6936,-16.6936,0.0,-1174.58,0.649,292,1174.58,1.17,,-2.778,-66.67,0.05,-100.0,171,121,0.0,-13.1577
donchian_20,CSCO,D1,1.5,1.5,2.25,True,61,0.0,-28.9051,-28.9051,0.0,-242.99,0.03,61,243.16,0.24,,-3.672,-66.67,0.05,-100.0,36,25,0.0,-26.0658
donchian_20,CSCO,H1,1.5,1.5,2.25,True,295,0.0,-83.6207,-83.6207,0.0,-1178.02,0.175,295,1178.05,1.18,,-3.064,-66.67,0.05,-100.0,169,126,0.0,-71.1845
donchian_20,CSCO,M15,1.5,1.5,2.25,True,285,0.0,-133.5692,-133.5692,0.0,-1139.38,0.633,285,1139.41,1.14,,-2.565,-66.67,0.05,-100.0,172,113,0.0,-92.7338
donchian_20,HK50.cash,M15,1.5,1.5,2.25,True,277,0.0,-4.4825,-4.4825,0.0,-1133.2,1.446,277,1133.2,1.13,,-2.503,-66.67,0.05,-100.0,173,104,0.0,-4.0887
donchian_20,INTC,D1,1.5,1.5,2.25,True,50,0.0,-21.5436,-21.5436,0.0,-198.96,0.025,50,199.17,0.2,,-2.834,-66.67,0.05,-100.0,27,23,0.0,-19.616
donchian_20,INTC,H1,1.5,1.5,2.25,True,304,0.0,-72.3845,-72.3845,0.0,-1214.88,0.181,304,1214.93,1.21,,-2.589,-66.67,0.05,-100.0,173,131,0.0,-67.7785
donchian_20,INTC,M15,1.5,1.5,2.25,True,281,0.0,-134.3105,-134.3105,0.0,-1124.48,0.624,281,1124.48,1.12,,-1.519,-66.67,0.05,-100.0,165,116,0.0,-66.5015
donchian_20,MSFT,D1,1.5,1.5,2.25,True,91,0.0,-7.6032,-7.6032,0.0,-348.56,0.028,91,348.75,0.35,,-1.183,-66.67,0.05,-100.0,55,36,0.0,-3.3634
donchian_20,MSFT,H1,1.5,1.5,2.25,True,297,0.0,-10.9541,-10.9541,0.0,-1194.08,0.178,297,1194.08,1.19,,-3.625,-66.67,0.05,-100.0,182,115,0.0,-9.8933
donchian_20,MSFT,M15,1.5,1.5,2.25,True,257,0.0,-19.564,-19.564,0.0,-1030.08,0.572,257,1030.31,1.03,,-3.465,-66.67,0.05,-100.0,160,97,0.0,-17.5148
donchian_20,NVDA,D1,1.5,1.5,2.25,True,68,0.0,-23.9756,-23.9756,0.0,-270.25,0.034,68,270.25,0.27,,-1.134,-66.67,0.05,-100.0,41,27,0.0,-5.6894
donchian_20,NVDA,H1,1.5,1.5,2.25,True,312,0.0,-48.0663,-48.0663,0.0,-1245.45,0.187,312,1245.48,1.25,,-1.285,-66.67,0.05,-100.0,192,120,0.0,-15.6155
donchian_20,NVDA,M15,1.5,1.5,2.25,True,259,0.0,-32.3758,-32.3758,0.0,-1037.82,0.577,259,1037.82,1.04,,-3.133,-66.67,0.05,-100.0,155,104,0.0,-29.2183
donchian_20,US2000.cash,M15,1.5,1.5,2.25,True,245,0.0,-6.3109,-6.3109,0.0,-971.87,1.998,245,972.08,0.97,,-1.849,-66.67,0.05,-100.0,142,103,0.0,-5.7115
donchian_55,AMD,D1,1.5,1.5,2.25,True,35,0.0,-5.1814,-5.1814,0.0,-128.77,0.017,35,129.1,0.13,,-1.995,-66.67,0.05,-100.0,18,17,0.0,-3.4289
donchian_55,AMD,H1,1.5,1.5,2.25,True,181,0.0,-14.819,-14.819,0.0,-726.5,0.111,181,726.5,0.73,,-2.562,-66.67,0.05,-100.0,105,76,0.0,-12.3533
donchian_55,AMD,M15,1.5,1.5,2.25,True,175,0.0,-21.4348,-21.4348,0.0,-706.07,0.436,175,706.07,0.71,,-2.208,-66.67,0.05,-100.0,105,70,0.0,-16.2411
donchian_55,AMZN,D1,1.5,1.5,2.25,True,52,0.0,-7.6782,-7.6782,0.0,-209.15,0.02,52,209.29,0.21,,-2.22,-66.67,0.05,-100.0,28,24,0.0,-6.4066
donchian_55,AMZN,H1,1.5,1.5,2.25,True,193,0.0,-18.4858,-18.4858,0.0,-770.71,0.116,193,770.78,0.77,,-3.295,-66.67,0.05,-100.0,111,82,0.0,-15.2561
donchian_55,AMZN,M15,1.5,1.5,2.25,True,153,0.0,-29.8237,-29.8237,0.0,-614.56,0.341,153,614.61,0.61,,-3.484,-66.67,0.05,-100.0,85,68,0.0,-27.4597
donchian_55,AVGO,D1,1.5,1.5,2.25,True,44,0.0,-12.947,-12.947,0.0,-178.41,0.022,44,178.46,0.18,,-1.284,-66.67,0.05,-100.0,28,16,0.0,-3.3705
donchian_55,AVGO,H1,1.5,1.5,2.25,True,208,0.0,-33.0881,-33.0881,0.0,-830.89,0.123,208,830.95,0.83,,-1.172,-66.67,0.05,-100.0,130,78,0.0,-9.1062
donchian_55,AVGO,M15,1.5,1.5,2.25,True,174,0.0,-16.2134,-16.2134,0.0,-702.92,0.386,174,703.15,0.7,,-2.866,-66.67,0.05,-100.0,103,71,0.0,-12.7041
donchian_55,CSCO,D1,1.5,1.5,2.25,True,36,0.0,-27.7935,-27.7935,0.0,-143.12,0.018,36,143.12,0.14,,-3.956,-66.67,0.05,-100.0,20,16,0.0,-24.5299
donchian_55,CSCO,H1,1.5,1.5,2.25,True,195,0.0,-83.8323,-83.8323,0.0,-779.52,0.116,195,779.53,0.78,,-3.062,-66.67,0.05,-100.0,108,87,0.0,-71.7014
donchian_55,CSCO,M15,1.5,1.5,2.25,True,186,0.0,-127.1507,-127.1507,0.0,-744.19,0.413,186,744.19,0.74,,-2.494,-66.67,0.05,-100.0,110,76,0.0,-85.6175
donchian_55,HK50.cash,M15,1.5,1.5,2.25,True,161,0.0,-4.3613,-4.3613,0.0,-659.64,0.841,161,659.64,0.66,,-2.487,-66.67,0.05,-100.0,108,53,0.0,-3.9985
donchian_55,INTC,H1,1.5,1.5,2.25,True,180,0.0,-67.3791,-67.3791,0.0,-717.72,0.107,180,717.72,0.72,,-2.549,-66.67,0.05,-100.0,100,80,0.0,-58.9873
donchian_55,INTC,M15,1.5,1.5,2.25,True,184,0.0,-117.5507,-117.5507,0.0,-737.16,0.409,184,737.17,0.74,,-1.565,-66.67,0.05,-100.0,103,81,0.0,-67.4696
donchian_55,MSFT,D1,1.5,1.5,2.25,True,70,0.0,-7.9504,-7.9504,0.0,-271.21,0.022,70,271.4,0.27,,-1.288,-66.67,0.05,-100.0,42,28,0.0,-3.4852
donchian_55,MSFT,H1,1.5,1.5,2.25,True,198,0.0,-11.4537,-11.4537,0.0,-798.61,0.119,198,798.77,0.8,,-3.813,-66.67,0.05,-100.0,124,74,0.0,-10.4236
donchian_55,MSFT,M15,1.5,1.5,2.25,True,160,0.0,-19.5617,-19.5617,0.0,-643.99,0.356,160,644.14,0.64,,-3.52,-66.67,0.05,-100.0,100,60,0.0,-17.941
donchian_55,NVDA,D1,1.5,1.5,2.25,True,54,0.0,-22.2442,-22.2442,0.0,-213.3,0.027,54,213.33,0.21,,-1.167,-66.67,0.05,-100.0,33,21,0.0,-5.8602
donchian_55,NVDA,H1,1.5,1.5,2.25,True,209,0.0,-46.0588,-46.0588,0.0,-835.47,0.125,209,835.5,0.84,,-1.296,-66.67,0.05,-100.0,131,78,0.0,-16.721
donchian_55,NVDA,M15,1.5,1.5,2.25,True,156,0.0,-33.2201,-33.2201,0.0,-627.41,0.347,156,627.51,0.63,,-3.138,-66.67,0.05,-100.0,92,64,0.0,-30.9368
donchian_55,US2000.cash,M15,1.5,1.5,2.25,True,160,0.0,-6.2748,-6.2748,0.0,-648.12,1.305,160,648.12,0.65,,-1.781,-66.67,0.05,-100.0,90,70,0.0,-5.575
rsi_30_70,AMD,H1,1.5,1.5,2.25,True,121,0.0,-15.9405,-15.9405,0.0,-484.38,0.074,121,484.52,0.48,,-2.484,-66.67,0.05,-100.0,80,41,0.0,-12.5134
rsi_30_70,AMD,M15,1.5,1.5,2.25,True,108,0.0,-21.7013,-21.7013,0.0,-438.31,0.269,108,438.34,0.44,,-1.924,-66.67,0.05,-100.0,65,43,0.0,-14.6189
rsi_30_70,AMZN,H1,1.5,1.5,2.25,True,105,0.0,-16.2005,-16.2005,0.0,-421.36,0.063,105,421.73,0.42,,-3.001,-66.67,0.05,-100.0,57,48,0.0,-13.5586
rsi_30_70,AMZN,M15,1.5,1.5,2.25,True,120,0.0,-26.6731,-26.6731,0.0,-483.06,0.267,120,483.36,0.48,,-3.177,-66.67,0.05,-100.0,69,51,0.0,-24.7889
rsi_30_70,AVGO,H1,1.5,1.5,2.25,True,104,0.0,-30.7917,-30.7917,0.0,-410.46,0.062,104,410.5,0.41,,-1.217,-66.67,0.05,-100.0,61,43,0.0,-8.5666
rsi_30_70,AVGO,M15,1.5,1.5,2.25,True,109,0.0,-15.2156,-15.2156,0.0,-435.27,0.242,109,435.33,0.44,,-2.585,-66.67,0.05,-100.0,61,48,0.0,-11.7969
rsi_30_70,CSCO,H1,1.5,1.5,2.25,True,102,0.0,-78.3394,-78.3394,0.0,-406.26,0.061,102,406.29,0.41,,-2.928,-66.67,0.05,-100.0,65,37,0.0,-70.8871
rsi_30_70,CSCO,M15,1.5,1.5,2.25,True,97,0.0,-119.3256,-119.3256,0.0,-387.58,0.215,97,387.6,0.39,,-2.723,-66.67,0.05,-100.0,62,35,0.0,-86.6158
rsi_30_70,HK50.cash,M15,1.5,1.5,2.25,True,120,0.0,-4.1819,-4.1819,0.0,-491.5,0.627,120,491.5,0.49,,-2.362,-66.67,0.05,-100.0,75,45,0.0,-3.6651
rsi_30_70,INTC,H1,1.5,1.5,2.25,True,124,0.0,-77.3752,-77.3752,0.0,-496.83,0.074,124,496.88,0.5,,-2.892,-66.67,0.05,-100.0,82,42,0.0,-79.9792
rsi_30_70,INTC,M15,1.5,1.5,2.25,True,120,0.0,-138.0321,-138.0321,0.0,-479.78,0.267,120,479.79,0.48,,-1.623,-66.67,0.05,-100.0,66,54,0.0,-79.9831
rsi_30_70,MSFT,H1,1.5,1.5,2.25,True,122,0.0,-9.5332,-9.5332,0.0,-489.68,0.073,122,490.04,0.49,,-3.426,-66.67,0.05,-100.0,71,51,0.0,-8.3432
rsi_30_70,MSFT,M15,1.5,1.5,2.25,True,127,0.0,-18.2839,-18.2839,0.0,-514.77,0.283,127,514.77,0.51,,-3.147,-66.67,0.05,-100.0,66,61,0.0,-16.5437
rsi_30_70,NVDA,H1,1.5,1.5,2.25,True,103,0.0,-41.8483,-41.8483,0.0,-412.28,0.062,103,412.29,0.41,,-1.16,-66.67,0.05,-100.0,57,46,0.0,-13.0092
rsi_30_70,NVDA,M15,1.5,1.5,2.25,True,111,0.0,-26.0931,-26.0931,0.0,-443.84,0.247,111,443.86,0.44,,-3.71,-66.67,0.05,-100.0,57,54,0.0,-24.9432
rsi_30_70,US2000.cash,M15,1.5,1.5,2.25,True,126,0.0,-5.8849,-5.8849,0.0,-509.42,1.028,126,509.42,0.51,,-1.588,-66.67,0.05,-100.0,79,47,0.0,-5.0154
ema_cross_12_26,GBPJPY,D1,2.0,1.5,3.0,True,31,54.84,0.5034,0.5034,2.061,2427.0,0.011,4,920.26,0.9,323.0,0.336,32.26,0.05,-113.54,23,8,75.0,0.9764
ema_cross_12_26,USDJPY,D1,2.0,1.5,3.0,True,31,54.84,0.559,0.559,2.201,1761.66,0.011,3,503.24,0.5,121.0,0.373,32.26,0.05,-12.54,20,11,63.64,0.8952
donchian_55,XAUUSD,D1,2.0,1.5,3.0,True,53,54.72,0.5624,0.5624,1.891,12639.9,0.019,3,3360.15,3.09,32.0,0.373,32.08,0.05,23.35,25,28,57.14,0.6382
donchian_20,US100.cash,D1,2.0,1.5,3.0,True,47,53.19,0.414,0.414,1.727,853.59,0.024,4,297.34,0.29,,0.276,29.79,0.05,20.42,28,19,57.89,0.5455
ema_cross_9_20,GBPJPY,D1,2.0,1.5,3.0,True,42,50.0,0.3762,0.3762,1.647,2349.24,0.015,4,1124.18,1.1,353.0,0.251,25.0,0.05,-130.3,30,12,58.33,0.55
ema_cross_9_20,US30.cash,D1,2.0,1.5,3.0,True,34,50.0,0.3541,0.3541,1.909,1316.38,0.013,6,611.63,0.61,798.0,0.235,25.0,0.05,-354.42,23,11,63.64,0.7073
ema_cross_9_20,USDJPY,D1,2.0,1.5,3.0,True,42,50.0,0.3834,0.3834,2.239,2367.25,0.015,4,665.19,0.66,507.0,0.251,25.0,0.05,-207.3,29,13,69.23,0.9832
ema_cross_12_26,GBPUSD,D1,2.0,1.5,3.0,True,32,50.0,0.3584,0.3584,1.326,1029.08,0.011,5,2005.69,1.98,1140.0,0.239,25.0,0.05,-525.86,23,9,88.89,1.393
ema_cross_12_26,USDSEK,D1,2.0,1.5,3.0,True,36,50.0,0.4057,0.4057,1.629,2093.15,0.013,5,1209.56,1.17,,0.267,25.0,0.05,15.0,23,13,38.46,0.0626
donchian_20,XAUUSD,D1,2.0,1.5,3.0,True,76,48.68,0.3817,0.3817,1.549,12102.17,0.027,6,4114.68,3.77,39.0,0.253,23.03,0.05,20.07,40,36,52.78,0.5075
donchian_55,US100.cash,D1,2.0,1.5,3.0,True,33,48.48,0.2833,0.2833,1.557,441.34,0.017,3,225.27,0.22,,0.186,22.73,0.05,13.06,19,14,50.0,0.3501
ema_cross_9_20,USDSEK,D1,2.0,1.5,3.0,True,40,47.5,0.3316,0.3316,1.532,1998.84,0.014,4,1353.17,1.31,,0.219,21.25,0.05,13.44,26,14,35.71,-0.0175
ema_cross_9_20,GBPUSD,D1,2.0,1.5,3.0,True,39,46.15,0.2569,0.2569,1.404,1486.63,0.014,5,1712.55,1.69,1177.0,0.172,19.23,0.05,-546.49,26,13,61.54,0.6445
ema_cross_12_26,XAUUSD,D1,2.0,1.5,3.0,True,31,45.16,0.2741,0.2741,1.714,4225.15,0.011,3,2080.77,2.0,,0.18,17.74,0.05,9.88,20,11,45.45,0.2859
donchian_20,USDCAD,D1,2.0,1.5,3.0,True,58,44.83,0.2302,0.2302,1.261,870.58,0.021,4,716.28,0.71,319.0,0.153,17.24,0.05,-116.37,35,23,47.83,0.317
donchian_55,XAUUSD,H1,2.0,1.5,3.0,True,182,44.51,0.2419,0.2419,1.288,6757.99,0.366,11,5546.74,4.97,,0.162,16.76,0.05,20.61,119,63,38.1,0.0601
ema_cross_9_20,EURUSD,D1,2.0,1.5,3.0,True,36,44.44,0.1779,0.1779,1.17,431.19,0.013,6,1162.71,1.16,815.0,0.12,16.67,0.05,-367.5,23,13,69.23,0.8331
ema_cross_9_20,XAGUSD,D1,2.0,1.5,3.0,True,45,44.44,0.2558,0.2558,0.916,-1776.36,0.016,4,11856.84,10.77,,0.17,16.67,0.05,-30.0,24,21,38.1,0.0694
donchian_20,XAUUSD,H1,2.0,1.5,3.0,True,256,44.14,0.2339,0.2339,1.238,8355.01,0.515,7,6725.4,5.93,,0.157,16.21,0.05,-4.06,164,92,35.87,-0.0004
donchian_20,XAGUSD,D1,2.0,1.5,3.0,True,73,43.84,0.2362,0.2362,1.208,6624.28,0.026,4,9590.97,8.25,,0.158,15.75,0.05,-17.8,39,34,44.12,0.2488
donchian_20,US500.cash,D1,2.0,1.5,3.0,True,48,43.75,-0.237,-0.237,0.839,-60.59,0.025,5,103.11,0.1,,-0.158,15.62,0.05,-30.0,28,20,40.0,-0.3123
ema_cross_12_26,EURJPY,D1,2.0,1.5,3.0,True,30,43.33,0.1975,0.1975,1.216,505.1,0.011,6,1362.63,1.34,,0.131,15.0,0.05,8.22,21,9,33.33,-0.093
donchian_20,US30.cash,D1,2.0,1.5,3.0,True,54,42.59,0.1357,0.1357,1.484,1094.8,0.02,4,434.52,0.43,111.0,0.091,13.89,0.05,-15.29,29,25,48.0,0.2839
ema_cross_12_26,USDCAD,D1,2.0,1.5,3.0,True,33,42.42,0.1579,0.1579,1.134,256.29,0.012,3,623.75,0.62,830.0,0.105,13.64,0.05,-377.17,18,15,46.67,0.2803
ema_pullback_20_50,XAUUSD,D1,2.0,1.5,3.0,True,111,42.34,0.1291,0.1291,1.213,5889.87,0.039,7,8330.73,7.29,,0.086,13.51,0.05,-15.76,58,53,43.4,0.1582
rsi_30_70,XPDUSD,H1,2.0,1.5,3.0,True,52,42.31,0.1844,0.1844,1.328,3017.61,0.105,7,1831.55,1.82,64.7,0.123,13.46,0.05,7.35,22,30,43.33,0.2233
donchian_55,GER40.cash,H1,2.0,1.5,3.0,True,161,42.24,-0.2169,-0.2169,0.757,-367.4,0.314,9,485.91,0.49,,-0.146,13.35,0.05,-30.0,99,62,35.48,-0.4021
ema_cross_9_20,EURJPY,D1,2.0,1.5,3.0,True,36,41.67,0.1466,0.1466,1.419,1078.37,0.013,7,919.01,0.9,,0.097,12.5,0.05,7.5,26,10,40.0,0.1107
ema_cross_12_26,USDJPY,M15,2.0,1.5,3.0,True,132,41.67,-0.2708,-0.2708,0.751,-272.61,1.145,9,366.28,0.37,,-0.181,12.5,0.05,-30.0,79,53,43.4,-0.3009
ema_pullback_20_50,USDSEK,D1,2.0,1.5,3.0,True,41,41.46,0.0041,0.0041,1.089,226.32,0.015,7,2814.57,2.74,,0.003,12.2,0.05,-30.0,41,0,0.0,0.0
donchian_55,EURJPY,D1,2.0,1.5,3.0,True,41,41.46,0.1375,0.1375,1.165,480.61,0.015,4,588.71,0.59,77.0,0.092,12.2,0.05,-0.69,18,23,43.48,0.202
donchian_20,GBPJPY,D1,2.0,1.5,3.0,True,58,41.38,0.1193,0.1193,1.037,210.32,0.021,6,2091.81,2.05,,0.081,12.07,0.05,-30.0,34,24,33.33,-0.1565
donchian_55,XAGUSD,D1,2.0,1.5,3.0,True,46,41.3,0.1597,0.1597,1.572,9838.79,0.016,5,4372.57,4.3,128.0,0.107,11.96,0.05,-25.89,25,21,52.38,0.496
ema_pullback_20_50,XPDUSD,D1,2.0,1.5,3.0,True,131,41.22,0.0986,0.0986,0.798,-12791.6,0.046,11,20599.86,19.33,,0.067,11.83,0.05,-30.0,78,53,35.85,-0.067
ema_cross_12_26,XAGUSD,H1,2.0,1.5,3.0,True,119,41.18,0.1431,0.1431,1.169,4747.25,0.239,6,7165.34,6.49,,0.096,11.76,0.05,-17.17,74,45,44.44,0.26
donchian_20,USDJPY,D1,2.0,1.5,3.0,True,68,41.18,0.1334,0.1334,1.202,869.46,0.024,6,1022.77,1.01,,0.09,11.76,0.05,9.7,40,28,42.86,0.2159
donchian_20,EURJPY,D1,2.0,1.5,3.0,True,56,41.07,0.1253,0.1253,1.165,659.66,0.02,5,869.67,0.87,626.0,0.084,11.61,0.05,-274.31,32,24,45.83,0.2749
donchian_20,USDSEK,D1,2.0,1.5,3.0,True,59,40.68,0.1251,0.1251,1.152,964.42,0.021,5,2300.81,2.23,,0.084,11.02,0.05,8.46,38,21,28.57,-0.2339
ema_cross_12_26,US100.cash,H1,2.0,1.5,3.0,True,123,40.65,-0.2172,-0.2172,0.76,-318.16,0.247,8,398.43,0.4,,-0.145,10.98,0.05,-30.0,78,45,40.0,-0.1715
ema_pullback_20_50,US30.cash,D1,2.0,1.5,3.0,True,123,40.65,-0.0123,-0.0123,1.27,1069.61,0.047,5,480.06,0.48,460.0,-0.008,10.98,0.05,-187.83,68,55,43.64,0.0724
donchian_20,UK100.cash,D1,2.0,1.5,3.0,True,42,40.48,-0.0463,-0.0463,0.949,-30.41,0.014,5,281.63,0.28,,-0.031,10.71,0.05,-30.0,21,21,47.62,0.1821
ema_pullback_20_50,GBPJPY,D1,2.0,1.5,3.0,True,99,40.4,0.0625,0.0625,1.137,1004.79,0.035,6,1955.45,1.94,432.0,0.043,10.61,0.05,-175.45,67,32,46.88,0.3064
ema_pullback_20_50,USDJPY,D1,2.0,1.5,3.0,True,127,40.16,0.0039,0.0039,1.032,193.62,0.045,7,976.8,0.98,449.0,0.003,10.24,0.05,-30.0,81,46,45.65,0.2158
ema_cross_12_26,XAGUSD,D1,2.0,1.5,3.0,True,35,40.0,0.1222,0.1222,0.639,-6783.94,0.012,4,12145.41,11.53,,0.082,10.0,0.05,-30.0,21,14,35.71,-0.0018
donchian_55,US2000.cash,D1,2.0,1.5,3.0,True,40,40.0,-0.63,-0.63,0.466,-130.67,0.014,7,143.7,0.14,,-0.422,10.0,0.05,-30.0,22,18,44.44,-0.453
donchian_55,USDSEK,D1,2.0,1.5,3.0,True,35,40.0,0.1063,0.1063,1.037,155.62,0.012,6,1755.13,1.73,,0.071,10.0,0.05,-30.0,24,11,27.27,-0.2727
donchian_55,XPDUSD,D1,2.0,1.5,3.0,True,45,40.0,0.1243,0.1243,0.895,-3133.09,0.016,9,12210.2,11.24,,0.084,10.0,0.05,-30.0,32,13,30.77,-0.1549
rsi_30_70,AUDUSD,M15,2.0,1.5,3.0,True,85,40.0,-0.2421,-0.2421,0.765,-202.95,0.737,7,260.91,0.26,,-0.163,10.0,0.05,-30.0,49,36,38.89,-0.2667
ema_cross_9_20,USDJPY,H1,2.0,1.5,3.0,True,148,39.86,-0.0509,-0.0509,0.803,-556.53,0.315,12,818.14,0.82,,-0.035,9.8,0.05,-30.0,90,58,37.93,-0.1333
ema_cross_9_20,US100.cash,M15,2.0,1.5,3.0,True,141,39.72,-0.6134,-0.6134,0.47,-508.39,1.15,8,577.69,0.58,,-0.41,9.57,0.05,-30.0,93,48,47.92,-0.3751
donchian_20,XPDUSD,D1,2.0,1.5,3.0,True,68,39.71,0.1163,0.1163,0.852,-6482.23,0.024,8,17424.69,15.96,,0.079,9.56,0.05,-30.0,47,21,38.1,0.0655
rsi_30_70,US100.cash,H1,2.0,1.5,3.0,True,111,39.64,-0.1918,-0.1918,0.839,-205.64,0.223,7,339.82,0.34,,-0.129,9.46,0.05,-30.0,65,46,45.65,0.0132
ema_cross_9_20,US100.cash,H1,2.0,1.5,3.0,True,159,39.62,-0.2536,-0.2536,0.723,-479.84,0.319,10,573.27,0.57,,-0.172,9.43,0.05,-30.0,100,59,37.29,-0.2642
donchian_55,GBPJPY,D1,2.0,1.5,3.0,True,43,39.53,0.0897,0.0897,0.963,-161.62,0.015,9,1701.29,1.68,,0.06,9.3,0.05,-30.0,22,21,28.57,-0.2379
rsi_30_70,AUDUSD,H1,2.0,1.5,3.0,True,81,39.51,-0.1031,-0.1031,0.891,-134.52,0.173,8,429.04,0.43,,-0.07,9.26,0.05,-30.0,50,31,38.71,-0.108
rsi_30_70,EU50.cash,H1,2.0,1.5,3.0,True,94,39.36,-1.1871,-1.1871,0.296,-304.94,0.135,5,310.81,0.31,,-0.743,9.04,0.05,-30.0,55,39,33.33,-1.231
donchian_20,US100.cash,M15,2.0,1.5,3.0,True,202,39.11,-0.6178,-0.6178,0.487,-713.5,1.648,7,713.5,0.71,,-0.418,8.66,0.05,-30.0,118,84,46.43,-0.395
ema_cross_9_20,USDCAD,M15,2.0,1.5,3.0,True,169,39.05,-0.5237,-0.5237,0.533,-567.16,1.465,9,604.72,0.6,,-0.35,8.58,0.05,-30.0,103,66,42.42,-0.4662
ema_pullback_20_50,US500.cash,D1,2.0,1.5,3.0,True,77,38.96,-0.6346,-0.6346,0.695,-167.2,0.04,5,197.72,0.2,,-0.383,8.44,0.05,-30.0,43,34,44.12,-0.3647
ema_cross_12_26,UK100.cash,H1,2.0,1.5,3.0,True,131,38.93,-0.9147,-0.9147,0.344,-472.57,0.256,6,481.78,0.48,,-0.604,8.4,0.05,-30.0,84,47,42.55,-0.6451
ema_cross_9_20,GER40.cash,D1,2.0,1.5,3.0,True,36,38.89,-0.0284,-0.0284,1.057,68.54,0.012,6,507.58,0.51,928.0,-0.02,8.33,0.05,-30.0,19,17,47.06,0.1801
rsi_30_70,XPTUSD,H1,2.0,1.5,3.0,True,72,38.89,0.0789,0.0789,1.21,3449.14,0.145,7,5219.62,5.09,78.7,0.053,8.33,0.05,-2.28,30,42,45.24,0.2827
donchian_55,GBPUSD,D1,2.0,1.5,3.0,True,31,38.71,0.0677,0.0677,1.323,951.59,0.011,5,755.74,0.76,132.0,0.045,8.06,0.05,-31.51,13,18,33.33,-0.0978
rsi_30_70,GER40.cash,H1,2.0,1.5,3.0,True,106,38.68,-0.215,-0.215,0.807,-247.68,0.207,8,438.2,0.44,,-0.146,8.02,0.05,-30.0,59,47,31.91,-0.3836
ema_pullback_20_50,UK100.cash,D1,2.0,1.5,3.0,True,101,38.61,-0.4395,-0.4395,0.69,-339.65,0.033,8,496.03,0.5,,-0.285,7.92,0.05,-30.0,60,41,46.34,-0.0839
ema_cross_9_20,US2000.cash,D1,2.0,1.5,3.0,True,39,38.46,-0.6162,-0.6162,0.571,-108.03,0.014,7,163.01,0.16,,-0.393,7.69,0.05,-30.0,24,15,46.67,-0.3137
ema_cross_12_26,XAUUSD,H1,2.0,1.5,3.0,True,117,38.46,0.0669,0.0669,0.955,-832.48,0.235,7,4265.01,4.12,,0.046,7.69,0.05,-30.0,70,47,34.04,-0.0482
ema_pullback_20_50,US100.cash,D1,2.0,1.5,3.0,True,81,38.27,-0.0963,-0.0963,1.0,0.42,0.042,6,479.48,0.48,683.0,-0.065,7.41,0.05,-30.0,50,31,38.71,-0.0317
donchian_20,GER40.cash,H1,2.0,1.5,3.0,True,243,38.27,-0.3183,-0.3183,0.659,-861.86,0.474,8,902.56,0.9,,-0.217,7.41,0.05,-30.0,154,89,35.96,-0.3502
ema_cross_9_20,XAGUSD,M15,2.0,1.5,3.0,True,147,38.1,0.0656,0.0656,1.09,3756.53,1.194,9,8340.86,7.61,,0.045,7.14,0.05,-30.0,84,63,34.92,-0.0329
ema_cross_12_26,US30.cash,H1,2.0,1.5,3.0,True,126,38.1,-0.1832,-0.1832,0.759,-459.85,0.253,11,632.6,0.63,,-0.124,7.14,0.05,-30.0,81,45,44.44,0.0479
rsi_30_70,EURGBP,M15,2.0,1.5,3.0,True,84,38.1,-0.48,-0.48,0.545,-300.94,0.728,9,323.97,0.32,,-0.329,7.14,0.05,-30.0,53,31,32.26,-0.6744
ema_pullback_20_50,EURJPY,D1,2.0,1.5,3.0,True,108,37.96,-0.0307,-0.0307,1.047,305.56,0.038,6,1772.6,1.77,468.0,-0.021,6.94,0.05,-30.0,71,37,48.65,0.3112
donchian_55,XAUUSD,M15,2.0,1.5,3.0,True,140,37.86,0.0448,0.0448,1.049,903.7,1.137,8,4530.82,4.3,,0.031,6.79,0.05,-30.0,96,44,27.27,-0.2717
rsi_30_70,GBPJPY,H1,2.0,1.5,3.0,True,74,37.84,-0.0815,-0.0815,0.829,-331.7,0.158,7,665.57,0.66,,-0.056,6.76,0.05,-30.0,43,31,38.71,-0.0956
donchian_20,XAGUSD,H1,2.0,1.5,3.0,True,246,37.8,0.0424,0.0424,1.076,4002.68,0.495,9,12631.79,10.97,,0.029,6.71,0.05,-30.0,149,97,41.24,0.1613
ema_cross_12_26,US2000.cash,D1,2.0,1.5,3.0,True,32,37.5,-0.6805,-0.6805,0.479,-108.98,0.011,5,148.95,0.15,,-0.439,6.25,0.05,-30.0,21,11,54.55,-0.0773
donchian_20,US2000.cash,D1,2.0,1.5,3.0,True,56,37.5,-0.6135,-0.6135,0.513,-177.32,0.02,6,231.2,0.23,,-0.409,6.25,0.05,-30.0,28,28,32.14,-0.7101
donchian_55,GER40.cash,D1,2.0,1.5,3.0,True,32,37.5,-0.0399,-0.0399,0.893,-112.52,0.011,7,401.69,0.4,,-0.027,6.25,0.05,-30.0,15,17,52.94,0.4256
rsi_30_70,EURUSD,M15,2.0,1.5,3.0,True,99,37.37,-0.3432,-0.3432,0.596,-409.8,0.858,6,415.6,0.42,,-0.236,6.06,0.05,-30.0,58,41,39.02,-0.3071
ema_cross_9_20,XAGUSD,H1,2.0,1.5,3.0,True,161,37.27,0.026,0.026,1.097,3554.0,0.324,5,8322.98,7.55,,0.018,5.9,0.05,-30.0,102,59,44.07,0.249
donchian_55,GBPJPY,M15,2.0,1.5,3.0,True,145,37.24,-0.277,-0.277,0.641,-604.78,1.257,10,700.84,0.7,,-0.191,5.86,0.05,-30.0,81,64,29.69,-0.5499
ema_pullback_20_50,XPTUSD,D1,2.0,1.5,3.0,True,137,37.23,-0.0228,-0.0228,1.041,1244.45,0.048,8,6195.33,5.97,260.0,-0.016,5.84,0.05,-30.0,80,57,36.84,-0.0345
donchian_55,XAGUSD,H1,2.0,1.5,3.0,True,175,37.14,0.0226,0.0226,0.956,-1669.38,0.352,6,11078.57,10.13,,0.016,5.71,0.05,-30.0,102,73,36.99,0.0315
donchian_55,AUDUSD,H1,2.0,1.5,3.0,True,146,36.99,-0.2214,-0.2214,0.825,-352.47,0.311,11,499.33,0.5,,-0.153,5.48,0.05,-30.0,79,67,44.78,-0.008
ema_cross_12_26,XPTUSD,M15,2.0,1.5,3.0,True,138,36.96,0.0194,0.0194,1.126,2321.54,1.12,10,3253.01,3.09,,0.013,5.43,0.05,6.38,89,49,34.69,-0.0526
ema_cross_12_26,EURJPY,H1,2.0,1.5,3.0,True,122,36.89,-0.1415,-0.1415,0.806,-455.75,0.26,8,866.32,0.86,,-0.098,5.33,0.05,-30.0,76,46,50.0,0.2302
donchian_55,USDCAD,H1,2.0,1.5,3.0,True,139,36.69,-0.2547,-0.2547,0.645,-668.15,0.296,7,748.31,0.75,,-0.177,5.04,0.05,-30.0,84,55,38.18,-0.2276
ema_pullback_20_50,GBPJPY,M15,2.0,1.5,3.0,True,381,36.48,-0.5775,-0.5775,0.561,-1585.15,3.302,9,1640.88,1.64,,-0.376,4.72,0.05,-30.0,226,155,35.48,-0.6827
ema_cross_9_20,XPTUSD,M15,2.0,1.5,3.0,True,170,36.47,0.0051,0.0051,1.136,3112.25,1.38,10,3920.39,3.68,,0.004,4.71,0.05,6.14,102,68,29.41,-0.2124
ema_cross_9_20,EURJPY,H1,2.0,1.5,3.0,True,162,36.42,-0.1575,-0.1575,0.773,-707.38,0.345,9,985.07,0.98,,-0.109,4.63,0.05,-30.0,98,64,40.62,-0.0496
donchian_20,GBPJPY,H1,2.0,1.5,3.0,True,228,36.4,-0.1237,-0.1237,0.808,-1000.07,0.486,13,1460.5,1.46,,-0.086,4.61,0.05,-30.0,140,88,40.91,-0.0018
ema_cross_12_26,US30.cash,M15,2.0,1.5,3.0,True,121,36.36,-0.5519,-0.5519,0.544,-480.44,0.987,9,521.6,0.52,,-0.373,4.55,0.05,-30.0,77,44,38.64,-0.4343
rsi_30_70,GBPJPY,M15,2.0,1.5,3.0,True,88,36.36,-0.2536,-0.2536,0.748,-314.35,0.763,8,448.04,0.45,,-0.175,4.55,0.05,-30.0,56,32,40.62,-0.1861
ema_pullback_20_50,XAGUSD,M15,2.0,1.5,3.0,True,342,36.26,-0.047,-0.047,1.063,4559.73,2.777,10,10724.77,9.4,,-0.033,4.39,0.05,-30.0,250,92,28.26,-0.2927
ema_cross_12_26,US100.cash,M15,2.0,1.5,3.0,True,116,36.21,-0.7441,-0.7441,0.378,-513.43,0.946,6,566.91,0.57,,-0.513,4.31,0.05,-30.0,76,40,42.5,-0.5458
donchian_20,AUDUSD,H1,2.0,1.5,3.0,True,243,36.21,-0.2227,-0.2227,0.745,-921.45,0.518,8,959.55,0.96,,-0.154,4.32,0.05,-30.0,140,103,39.81,-0.1136
donchian_20,US30.cash,H1,2.0,1.5,3.0,True,243,36.21,-0.2588,-0.2588,0.708,-1022.94,0.488,15,1239.7,1.24,,-0.179,4.32,0.05,-30.0,147,96,36.46,-0.2287
donchian_55,AUDUSD,M15,2.0,1.5,3.0,True,152,36.18,-0.4261,-0.4261,0.547,-674.91,1.318,9,727.54,0.73,,-0.295,4.28,0.05,-30.0,94,58,34.48,-0.4675
donchian_20,GER40.cash,D1,2.0,1.5,3.0,True,47,36.17,-0.1083,-0.1083,0.782,-371.16,0.016,7,654.95,0.65,,-0.076,4.26,0.05,-30.0,20,27,48.15,0.2269
ema_cross_12_26,EURUSD,H1,2.0,1.5,3.0,True,122,36.07,-0.1785,-0.1785,0.828,-379.39,0.26,6,644.03,0.64,,-0.123,4.1,0.05,-30.0,74,48,37.5,-0.1733
ema_pullback_20_50,XAUUSD,H1,2.0,1.5,3.0,True,441,36.05,-0.0697,-0.0697,0.994,-322.34,0.887,8,6601.28,6.26,,-0.048,4.08,0.05,-30.0,271,170,32.35,-0.1561
rsi_30_70,EURJPY,M15,2.0,1.5,3.0,True,86,36.05,-0.3478,-0.3478,0.614,-401.82,0.746,9,467.15,0.47,,-0.241,4.07,0.05,-30.0,58,28,35.71,-0.4659
ema_cross_9_20,XAUUSD,D1,2.0,1.5,3.0,True,39,35.9,-0.0018,-0.0018,1.232,2522.64,0.014,4,3402.79,3.37,1024.0,-0.001,3.85,0.05,-479.6,26,13,46.15,0.3097
ema_pullback_20_50,GER40.cash,D1,2.0,1.5,3.0,True,117,35.9,-0.2334,-0.2334,0.838,-437.0,0.04,9,656.3,0.66,,-0.159,3.85,0.05,-30.0,60,57,40.35,-0.1132
ema_pullback_20_50,XAGUSD,D1,2.0,1.5,3.0,True,131,35.88,-0.0682,-0.0682,0.661,-15073.99,0.046,7,15490.84,15.43,,-0.047,3.82,0.05,-30.0,78,53,35.85,-0.0487
ema_cross_9_20,USDJPY,M15,2.0,1.5,3.0,True,173,35.84,-0.4355,-0.4355,0.584,-671.72,1.5,11,766.64,0.77,,-0.3,3.76,0.05,-30.0,103,70,32.86,-0.5915
ema_cross_12_26,GBPUSD,H1,2.0,1.5,3.0,True,134,35.82,-0.1465,-0.1465,0.869,-371.28,0.286,8,736.69,0.73,,-0.101,3.73,0.05,-30.0,78,56,33.93,-0.2042
donchian_20,GBPUSD,H1,2.0,1.5,3.0,True,232,35.78,-0.1485,-0.1485,0.836,-814.8,0.494,8,1107.8,1.11,,-0.103,3.66,0.05,-30.0,144,88,32.95,-0.2344
ema_cross_9_20,USDCAD,D1,2.0,1.5,3.0,True,42,35.71,-0.0417,-0.0417,0.79,-610.32,0.015,4,1014.65,1.01,,-0.029,3.57,0.05,-30.0,24,18,33.33,-0.1191
donchian_55,US100.cash,M15,2.0,1.5,3.0,True,143,35.66,-0.7358,-0.7358,0.419,-597.58,1.166,7,600.32,0.6,,-0.505,3.5,0.05,-30.0,70,73,39.73,-0.5736
ema_cross_9_20,AUDUSD,H1,2.0,1.5,3.0,True,169,35.5,-0.2474,-0.2474,0.718,-713.57,0.36,6,857.67,0.86,,-0.172,3.25,0.05,-30.0,100,69,33.33,-0.3092
ema_pullback_20_50,XAGUSD,H1,2.0,1.5,3.0,True,431,35.27,-0.0936,-0.0936,0.99,-785.7,0.867,11,14517.65,12.93,,-0.065,2.9,0.05,-30.0,250,181,36.46,-0.0298
ema_cross_12_26,AUDUSD,H1,2.0,1.5,3.0,True,139,35.25,-0.2514,-0.2514,0.644,-774.51,0.296,5,911.2,0.91,,-0.176,2.88,0.05,-30.0,88,51,33.33,-0.3013
ema_cross_9_20,XAUUSD,H1,2.0,1.5,3.0,True,159,35.22,-0.0316,-0.0316,0.917,-2145.17,0.32,7,5459.97,5.34,,-0.022,2.83,0.05,-30.0,99,60,33.33,-0.0723
ema_cross_12_26,XAUUSD,M15,2.0,1.5,3.0,True,125,35.2,-0.0334,-0.0334,0.935,-1203.89,1.015,8,5401.44,5.28,,-0.023,2.8,0.05,-30.0,70,55,34.55,-0.0547
donchian_20,EURUSD,D1,2.0,1.5,3.0,True,54,35.19,-0.0759,-0.0759,0.928,-319.4,0.019,10,1690.66,1.69,,-0.053,2.78,0.05,-30.0,33,21,42.86,0.1095
ema_cross_9_20,GER40.cash,H1,2.0,1.5,3.0,True,165,35.15,-0.3821,-0.3821,0.6,-775.11,0.322,10,833.78,0.83,,-0.265,2.73,0.05,-30.0,98,67,37.31,-0.3012
ema_cross_9_20,US30.cash,H1,2.0,1.5,3.0,True,171,35.09,-0.2918,-0.2918,0.677,-819.97,0.343,17,1026.31,1.03,,-0.201,2.63,0.05,-30.0,111,60,40.0,-0.1043
donchian_55,US30.cash,H1,2.0,1.5,3.0,True,134,35.07,-0.2959,-0.2959,0.662,-639.13,0.269,9,862.82,0.86,,-0.206,2.61,0.05,-30.0,82,52,40.38,-0.1239
donchian_20,EURUSD,H1,2.0,1.5,3.0,True,240,35.0,-0.2033,-0.2033,0.741,-1208.96,0.511,14,1385.38,1.38,,-0.142,2.5,0.05,-30.0,145,95,30.53,-0.369
ema_cross_9_20,UK100.cash,H1,2.0,1.5,3.0,True,166,34.94,-1.0679,-1.0679,0.308,-648.59,0.324,12,666.78,0.67,,-0.711,2.41,0.05,-30.0,103,63,44.44,-0.6388
donchian_20,EURJPY,H1,2.0,1.5,3.0,True,232,34.91,-0.2119,-0.2119,0.74,-1110.48,0.494,8,1267.31,1.27,,-0.148,2.37,0.05,-30.0,135,97,34.02,-0.2588
donchian_20,XAGUSD,M15,2.0,1.5,3.0,True,215,34.88,-0.0319,-0.0319,0.86,-9314.74,1.746,9,16389.23,15.65,,-0.022,2.33,0.05,-30.0,134,81,33.33,-0.082
ema_cross_9_20,USDCHF,M15,2.0,1.5,3.0,True,181,34.81,-0.4434,-0.4434,0.579,-756.77,1.57,9,793.31,0.79,,-0.308,2.21,0.05,-30.0,109,72,33.33,-0.5033
ema_cross_12_26,USDCAD,M15,2.0,1.5,3.0,True,135,34.81,-0.6464,-0.6464,0.413,-621.4,1.171,11,661.73,0.66,,-0.45,2.22,0.05,-30.0,84,51,43.14,-0.4378
donchian_55,GBPUSD,H1,2.0,1.5,3.0,True,147,34.69,-0.1793,-0.1793,0.822,-566.86,0.313,12,939.18,0.94,,-0.125,2.04,0.05,-30.0,96,51,33.33,-0.2221
rsi_30_70,UK100.cash,H1,2.0,1.5,3.0,True,75,34.67,-0.9719,-0.9719,0.317,-322.7,0.146,10,337.2,0.34,,-0.669,2.0,0.05,-30.0,37,38,28.95,-1.0279
donchian_55,EURJPY,H1,2.0,1.5,3.0,True,156,34.62,-0.2275,-0.2275,0.725,-760.61,0.332,11,987.23,0.99,,-0.159,1.92,0.05,-30.0,87,69,30.43,-0.3743
donchian_55,EURUSD,M15,2.0,1.5,3.0,True,130,34.62,-0.4244,-0.4244,0.573,-593.69,1.127,12,629.4,0.63,,-0.296,1.92,0.05,-30.0,77,53,39.62,-0.2722
rsi_30_70,USDCHF,H1,2.0,1.5,3.0,True,104,34.62,-0.2083,-0.2083,0.792,-449.2,0.222,8,743.03,0.74,,-0.146,1.92,0.05,-30.0,67,37,35.14,-0.2315
donchian_20,US30.cash,M15,2.0,1.5,3.0,True,220,34.55,-0.5404,-0.5404,0.555,-915.4,1.794,13,1022.77,1.02,,-0.371,1.82,0.05,-30.0,126,94,38.3,-0.3998
donchian_55,US100.cash,H1,2.0,1.5,3.0,True,168,34.52,-0.4812,-0.4812,0.55,-745.58,0.338,10,858.34,0.86,,-0.337,1.79,0.05,-30.0,104,64,35.94,-0.3951
rsi_30_70,EURJPY,H1,2.0,1.5,3.0,True,84,34.52,-0.2151,-0.2151,0.776,-379.3,0.179,10,639.28,0.64,,-0.151,1.79,0.05,-30.0,54,30,43.33,0.0094
ema_pullback_20_50,USDSEK,M15,2.0,1.5,3.0,True,406,34.48,-0.5503,-0.5503,0.606,-1896.48,3.52,11,1940.45,1.94,,-0.367,1.72,0.05,-30.0,226,180,35.0,-0.5502
donchian_20,USDJPY,M15,2.0,1.5,3.0,True,238,34.45,-0.4702,-0.4702,0.529,-1096.16,2.064,11,1154.72,1.15,,-0.329,1.68,0.05,-30.0,147,91,32.97,-0.5937
ema_pullback_20_50,USDJPY,M15,2.0,1.5,3.0,True,340,34.41,-0.8008,-0.8008,0.501,-1325.5,2.948,11,1395.01,1.39,,-0.515,1.62,0.05,-30.0,195,145,34.48,-0.9026
ema_cross_12_26,GBPJPY,M15,2.0,1.5,3.0,True,125,34.4,-0.3624,-0.3624,0.587,-635.29,1.083,8,703.93,0.7,,-0.254,1.6,0.05,-30.0,79,46,43.48,-0.149
ema_pullback_20_50,EURJPY,H1,2.0,1.5,3.0,True,343,34.4,-0.3895,-0.3895,0.643,-1940.8,0.731,11,2035.21,2.03,,-0.27,1.6,0.05,-30.0,203,140,35.71,-0.3474
rsi_30_70,NZDUSD,M15,2.0,1.5,3.0,True,102,34.31,-0.5225,-0.5225,0.537,-421.43,0.884,11,436.95,0.44,,-0.362,1.47,0.05,-30.0,59,43,32.56,-0.5852
ema_cross_12_26,XPTUSD,D1,2.0,1.5,3.0,True,35,34.29,-0.0495,-0.0495,0.844,-1836.23,0.012,5,4110.04,4.02,,-0.034,1.43,0.05,-30.0,20,15,33.33,-0.0779
donchian_55,XAGUSD,M15,2.0,1.5,3.0,True,143,34.27,-0.0517,-0.0517,0.816,-7560.71,1.161,9,10815.11,10.58,,-0.036,1.4,0.05,-30.0,97,46,28.26,-0.2348
donchian_20,XAUUSD,M15,2.0,1.5,3.0,True,234,34.19,-0.0651,-0.0651,0.928,-2387.91,1.9,20,8458.05,8.04,,-0.046,1.28,0.05,-30.0,150,84,28.57,-0.2337
ema_cross_12_26,USDJPY,H1,2.0,1.5,3.0,True,120,34.17,-0.2254,-0.2254,0.628,-900.89,0.256,9,981.04,0.98,,-0.159,1.25,0.05,-30.0,69,51,37.25,-0.1556
donchian_55,US30.cash,D1,2.0,1.5,3.0,True,44,34.09,-0.0937,-0.0937,0.914,-176.37,0.017,9,789.06,0.79,,-0.065,1.14,0.05,-30.0,19,25,40.0,0.099
donchian_55,USDJPY,D1,2.0,1.5,3.0,True,47,34.04,-0.0939,-0.0939,0.882,-394.11,0.017,5,957.64,0.95,,-0.065,1.06,0.05,-30.0,26,21,28.57,-0.2472
rsi_30_70,USDSEK,H1,2.0,1.5,3.0,True,106,33.96,-0.1818,-0.1818,0.765,-704.88,0.226,9,1103.91,1.1,,-0.128,0.94,0.05,-30.0,67,39,38.46,-0.0899
rsi_30_70,US500.cash,H1,2.0,1.5,3.0,True,109,33.94,-1.4243,-1.4243,0.195,-401.5,0.219,7,401.5,0.4,,-0.878,0.92,0.05,-30.0,59,50,36.0,-1.2019
donchian_20,GBPUSD,D1,2.0,1.5,3.0,True,62,33.87,-0.0953,-0.0953,0.91,-630.98,0.022,6,1909.47,1.91,,-0.067,0.81,0.05,-30.0,36,26,42.31,0.1272
donchian_20,US100.cash,H1,2.0,1.5,3.0,True,248,33.87,-0.465,-0.465,0.578,-1137.84,0.498,12,1183.66,1.18,,-0.325,0.81,0.05,-30.0,154,94,35.11,-0.3843
donchian_55,NZDUSD,M15,2.0,1.5,3.0,True,136,33.82,-0.5871,-0.5871,0.474,-599.88,1.179,16,634.08,0.63,,-0.411,0.74,0.05,-30.0,82,54,33.33,-0.6034
donchian_55,EURUSD,H1,2.0,1.5,3.0,True,139,33.81,-0.233,-0.233,0.737,-741.07,0.296,8,972.55,0.97,,-0.164,0.72,0.05,-30.0,89,50,34.0,-0.2571
donchian_55,GBPUSD,M15,2.0,1.5,3.0,True,139,33.81,-0.3611,-0.3611,0.656,-625.12,1.205,15,713.71,0.71,,-0.252,0.72,0.05,-30.0,77,62,38.71,-0.2154
donchian_20,FRA40.cash,H1,2.0,1.5,3.0,True,243,33.74,-1.0686,-1.0686,0.235,-1074.27,0.349,14,1078.94,1.08,,-0.745,0.62,0.05,-30.0,147,96,37.5,-0.8773
ema_pullback_20_50,EURUSD,H1,2.0,1.5,3.0,True,356,33.71,-0.4244,-0.4244,0.813,-1018.66,0.759,14,1241.14,1.24,,-0.286,0.56,0.05,-30.0,216,140,32.86,-0.5088
ema_cross_12_26,GER40.cash,M15,2.0,1.5,3.0,True,119,33.61,-0.7854,-0.7854,0.441,-502.59,0.896,7,518.42,0.52,,-0.522,0.42,0.05,-30.0,71,48,35.42,-0.5584
donchian_20,GBPJPY,M15,2.0,1.5,3.0,True,244,33.61,-0.3822,-0.3822,0.551,-1353.59,2.115,14,1374.68,1.37,,-0.271,0.41,0.05,-30.0,149,95,34.74,-0.3899
ema_cross_12_26,USDCHF,M15,2.0,1.5,3.0,True,137,33.58,-0.4904,-0.4904,0.506,-689.17,1.188,10,726.83,0.73,,-0.347,0.36,0.05,-30.0,78,59,28.81,-0.6617
ema_cross_9_20,EURUSD,H1,2.0,1.5,3.0,True,161,33.54,-0.251,-0.251,0.748,-769.74,0.343,13,1032.76,1.03,,-0.176,0.31,0.05,-30.0,97,64,31.25,-0.3528
ema_cross_9_20,GBPJPY,H1,2.0,1.5,3.0,True,161,33.54,-0.2037,-0.2037,0.766,-915.2,0.343,8,1321.94,1.32,,-0.143,0.31,0.05,-30.0,104,57,38.6,-0.0614
donchian_55,USDJPY,H1,2.0,1.5,3.0,True,161,33.54,-0.2604,-0.2604,0.705,-854.07,0.343,10,914.08,0.91,,-0.183,0.31,0.05,-30.0,91,70,34.29,-0.2632
ema_cross_9_20,USDSEK,M15,2.0,1.5,3.0,True,173,33.53,-0.3536,-0.3536,0.672,-747.84,1.5,7,749.04,0.75,,-0.248,0.29,0.05,-30.0,107,66,31.82,-0.3788
donchian_20,USDJPY,H1,2.0,1.5,3.0,True,254,33.46,-0.2534,-0.2534,0.701,-1427.99,0.541,11,1485.18,1.49,,-0.178,0.2,0.05,-30.0,149,105,35.24,-0.2234
ema_pullback_20_50,GER40.cash,H1,2.0,1.5,3.0,True,350,33.43,-0.7682,-0.7682,0.643,-1101.84,0.683,12,1269.73,1.27,,-0.504,0.14,0.05,-30.0,210,140,31.43,-0.778
ema_cross_12_26,XPDUSD,M15,2.0,1.5,3.0,True,141,33.33,-0.0953,-0.0953,0.841,-2718.8,1.144,7,4868.25,4.8,,-0.067,-0.0,0.05,-100.0,87,54,35.19,-0.0473
donchian_55,US500.cash,D1,2.0,1.5,3.0,True,45,33.33,-0.5617,-0.5617,0.458,-222.04,0.023,9,250.2,0.25,,-0.399,-0.0,0.05,-100.0,25,20,35.0,-0.4551
donchian_55,USDCAD,D1,2.0,1.5,3.0,True,33,33.33,-0.1164,-0.1164,0.811,-420.65,0.012,8,1410.07,1.41,,-0.081,-0.0,0.05,-100.0,19,14,42.86,0.1648
rsi_30_70,GBPUSD,M15,2.0,1.5,3.0,True,108,33.33,-0.3759,-0.3759,0.602,-554.65,0.937,9,608.64,0.61,,-0.264,-0.0,0.05,-100.0,67,41,39.02,-0.2259
rsi_30_70,USDJPY,M15,2.0,1.5,3.0,True,81,33.33,-0.4242,-0.4242,0.478,-556.05,0.702,9,613.35,0.61,,-0.302,-0.0,0.05,-100.0,45,36,41.67,-0.2356
rsi_30_70,XAUUSD,H1,2.0,1.5,3.0,True,78,33.33,-0.0825,-0.0825,0.869,-2774.48,0.157,8,9143.75,9.06,,-0.058,-0.0,0.05,-100.0,46,32,31.25,-0.1342
ema_pullback_20_50,GBPUSD,H1,2.0,1.5,3.0,True,352,33.24,-0.4013,-0.4013,0.767,-1443.13,0.75,11,1847.9,1.84,,-0.277,-0.14,0.05,-100.0,215,137,29.93,-0.488
ema_cross_9_20,FRA40.cash,H1,2.0,1.5,3.0,True,169,33.14,-1.0329,-1.0329,0.275,-728.27,0.243,8,729.65,0.73,,-0.714,-0.3,0.05,-100.0,98,71,35.21,-0.9172
rsi_30_70,XAGUSD,M15,2.0,1.5,3.0,True,109,33.03,-0.0847,-0.0847,0.856,-6615.18,0.885,9,13982.5,13.47,,-0.06,-0.46,0.05,-100.0,57,52,30.77,-0.1561
rsi_30_70,GBPUSD,H1,2.0,1.5,3.0,True,94,32.98,-0.2311,-0.2311,0.749,-536.47,0.2,10,888.5,0.89,,-0.163,-0.53,0.05,-100.0,60,34,32.35,-0.2534
rsi_30_70,USDSEK,M15,2.0,1.5,3.0,True,85,32.94,-0.3309,-0.3309,0.681,-408.2,0.737,11,626.91,0.63,,-0.233,-0.59,0.05,-100.0,54,31,41.94,-0.0306
ema_cross_9_20,US30.cash,M15,2.0,1.5,3.0,True,149,32.89,-0.6517,-0.6517,0.474,-726.09,1.215,11,742.04,0.74,,-0.453,-0.67,0.05,-100.0,92,57,31.58,-0.6644
ema_pullback_20_50,USDJPY,H1,2.0,1.5,3.0,True,356,32.87,-0.4287,-0.4287,0.668,-1900.06,0.759,9,1927.96,1.93,,-0.298,-0.7,0.05,-100.0,180,176,33.52,-0.4782
donchian_55,GER40.cash,M15,2.0,1.5,3.0,True,137,32.85,-0.7993,-0.7993,0.444,-577.42,1.032,9,619.04,0.62,,-0.536,-0.73,0.05,-100.0,83,54,38.89,-0.3991
donchian_55,XPTUSD,M15,2.0,1.5,3.0,True,128,32.81,-0.1056,-0.1056,0.851,-2785.14,1.039,10,4939.61,4.84,,-0.075,-0.78,0.05,-100.0,85,43,25.58,-0.327
donchian_20,USDCAD,H1,2.0,1.5,3.0,True,241,32.78,-0.378,-0.378,0.596,-1302.0,0.514,14,1338.06,1.34,,-0.268,-0.83,0.05,-100.0,149,92,33.7,-0.3674
ema_pullback_20_50,AUDUSD,D1,2.0,1.5,3.0,True,110,32.73,-0.1941,-0.1941,0.884,-663.69,0.039,12,1238.63,1.23,,-0.138,-0.91,0.05,-100.0,60,50,36.0,-0.1027
ema_cross_9_20,XPTUSD,H1,2.0,1.5,3.0,True,156,32.69,-0.1164,-0.1164,0.879,-2803.34,0.314,8,5001.95,5.0,,-0.082,-0.96,0.05,-100.0,95,61,37.7,0.0508
ema_cross_9_20,GBPUSD,H1,2.0,1.5,3.0,True,153,32.68,-0.2435,-0.2435,0.758,-802.38,0.326,7,1141.13,1.14,,-0.172,-0.98,0.05,-100.0,84,69,24.64,-0.4905
ema_pullback_20_50,US100.cash,H1,2.0,1.5,3.0,True,303,32.67,-0.7591,-0.7591,0.677,-933.74,0.609,10,1149.56,1.15,,-0.476,-0.99,0.05,-100.0,184,119,34.45,-0.5606
donchian_20,JP225.cash,D1,2.0,1.5,3.0,True,46,32.61,-0.8303,-0.8303,0.316,-229.12,0.015,7,246.9,0.25,,-0.597,-1.09,0.05,-100.0,25,21,28.57,-0.7817
ema_pullback_20_50,AUDUSD,H1,2.0,1.5,3.0,True,396,32.58,-0.5416,-0.5416,0.652,-1776.42,0.844,10,1900.35,1.9,,-0.375,-1.14,0.05,-100.0,199,197,36.04,-0.4352
ema_cross_12_26,USDSEK,M15,2.0,1.5,3.0,True,129,32.56,-0.3915,-0.3915,0.657,-573.98,1.118,11,575.18,0.58,,-0.275,-1.16,0.05,-100.0,84,45,31.11,-0.3969
ema_cross_9_20,XPDUSD,M15,2.0,1.5,3.0,True,163,32.52,-0.1185,-0.1185,0.939,-1194.94,1.323,9,5782.08,5.57,,-0.084,-1.23,0.05,-100.0,98,65,30.77,-0.178
donchian_20,EU50.cash,D1,2.0,1.5,3.0,True,40,32.5,-0.4353,-0.4353,0.475,-233.37,0.021,6,263.2,0.26,,-0.312,-1.25,0.05,-100.0,21,19,21.05,-0.7278
donchian_55,XPTUSD,D1,2.0,1.5,3.0,True,40,32.5,-0.105,-0.105,1.062,833.81,0.014,6,5471.54,5.42,,-0.074,-1.25,0.05,-100.0,22,18,33.33,-0.0794
donchian_20,GER40.cash,M15,2.0,1.5,3.0,True,228,32.46,-0.7933,-0.7933,0.442,-971.95,1.717,10,1005.34,1.01,,-0.536,-1.32,0.05,-100.0,139,89,37.08,-0.4756
donchian_20,USDCAD,M15,2.0,1.5,3.0,True,222,32.43,-0.7136,-0.7136,0.385,-1112.03,1.925,17,1141.07,1.14,,-0.508,-1.35,0.05,-100.0,142,80,33.75,-0.7489
ema_cross_9_20,GER40.cash,M15,2.0,1.5,3.0,True,145,32.41,-0.7947,-0.7947,0.408,-679.24,1.092,7,694.61,0.69,,-0.537,-1.38,0.05,-100.0,85,60,38.33,-0.4496
donchian_20,XPTUSD,D1,2.0,1.5,3.0,True,68,32.35,-0.1084,-0.1084,0.859,-3403.97,0.024,8,9618.85,9.48,,-0.077,-1.47,0.05,-100.0,43,25,40.0,0.1208
ema_cross_12_26,XPTUSD,H1,2.0,1.5,3.0,True,130,32.31,-0.1282,-0.1282,0.82,-3532.69,0.261,8,6146.8,6.07,,-0.091,-1.54,0.05,-100.0,80,50,32.0,-0.1199
ema_pullback_20_50,EURJPY,M15,2.0,1.5,3.0,True,341,32.26,-0.8164,-0.8164,0.427,-1650.21,2.957,10,1651.11,1.65,,-0.541,-1.61,0.05,-100.0,202,139,31.65,-0.8962
donchian_55,NZDUSD,D1,2.0,1.5,3.0,True,31,32.26,-0.142,-0.142,0.833,-373.24,0.011,7,1583.49,1.57,,-0.1,-1.61,0.05,-100.0,20,11,18.18,-0.5675
donchian_55,XPDUSD,H1,2.0,1.5,3.0,True,155,32.26,-0.1279,-0.1279,0.754,-5614.54,0.312,10,6647.3,6.6,,-0.091,-1.61,0.05,-100.0,92,63,25.4,-0.3224
ema_pullback_20_50,US30.cash,H1,2.0,1.5,3.0,True,183,32.24,-0.6116,-0.6116,0.939,-157.12,0.368,11,713.95,0.71,,-0.391,-1.64,0.05,-100.0,88,95,33.68,-0.5538
donchian_20,USDSEK,M15,2.0,1.5,3.0,True,245,32.24,-0.3776,-0.3776,0.626,-1292.93,2.124,11,1303.52,1.3,,-0.267,-1.63,0.05,-100.0,153,92,31.52,-0.3803
ema_pullback_20_50,USDCHF,M15,2.0,1.5,3.0,True,363,32.23,-0.7829,-0.7829,0.467,-1783.34,3.148,12,1900.23,1.9,,-0.519,-1.65,0.05,-100.0,204,159,35.85,-0.7545
ema_pullback_20_50,GBPUSD,D1,2.0,1.5,3.0,True,118,32.2,-0.2066,-0.2066,0.872,-1189.88,0.042,7,2622.75,2.61,,-0.145,-1.69,0.05,-100.0,67,51,37.25,-0.0614
donchian_20,EURJPY,M15,2.0,1.5,3.0,True,246,32.11,-0.5471,-0.5471,0.457,-1347.4,2.133,10,1359.03,1.36,,-0.392,-1.83,0.05,-100.0,147,99,36.36,-0.4922
donchian_20,AUDUSD,M15,2.0,1.5,3.0,True,254,31.89,-0.5647,-0.5647,0.456,-1416.8,2.203,10,1451.25,1.45,,-0.402,-2.17,0.05,-100.0,159,95,31.58,-0.579
ema_pullback_20_50,USDCAD,D1,2.0,1.5,3.0,True,113,31.86,-0.2326,-0.2326,0.721,-1726.33,0.04,7,2015.11,2.01,,-0.165,-2.21,0.05,-100.0,70,43,34.88,-0.1564
ema_pullback_20_50,USDCAD,H1,2.0,1.5,3.0,True,383,31.85,-0.631,-0.631,0.471,-2378.03,0.816,16,2632.17,2.63,,-0.439,-2.22,0.05,-100.0,227,156,35.9,-0.524
ema_cross_9_20,EURJPY,M15,2.0,1.5,3.0,True,167,31.74,-0.5587,-0.5587,0.493,-851.97,1.448,10,891.0,0.89,,-0.397,-2.4,0.05,-100.0,99,68,35.29,-0.5317
donchian_55,XPTUSD,H1,2.0,1.5,3.0,True,164,31.71,-0.1473,-0.1473,0.698,-8016.48,0.33,11,9153.03,9.09,,-0.105,-2.44,0.05,-100.0,98,66,30.3,-0.1725
donchian_20,UK100.cash,H1,2.0,1.5,3.0,True,259,31.66,-1.2031,-1.2031,0.223,-1156.97,0.506,12,1160.54,1.16,,-0.835,-2.51,0.05,-100.0,159,100,35.0,-0.9447
ema_pullback_20_50,GBPJPY,H1,2.0,1.5,3.0,True,380,31.58,-0.4089,-0.4089,0.708,-2069.16,0.81,13,2200.27,2.2,,-0.291,-2.63,0.05,-100.0,221,159,32.08,-0.4109
donchian_55,UK100.cash,H1,2.0,1.5,3.0,True,171,31.58,-1.2168,-1.2168,0.21,-765.37,0.334,18,765.37,0.77,,-0.848,-2.63,0.05,-100.0,106,65,35.38,-0.9697
rsi_30_70,USDJPY,H1,2.0,1.5,3.0,True,114,31.58,-0.2908,-0.2908,0.657,-878.42,0.243,10,991.16,0.99,,-0.209,-2.63,0.05,-100.0,78,36,36.11,-0.1987
rsi_30_70,EURUSD,H1,2.0,1.5,3.0,True,92,31.52,-0.3077,-0.3077,0.708,-517.76,0.196,10,834.75,0.83,,-0.218,-2.72,0.05,-100.0,53,39,20.51,-0.652
ema_cross_9_20,USDCNH,H1,2.0,1.5,3.0,True,159,31.45,-0.6557,-0.6557,0.423,-857.98,0.339,11,890.89,0.89,,-0.468,-2.83,0.05,-100.0,100,59,28.81,-0.791
rsi_30_70,FRA40.cash,H1,2.0,1.5,3.0,True,102,31.37,-1.0064,-1.0064,0.321,-428.77,0.147,8,444.43,0.44,,-0.684,-2.94,0.05,-100.0,61,41,31.71,-0.8934
rsi_30_70,GER40.cash,M15,2.0,1.5,3.0,True,102,31.37,-0.7364,-0.7364,0.429,-487.88,0.768,10,490.9,0.49,,-0.521,-2.94,0.05,-100.0,60,42,30.95,-0.6216
ema_cross_12_26,EURUSD,D1,2.0,1.5,3.0,True,32,31.25,-0.1392,-0.1392,0.862,-343.26,0.011,6,1286.69,1.28,,-0.099,-3.12,0.05,-100.0,21,11,36.36,0.0693
ema_cross_12_26,GER40.cash,H1,2.0,1.5,3.0,True,128,31.25,-0.4885,-0.4885,0.495,-835.5,0.25,11,889.07,0.89,,-0.351,-3.12,0.05,-100.0,80,48,35.42,-0.3337
rsi_30_70,USDCHF,M15,2.0,1.5,3.0,True,80,31.25,-0.4602,-0.4602,0.524,-474.12,0.694,10,492.41,0.49,,-0.33,-3.12,0.05,-100.0,47,33,33.33,-0.4097
donchian_20,XPTUSD,M15,2.0,1.5,3.0,True,234,31.2,-0.1536,-0.1536,0.798,-7205.22,1.9,12,10676.91,10.36,,-0.11,-3.21,0.05,-100.0,146,88,29.55,-0.2084
ema_cross_12_26,EURJPY,M15,2.0,1.5,3.0,True,122,31.15,-0.5573,-0.5573,0.472,-668.22,1.058,12,702.89,0.7,,-0.399,-3.28,0.05,-100.0,81,41,41.46,-0.3202
ema_pullback_20_50,EURUSD,D1,2.0,1.5,3.0,True,119,31.09,-0.2343,-0.2343,0.962,-269.82,0.042,11,2164.26,2.16,,-0.167,-3.36,0.05,-100.0,67,52,36.54,-0.0798
ema_cross_12_26,AUDUSD,M15,2.0,1.5,3.0,True,132,31.06,-0.5787,-0.5787,0.422,-819.01,1.145,8,837.43,0.84,,-0.417,-3.41,0.05,-100.0,82,50,32.0,-0.5796
donchian_20,EURGBP,D1,2.0,1.5,3.0,True,58,31.03,-0.1786,-0.1786,0.807,-873.42,0.021,12,1760.34,1.75,,-0.128,-3.45,0.05,-100.0,34,24,29.17,-0.2443
ema_cross_12_26,XAGUSD,M15,2.0,1.5,3.0,True,129,31.01,-0.1467,-0.1467,0.789,-8841.5,1.047,7,13270.07,12.88,,-0.105,-3.49,0.05,-100.0,77,52,30.77,-0.1567
ema_pullback_20_50,XAUUSD,M15,2.0,1.5,3.0,True,345,31.01,-0.2308,-0.2308,0.921,-2743.12,2.801,15,9522.31,9.19,,-0.166,-3.48,0.05,-100.0,238,107,29.91,-0.2756
ema_pullback_20_50,XPTUSD,M15,2.0,1.5,3.0,True,352,30.97,-0.2203,-0.2203,0.877,-4978.18,2.857,11,7311.69,7.15,,-0.158,-3.55,0.05,-100.0,253,99,25.25,-0.4036
ema_cross_9_20,AUDUSD,D1,2.0,1.5,3.0,True,42,30.95,-0.2007,-0.2007,0.911,-265.25,0.015,9,1004.26,1.0,,-0.145,-3.57,0.05,-100.0,24,18,27.78,-0.325
donchian_55,EURJPY,M15,2.0,1.5,3.0,True,152,30.92,-0.5841,-0.5841,0.435,-863.15,1.318,14,865.68,0.87,,-0.42,-3.62,0.05,-100.0,80,72,27.78,-0.7425
rsi_30_70,US30.cash,H1,2.0,1.5,3.0,True,110,30.91,-0.3669,-0.3669,0.618,-747.99,0.221,12,870.06,0.87,,-0.262,-3.64,0.05,-100.0,59,51,31.37,-0.3521
ema_cross_9_20,XAUUSD,M15,2.0,1.5,3.0,True,159,30.82,-0.1661,-0.1661,0.809,-4580.21,1.291,9,5402.24,5.37,,-0.12,-3.77,0.05,-100.0,90,69,27.54,-0.2643
ema_cross_9_20,XPDUSD,D1,2.0,1.5,3.0,True,39,30.77,-0.1484,-0.1484,0.449,-19435.56,0.014,6,23807.62,22.94,,-0.106,-3.85,0.05,-100.0,24,15,33.33,-0.0732
ema_cross_12_26,USDCAD,H1,2.0,1.5,3.0,True,117,30.77,-0.4319,-0.4319,0.485,-899.86,0.249,9,1003.62,1.0,,-0.313,-3.85,0.05,-100.0,81,36,33.33,-0.3734
donchian_20,XPTUSD,H1,2.0,1.5,3.0,True,238,30.67,-0.1773,-0.1773,0.743,-9657.1,0.478,12,9724.51,9.72,,-0.128,-3.99,0.05,-100.0,144,94,32.98,-0.0906
ema_pullback_20_50,NZDUSD,H1,2.0,1.5,3.0,True,287,30.66,-0.6035,-0.6035,0.665,-1178.73,0.612,11,1484.8,1.48,,-0.415,-4.01,0.05,-100.0,178,109,31.19,-0.5745
ema_pullback_20_50,USDCHF,H1,2.0,1.5,3.0,True,379,30.61,-0.4915,-0.4915,0.495,-3456.99,0.808,12,3472.06,3.47,,-0.354,-4.09,0.05,-100.0,219,160,31.87,-0.456
donchian_55,NZDUSD,H1,2.0,1.5,3.0,True,147,30.61,-0.4247,-0.4247,0.626,-782.2,0.313,18,1068.37,1.07,,-0.306,-4.08,0.05,-100.0,83,64,26.56,-0.5776
donchian_55,GBPJPY,H1,2.0,1.5,3.0,True,157,30.57,-0.302,-0.302,0.632,-1386.44,0.335,9,1492.13,1.49,,-0.218,-4.14,0.05,-100.0,89,68,32.35,-0.2605
ema_cross_12_26,AUDUSD,D1,2.0,1.5,3.0,True,36,30.56,-0.2236,-0.2236,0.887,-291.09,0.013,7,1019.51,1.02,,-0.163,-4.17,0.05,-100.0,22,14,28.57,-0.3316
rsi_30_70,FRA40.cash,M15,2.0,1.5,3.0,True,95,30.53,-1.5187,-1.5187,0.151,-349.26,0.454,12,354.02,0.35,,-0.931,-4.21,0.05,-100.0,49,46,34.78,-1.214
donchian_20,GBPUSD,M15,2.0,1.5,3.0,True,236,30.51,-0.4801,-0.4801,0.554,-1366.31,2.046,15,1440.9,1.44,,-0.345,-4.24,0.05,-100.0,142,94,35.11,-0.3422
ema_cross_9_20,AUDUSD,M15,2.0,1.5,3.0,True,171,30.41,-0.6008,-0.6008,0.443,-1013.95,1.483,11,1033.16,1.03,,-0.431,-4.39,0.05,-100.0,101,70,30.0,-0.6359
rsi_30_70,XAUUSD,M15,2.0,1.5,3.0,True,102,30.39,-0.1727,-0.1727,0.702,-6840.31,0.828,8,10480.75,10.15,,-0.124,-4.41,0.05,-100.0,48,54,25.93,-0.3089
ema_cross_9_20,GBPJPY,M15,2.0,1.5,3.0,True,168,30.36,-0.4806,-0.4806,0.512,-1065.54,1.456,12,1162.75,1.16,,-0.348,-4.46,0.05,-100.0,100,68,38.24,-0.2887
donchian_20,XPDUSD,M15,2.0,1.5,3.0,True,211,30.33,-0.1844,-0.1844,0.802,-5216.67,1.712,10,6988.83,6.9,,-0.133,-4.5,0.05,-100.0,130,81,25.93,-0.3237
ema_cross_9_20,FRA40.cash,D1,2.0,1.5,3.0,True,33,30.3,-0.3711,-0.3711,0.499,-298.43,0.017,6,367.62,0.37,,-0.267,-4.55,0.05,-100.0,18,15,20.0,-0.6795
ema_cross_12_26,EU50.cash,H1,2.0,1.5,3.0,True,132,30.3,-1.3595,-1.3595,0.184,-493.12,0.19,12,496.35,0.5,,-0.879,-4.55,0.05,-100.0,79,53,39.62,-1.1032
ema_pullback_20_50,XPTUSD,H1,2.0,1.5,3.0,True,420,30.24,-0.2492,-0.2492,0.732,-13836.05,0.844,14,14798.66,14.73,,-0.18,-4.64,0.05,-100.0,243,177,31.64,-0.1873
ema_cross_9_20,USDCHF,H1,2.0,1.5,3.0,True,172,30.23,-0.3504,-0.3504,0.552,-1599.55,0.367,9,1686.46,1.69,,-0.254,-4.65,0.05,-100.0,105,67,25.37,-0.5117
ema_cross_12_26,NZDUSD,H1,2.0,1.5,3.0,True,129,30.23,-0.4271,-0.4271,0.56,-837.59,0.275,9,953.78,0.95,,-0.309,-4.65,0.05,-100.0,82,47,31.91,-0.3817
ema_pullback_20_50,XPDUSD,M15,2.0,1.5,3.0,True,414,30.19,-0.2567,-0.2567,0.692,-12753.37,3.36,14,13520.58,13.52,,-0.186,-4.71,0.05,-100.0,286,128,32.03,-0.2229
ema_cross_12_26,FRA40.cash,H1,2.0,1.5,3.0,True,143,30.07,-1.1526,-1.1526,0.224,-681.01,0.206,7,682.39,0.68,,-0.823,-4.9,0.05,-100.0,81,62,29.03,-1.1048
donchian_20,EURUSD,M15,2.0,1.5,3.0,True,223,30.04,-0.5969,-0.5969,0.473,-1264.28,1.934,16,1285.7,1.29,,-0.429,-4.93,0.05,-100.0,134,89,29.21,-0.6133
ema_pullback_20_50,JP225.cash,D1,2.0,1.5,3.0,True,90,30.0,-1.428,-1.428,0.32,-346.12,0.03,14,369.16,0.37,,-0.759,-5.0,0.05,-100.0,55,35,45.71,-0.6257
donchian_55,JP225.cash,D1,2.0,1.5,3.0,True,30,30.0,-0.8545,-0.8545,0.258,-170.86,0.01,6,177.3,0.18,,-0.616,-5.0,0.05,-100.0,14,16,25.0,-0.7995
ema_pullback_20_50,AUDUSD,M15,2.0,1.5,3.0,True,407,29.98,-0.9807,-0.9807,0.394,-2166.29,3.529,11,2166.29,2.17,,-0.63,-5.04,0.05,-100.0,269,138,29.71,-1.0281
donchian_20,NZDUSD,M15,2.0,1.5,3.0,True,231,29.87,-0.7087,-0.7087,0.385,-1279.83,2.003,12,1318.12,1.32,,-0.511,-5.19,0.05,-100.0,150,81,30.86,-0.6912
rsi_30_70,XAGUSD,H1,2.0,1.5,3.0,True,77,29.87,-0.1861,-0.1861,0.65,-12015.33,0.155,11,16506.13,16.36,,-0.135,-5.19,0.05,-100.0,40,37,24.32,-0.3405
ema_cross_12_26,XPDUSD,H1,2.0,1.5,3.0,True,134,29.85,-0.2,-0.2,0.709,-5680.01,0.269,14,6640.41,6.62,,-0.145,-5.22,0.05,-100.0,85,49,32.65,-0.1009
ema_pullback_20_50,EU50.cash,D1,2.0,1.5,3.0,True,94,29.79,-0.8009,-0.8009,0.367,-538.69,0.049,9,572.5,0.57,,-0.553,-5.32,0.05,-100.0,52,42,23.81,-1.002
donchian_55,US30.cash,M15,2.0,1.5,3.0,True,141,29.79,-0.6529,-0.6529,0.44,-848.21,1.15,15,953.0,0.95,,-0.466,-5.32,0.05,-100.0,78,63,31.75,-0.5628
ema_pullback_20_50,XPDUSD,H1,2.0,1.5,3.0,True,403,29.78,-0.2649,-0.2649,0.79,-9935.19,0.81,19,10811.17,10.77,,-0.192,-5.33,0.05,-100.0,240,163,30.67,-0.218
donchian_20,HK50.cash,D1,2.0,1.5,3.0,True,37,29.73,-0.5832,-0.5832,0.406,-220.66,0.019,8,254.64,0.25,,-0.427,-5.41,0.05,-100.0,19,18,38.89,-0.2823
ema_pullback_20_50,HK50.cash,D1,2.0,1.5,3.0,True,91,29.67,-1.0135,-1.0135,0.282,-485.39,0.046,13,485.39,0.49,,-0.689,-5.49,0.05,-100.0,47,44,36.36,-0.8873
donchian_20,NZDUSD,H1,2.0,1.5,3.0,True,246,29.67,-0.4405,-0.4405,0.572,-1560.13,0.524,15,1580.77,1.58,,-0.32,-5.49,0.05,-100.0,150,96,30.21,-0.4367
donchian_20,XPDUSD,H1,2.0,1.5,3.0,True,236,29.66,-0.2055,-0.2055,0.738,-9151.35,0.475,13,9377.88,9.36,,-0.15,-5.51,0.05,-100.0,144,92,28.26,-0.2339
ema_cross_9_20,XPTUSD,D1,2.0,1.5,3.0,True,44,29.55,-0.1916,-0.1916,0.567,-7288.1,0.016,10,8001.8,7.95,,-0.139,-5.68,0.05,-100.0,27,17,35.29,-0.0189
ema_cross_12_26,NZDUSD,M15,2.0,1.5,3.0,True,132,29.55,-0.7105,-0.7105,0.37,-758.12,1.145,13,758.69,0.76,,-0.517,-5.68,0.05,-100.0,79,53,30.19,-0.7206
ema_pullback_20_50,FRA40.cash,D1,2.0,1.5,3.0,True,88,29.55,-0.6264,-0.6264,0.478,-550.62,0.046,10,652.18,0.65,,-0.446,-5.68,0.05,-100.0,56,32,28.12,-0.641
donchian_55,USDSEK,M15,2.0,1.5,3.0,True,163,29.45,-0.4543,-0.4543,0.536,-1145.64,1.413,8,1159.86,1.16,,-0.33,-5.83,0.05,-100.0,93,70,28.57,-0.4743
ema_cross_12_26,GBPJPY,H1,2.0,1.5,3.0,True,136,29.41,-0.3297,-0.3297,0.604,-1386.85,0.29,8,1603.47,1.6,,-0.24,-5.88,0.05,-100.0,86,50,28.0,-0.3816
ema_pullback_20_50,GBPUSD,M15,2.0,1.5,3.0,True,347,29.39,-0.8123,-0.8123,0.502,-1926.53,3.009,15,1932.89,1.93,,-0.535,-5.91,0.05,-100.0,216,131,31.3,-0.7813
donchian_55,EURGBP,M15,2.0,1.5,3.0,True,126,29.37,-0.7915,-0.7915,0.344,-709.6,1.093,11,710.76,0.71,,-0.569,-5.95,0.05,-100.0,74,52,21.15,-1.102
ema_cross_9_20,NZDUSD,H1,2.0,1.5,3.0,True,157,29.3,-0.451,-0.451,0.598,-928.44,0.335,8,1117.56,1.12,,-0.327,-6.05,0.05,-100.0,93,64,25.0,-0.5798
ema_cross_12_26,EURGBP,D1,2.0,1.5,3.0,True,41,29.27,-0.2307,-0.2307,0.737,-850.0,0.015,13,1859.2,1.84,,-0.167,-6.1,0.05,-100.0,25,16,31.25,-0.1805
ema_cross_9_20,EURGBP,D1,2.0,1.5,3.0,True,48,29.17,-0.2341,-0.2341,0.688,-1223.21,0.017,11,1823.82,1.82,,-0.17,-6.25,0.05,-100.0,29,19,31.58,-0.1723
rsi_30_70,NZDUSD,H1,2.0,1.5,3.0,True,96,29.17,-0.4519,-0.4519,0.594,-582.69,0.205,13,878.37,0.88,,-0.327,-6.25,0.05,-100.0,54,42,28.57,-0.4796
donchian_55,XPDUSD,M15,2.0,1.5,3.0,True,138,28.99,-0.2241,-0.2241,0.685,-5734.83,1.12,10,6479.14,6.45,,-0.164,-6.52,0.05,-100.0,93,45,24.44,-0.3656
ema_cross_9_20,EU50.cash,H1,2.0,1.5,3.0,True,166,28.92,-1.422,-1.422,0.149,-684.84,0.239,9,690.72,0.69,,-0.953,-6.63,0.05,-100.0,95,71,32.39,-1.3242
donchian_20,AUDUSD,D1,2.0,1.5,3.0,True,52,28.85,-0.2689,-0.2689,0.753,-993.42,0.018,7,1706.06,1.7,,-0.2,-6.73,0.05,-100.0,32,20,30.0,-0.2783
donchian_20,NZDUSD,D1,2.0,1.5,3.0,True,52,28.85,-0.2261,-0.2261,0.782,-815.63,0.018,7,1776.33,1.76,,-0.165,-6.73,0.05,-100.0,33,19,21.05,-0.4293
rsi_30_70,EURGBP,H1,2.0,1.5,3.0,True,87,28.74,-0.4756,-0.4756,0.506,-648.51,0.185,8,682.69,0.68,,-0.351,-6.9,0.05,-100.0,57,30,23.33,-0.6697
rsi_30_70,XPTUSD,M15,2.0,1.5,3.0,True,94,28.72,-0.2226,-0.2226,0.678,-6657.29,0.763,7,8684.19,8.56,,-0.163,-6.91,0.05,-100.0,50,44,25.0,-0.3414
rsi_30_70,US100.cash,M15,2.0,1.5,3.0,True,115,28.7,-0.8442,-0.8442,0.316,-666.1,0.938,11,671.43,0.67,,-0.627,-6.96,0.05,-100.0,77,38,23.68,-0.9438
ema_pullback_20_50,USDCHF,D1,2.0,1.5,3.0,True,98,28.57,-0.3102,-0.3102,0.76,-1617.44,0.035,11,1803.23,1.8,,-0.226,-7.14,0.05,-100.0,64,34,23.53,-0.4504
donchian_55,EURGBP,H1,2.0,1.5,3.0,True,133,28.57,-0.466,-0.466,0.594,-843.13,0.283,8,900.32,0.9,,-0.34,-7.14,0.05,-100.0,84,49,24.49,-0.6152
ema_cross_9_20,NZDUSD,M15,2.0,1.5,3.0,True,172,28.49,-0.7302,-0.7302,0.364,-1027.74,1.491,11,1048.46,1.05,,-0.535,-7.27,0.05,-100.0,101,71,29.58,-0.7312
ema_pullback_20_50,US2000.cash,D1,2.0,1.5,3.0,True,116,28.45,-1.4495,-1.4495,0.373,-377.24,0.041,12,386.97,0.39,,-0.743,-7.33,0.05,-100.0,62,54,37.04,-0.9751
ema_pullback_20_50,EURGBP,D1,2.0,1.5,3.0,True,106,28.3,-0.3218,-0.3218,0.494,-4048.02,0.038,18,4172.29,4.17,,-0.24,-7.55,0.05,-100.0,63,43,32.56,-0.2238
ema_pullback_20_50,US30.cash,M15,2.0,1.5,3.0,True,195,28.21,-0.9605,-0.9605,0.444,-1132.08,1.59,13,1209.51,1.21,,-0.602,-7.69,0.05,-100.0,98,97,27.84,-0.8394
donchian_55,UK100.cash,M15,2.0,1.5,3.0,True,149,28.19,-1.7362,-1.7362,0.145,-572.17,1.15,10,572.17,0.57,,-1.031,-7.72,0.05,-100.0,97,52,28.85,-1.5311
donchian_55,AUDUSD,D1,2.0,1.5,3.0,True,32,28.12,-0.3202,-0.3202,0.649,-868.24,0.011,6,1491.96,1.49,,-0.243,-7.81,0.05,-100.0,16,16,31.25,-0.2816
ema_cross_12_26,USDCHF,H1,2.0,1.5,3.0,True,132,28.03,-0.4161,-0.4161,0.5,-1406.83,0.281,11,1473.87,1.47,,-0.309,-7.95,0.05,-100.0,80,52,30.77,-0.3472
donchian_55,USDJPY,M15,2.0,1.5,3.0,True,172,27.91,-0.693,-0.693,0.399,-1056.5,1.491,11,1057.09,1.06,,-0.508,-8.14,0.05,-100.0,106,66,25.76,-0.8405
ema_pullback_20_50,USDSEK,H1,2.0,1.5,3.0,True,331,27.79,-0.4858,-0.4858,0.571,-3462.32,0.705,12,3530.26,3.53,,-0.358,-8.31,0.05,-100.0,167,164,31.71,-0.4045
ema_cross_9_20,USDCAD,H1,2.0,1.5,3.0,True,159,27.67,-0.5298,-0.5298,0.45,-1326.71,0.339,13,1356.27,1.36,,-0.394,-8.49,0.05,-100.0,103,56,25.0,-0.6441
donchian_20,FRA40.cash,D1,2.0,1.5,3.0,True,47,27.66,-0.4727,-0.4727,0.449,-444.18,0.024,7,467.65,0.47,,-0.351,-8.51,0.05,-100.0,27,20,10.0,-0.9926
ema_cross_9_20,XPDUSD,H1,2.0,1.5,3.0,True,170,27.65,-0.2664,-0.2664,0.711,-7052.41,0.342,16,7783.7,7.76,,-0.198,-8.53,0.05,-100.0,110,60,31.67,-0.1304
rsi_30_70,USDCNH,H1,2.0,1.5,3.0,True,116,27.59,-0.7213,-0.7213,0.368,-802.19,0.247,10,828.1,0.83,,-0.532,-8.62,0.05,-100.0,64,52,26.92,-0.8309
ema_cross_12_26,USDCNH,H1,2.0,1.5,3.0,True,127,27.56,-0.7659,-0.7659,0.369,-796.09,0.271,9,808.58,0.81,,-0.563,-8.66,0.05,-100.0,78,49,26.53,-0.8361
donchian_20,USDCHF,M15,2.0,1.5,3.0,True,247,27.53,-0.6361,-0.6361,0.398,-1751.51,2.142,12,1761.61,1.76,,-0.477,-8.7,0.05,-100.0,156,91,28.57,-0.6204
donchian_20,EURGBP,H1,2.0,1.5,3.0,True,239,27.2,-0.5207,-0.5207,0.512,-1773.87,0.509,10,1773.87,1.77,,-0.387,-9.21,0.05,-100.0,151,88,25.0,-0.6097
ema_cross_12_26,USDCNH,M15,2.0,1.5,3.0,True,140,27.14,-1.3775,-1.3775,0.23,-620.94,1.213,11,620.94,0.62,,-0.93,-9.29,0.05,-100.0,78,62,27.42,-1.2962
donchian_55,USDSEK,H1,2.0,1.5,3.0,True,129,27.13,-0.382,-0.382,0.538,-1773.89,0.275,13,1862.88,1.86,,-0.285,-9.3,0.05,-100.0,70,59,27.12,-0.3967
donchian_20,USDCHF,D1,2.0,1.5,3.0,True,48,27.08,-0.2875,-0.2875,0.609,-1923.84,0.017,9,2698.6,2.69,,-0.213,-9.38,0.05,-100.0,30,18,38.89,0.0668
donchian_55,USDCAD,M15,2.0,1.5,3.0,True,144,27.08,-0.8815,-0.8815,0.305,-859.24,1.249,13,876.92,0.88,,-0.661,-9.38,0.05,-100.0,90,54,27.78,-0.9283
donchian_55,USDCHF,M15,2.0,1.5,3.0,True,159,27.04,-0.6526,-0.6526,0.404,-1118.42,1.379,12,1122.0,1.12,,-0.488,-9.43,0.05,-100.0,96,63,28.57,-0.6097
ema_cross_12_26,NZDUSD,D1,2.0,1.5,3.0,True,37,27.03,-0.2715,-0.2715,0.666,-894.2,0.013,7,1233.49,1.23,,-0.202,-9.46,0.05,-100.0,20,17,29.41,-0.1656
donchian_55,FRA40.cash,H1,2.0,1.5,3.0,True,148,27.03,-1.2848,-1.2848,0.159,-776.93,0.213,19,777.21,0.78,,-0.96,-9.46,0.05,-100.0,89,59,30.51,-1.1326
ema_pullback_20_50,NZDUSD,M15,2.0,1.5,3.0,True,372,26.88,-1.1288,-1.1288,0.314,-1989.89,3.226,16,2002.2,2.0,,-0.745,-9.68,0.05,-100.0,232,140,25.0,-1.2263
rsi_30_70,USDCAD,M15,2.0,1.5,3.0,True,97,26.8,-0.8867,-0.8867,0.318,-558.56,0.841,11,588.5,0.59,,-0.655,-9.79,0.05,-100.0,52,45,26.67,-0.9544
ema_pullback_20_50,USDCNH,H1,2.0,1.5,3.0,True,280,26.79,-1.082,-1.082,0.353,-1611.18,0.597,11,1621.01,1.62,,-0.722,-9.82,0.05,-100.0,161,119,23.53,-1.254
ema_cross_9_20,USDCNH,M15,2.0,1.5,3.0,True,180,26.67,-1.421,-1.421,0.205,-845.61,1.56,13,847.92,0.85,,-0.975,-10.0,0.05,-100.0,105,75,28.0,-1.3043
ema_pullback_20_50,GER40.cash,M15,2.0,1.5,3.0,True,226,26.55,-1.7078,-1.7078,0.363,-908.71,1.702,13,1188.62,1.19,,-0.821,-10.18,0.05,-100.0,207,19,26.32,-1.0733
ema_cross_12_26,EURGBP,H1,2.0,1.5,3.0,True,133,26.32,-0.5642,-0.5642,0.452,-1048.29,0.283,8,1058.74,1.06,,-0.426,-10.53,0.05,-100.0,77,56,25.0,-0.6241
ema_pullback_20_50,NZDUSD,D1,2.0,1.5,3.0,True,118,26.27,-0.4056,-0.4056,0.61,-2577.08,0.042,8,2717.81,2.72,,-0.309,-10.59,0.05,-100.0,71,47,27.66,-0.3814
ema_pullback_20_50,US100.cash,M15,2.0,1.5,3.0,True,282,26.24,-1.5997,-1.5997,0.404,-1088.74,2.3,13,1101.28,1.1,,-0.749,-10.64,0.05,-100.0,159,123,26.02,-1.7923
donchian_20,EU50.cash,H1,2.0,1.5,3.0,True,248,26.21,-1.5689,-1.5689,0.119,-1018.55,0.357,16,1034.19,1.03,,-1.037,-10.69,0.05,-100.0,157,91,35.16,-1.3024
ema_cross_9_20,GBPUSD,M15,2.0,1.5,3.0,True,168,26.19,-0.628,-0.628,0.425,-1286.53,1.457,9,1323.31,1.32,,-0.476,-10.71,0.05,-100.0,102,66,31.82,-0.4745
rsi_30_70,XPDUSD,M15,2.0,1.5,3.0,True,88,26.14,-0.3076,-0.3076,0.532,-6903.48,0.714,11,7109.23,7.11,,-0.232,-10.8,0.05,-100.0,50,38,31.58,-0.1534
ema_pullback_20_50,USDCAD,M15,2.0,1.5,3.0,True,372,26.08,-1.3299,-1.3299,0.289,-1893.33,3.226,12,1893.33,1.89,,-0.803,-10.89,0.05,-100.0,216,156,25.64,-1.429
ema_pullback_20_50,EURUSD,M15,2.0,1.5,3.0,True,303,26.07,-1.086,-1.086,0.398,-1755.8,2.627,15,1763.1,1.76,,-0.686,-10.89,0.05,-100.0,201,102,34.31,-0.8185
donchian_55,EU50.cash,H1,2.0,1.5,3.0,True,165,26.06,-1.7213,-1.7213,0.108,-694.7,0.237,14,718.63,0.72,,-1.134,-10.91,0.05,-100.0,104,61,32.79,-1.4634
rsi_30_70,USDCAD,H1,2.0,1.5,3.0,True,104,25.96,-0.5726,-0.5726,0.477,-896.1,0.222,11,955.91,0.96,,-0.434,-11.06,0.05,-100.0,53,51,19.61,-0.8141
ema_cross_9_20,EURGBP,H1,2.0,1.5,3.0,True,170,25.88,-0.5632,-0.5632,0.454,-1385.64,0.362,13,1396.08,1.4,,-0.428,-11.18,0.05,-100.0,99,71,23.94,-0.635
ema_cross_9_20,USDSEK,H1,2.0,1.5,3.0,True,167,25.75,-0.4357,-0.4357,0.511,-2279.46,0.356,16,2388.99,2.39,,-0.331,-11.38,0.05,-100.0,98,69,24.64,-0.4786
donchian_55,USDCHF,H1,2.0,1.5,3.0,True,133,25.56,-0.491,-0.491,0.509,-1340.86,0.283,10,1357.65,1.36,,-0.373,-11.65,0.05,-100.0,75,58,32.76,-0.2863
ema_pullback_20_50,EURGBP,H1,2.0,1.5,3.0,True,321,25.55,-0.726,-0.726,0.442,-2571.24,0.684,15,2571.24,2.57,,-0.54,-11.68,0.05,-100.0,207,114,21.93,-0.8836
donchian_20,USDCNH,M15,2.0,1.5,3.0,True,231,25.54,-1.4007,-1.4007,0.18,-1159.17,2.002,18,1165.22,1.17,,-1.002,-11.69,0.05,-100.0,129,102,26.47,-1.2973
donchian_20,USDSEK,H1,2.0,1.5,3.0,True,255,25.49,-0.4366,-0.4366,0.494,-3842.26,0.543,10,3998.37,3.99,,-0.333,-11.76,0.05,-100.0,149,106,24.53,-0.4793
rsi_30_70,USDCNH,M15,2.0,1.5,3.0,True,110,25.45,-1.2628,-1.2628,0.193,-598.9,0.953,11,601.62,0.6,,-0.949,-11.82,0.05,-100.0,74,36,25.0,-1.1778
donchian_20,UK100.cash,M15,2.0,1.5,3.0,True,228,25.44,-1.7276,-1.7276,0.122,-938.81,1.759,19,939.11,0.94,,-1.057,-11.84,0.05,-100.0,135,93,25.81,-1.5059
rsi_30_70,US30.cash,M15,2.0,1.5,3.0,True,114,25.44,-0.7763,-0.7763,0.374,-770.78,0.93,16,787.54,0.79,,-0.575,-11.84,0.05,-100.0,75,39,33.33,-0.4492
ema_cross_12_26,GBPUSD,M15,2.0,1.5,3.0,True,134,25.37,-0.6504,-0.6504,0.403,-1085.94,1.162,11,1122.35,1.12,,-0.5,-11.94,0.05,-100.0,85,49,28.57,-0.5617
donchian_55,USDCNH,M15,2.0,1.5,3.0,True,135,25.19,-1.3762,-1.3762,0.189,-695.13,1.17,10,695.13,0.7,,-1.0,-12.22,0.05,-100.0,74,61,22.95,-1.3971
ema_cross_9_20,EURUSD,M15,2.0,1.5,3.0,True,168,25.0,-0.7854,-0.7854,0.359,-1170.22,1.457,13,1178.43,1.18,,-0.595,-12.5,0.05,-100.0,107,61,26.23,-0.7689
ema_cross_12_26,US500.cash,H1,2.0,1.5,3.0,True,116,25.0,-1.6851,-1.6851,0.127,-472.17,0.233,16,473.36,0.47,,-1.004,-12.5,0.05,-100.0,73,43,27.91,-1.5612
donchian_20,USDCHF,H1,2.0,1.5,3.0,True,244,25.0,-0.5079,-0.5079,0.455,-2856.44,0.52,12,2877.65,2.88,,-0.39,-12.5,0.05,-100.0,149,95,29.47,-0.388
donchian_20,USDCNH,H1,2.0,1.5,3.0,True,224,24.55,-0.8532,-0.8532,0.361,-1429.89,0.477,15,1429.89,1.43,,-0.646,-13.17,0.05,-100.0,141,83,24.1,-0.9131
ema_cross_9_20,UK100.cash,M15,2.0,1.5,3.0,True,174,24.14,-1.8753,-1.8753,0.102,-725.14,1.342,17,725.86,0.73,,-1.069,-13.79,0.05,-100.0,111,63,26.98,-1.5595
donchian_20,EURGBP,M15,2.0,1.5,3.0,True,208,24.04,-0.9684,-0.9684,0.255,-1392.48,1.804,17,1394.09,1.39,,-0.75,-13.94,0.05,-100.0,133,75,21.33,-1.1111
ema_pullback_20_50,UK100.cash,H1,2.0,1.5,3.0,True,315,23.49,-2.0282,-2.0282,0.293,-1092.44,0.615,13,1100.27,1.1,,-0.931,-14.76,0.05,-100.0,195,120,30.0,-1.4436
donchian_55,USDCHF,D1,2.0,1.5,3.0,True,30,23.33,-0.4026,-0.4026,0.442,-1800.55,0.011,8,2190.24,2.19,,-0.312,-15.0,0.05,-100.0,20,10,50.0,0.395
ema_cross_9_20,NZDUSD,D1,2.0,1.5,3.0,True,43,23.26,-0.3915,-0.3915,0.556,-1449.52,0.015,8,1980.51,1.97,,-0.307,-15.12,0.05,-100.0,25,18,16.67,-0.5594
ema_pullback_20_50,FRA40.cash,H1,2.0,1.5,3.0,True,250,23.2,-1.7931,-1.7931,0.259,-994.84,0.36,13,1003.32,1.0,,-0.977,-15.2,0.05,-100.0,189,61,27.87,-1.3542
ema_cross_12_26,FRA40.cash,M15,2.0,1.5,3.0,True,121,23.14,-1.8645,-1.8645,0.075,-505.03,0.579,12,507.17,0.51,,-1.183,-15.29,0.05,-100.0,72,49,20.41,-1.636
rsi_30_70,UK100.cash,M15,2.0,1.5,3.0,True,100,23.0,-1.6666,-1.6666,0.1,-495.44,0.772,14,498.0,0.5,,-1.177,-15.5,0.05,-100.0,49,51,21.57,-1.6298
ema_cross_12_26,UK100.cash,M15,2.0,1.5,3.0,True,135,22.96,-1.9382,-1.9382,0.111,-575.27,1.042,17,575.99,0.58,,-1.099,-15.56,0.05,-100.0,80,55,27.27,-1.6676
ema_cross_12_26,USDSEK,H1,2.0,1.5,3.0,True,135,22.96,-0.5178,-0.5178,0.453,-2142.08,0.288,15,2227.13,2.23,,-0.409,-15.56,0.05,-100.0,84,51,23.53,-0.5096
ema_cross_9_20,US500.cash,H1,2.0,1.5,3.0,True,152,22.37,-1.7339,-1.7339,0.102,-622.11,0.305,19,623.3,0.62,,-1.077,-16.45,0.05,-100.0,94,58,24.14,-1.7614
ema_cross_9_20,USDCHF,D1,2.0,1.5,3.0,True,45,22.22,-0.4326,-0.4326,0.532,-2232.6,0.016,10,2930.69,2.92,,-0.342,-16.67,0.05,-100.0,29,16,18.75,-0.5379
ema_cross_12_26,EURUSD,M15,2.0,1.5,3.0,True,135,22.22,-0.8521,-0.8521,0.26,-1184.79,1.171,14,1188.5,1.19,,-0.682,-16.67,0.05,-100.0,88,47,21.28,-0.8942
ema_cross_12_26,USDCHF,D1,2.0,1.5,3.0,True,36,22.22,-0.4328,-0.4328,0.538,-1770.2,0.013,9,2385.83,2.38,,-0.341,-16.67,0.05,-100.0,23,13,23.08,-0.4099
donchian_20,US500.cash,H1,2.0,1.5,3.0,True,219,21.46,-1.9937,-1.9937,0.102,-896.57,0.44,21,900.96,0.9,,-1.164,-17.81,0.05,-100.0,140,79,21.52,-1.7429
ema_cross_9_20,EURGBP,M15,2.0,1.5,3.0,True,168,21.43,-1.046,-1.046,0.223,-1170.24,1.457,16,1179.63,1.18,,-0.836,-17.86,0.05,-100.0,95,73,19.18,-1.1577
donchian_55,USDCNH,H1,2.0,1.5,3.0,True,119,21.01,-0.9522,-0.9522,0.291,-897.23,0.254,10,897.23,0.9,,-0.764,-18.49,0.05,-100.0,76,43,23.26,-0.8996
ema_pullback_20_50,EURGBP,M15,2.0,1.5,3.0,True,267,19.1,-1.4262,-1.4262,0.231,-1724.66,2.315,16,1732.59,1.73,,-0.995,-21.35,0.05,-100.0,142,125,17.6,-1.5572
ema_cross_12_26,EURGBP,M15,2.0,1.5,3.0,True,147,19.05,-1.1367,-1.1367,0.217,-1026.4,1.275,12,1033.07,1.03,,-0.925,-21.43,0.05,-100.0,85,62,19.35,-1.1721
ema_pullback_20_50,USDCNH,M15,2.0,1.5,3.0,True,371,18.87,-2.1893,-2.1893,0.148,-1745.35,3.215,21,1745.35,1.75,,-1.075,-21.7,0.05,-100.0,222,149,20.81,-1.9122
ema_cross_9_20,FRA40.cash,M15,2.0,1.5,3.0,True,161,18.63,-1.9864,-1.9864,0.07,-713.55,0.77,19,716.17,0.72,,-1.306,-22.05,0.05,-100.0,97,64,18.75,-1.6804
rsi_30_70,EU50.cash,M15,2.0,1.5,3.0,True,107,17.76,-2.0654,-2.0654,0.075,-412.16,0.511,21,413.38,0.41,,-1.245,-23.36,0.05,-100.0,58,49,28.57,-1.7006
donchian_55,US500.cash,H1,2.0,1.5,3.0,True,147,17.69,-2.1308,-2.1308,0.068,-605.65,0.295,27,606.9,0.61,,-1.272,-23.47,0.05,-100.0,91,56,19.64,-1.9232
donchian_55,FRA40.cash,M15,2.0,1.5,3.0,True,144,17.36,-1.9686,-1.9686,0.059,-614.1,0.689,27,614.36,0.61,,-1.329,-23.96,0.05,-100.0,88,56,19.64,-1.741
donchian_20,FRA40.cash,M15,2.0,1.5,3.0,True,246,16.67,-2.0106,-2.0106,0.059,-1093.98,1.177,24,1095.1,1.1,,-1.336,-25.0,0.05,-100.0,144,102,17.65,-1.7248
ema_cross_9_20,HK50.cash,H1,2.0,1.5,3.0,True,156,14.1,-2.1882,-2.1882,0.058,-562.52,0.238,38,562.52,0.56,,-1.275,-28.85,0.05,-100.0,94,62,14.52,-1.92
ema_cross_12_26,HK50.cash,H1,2.0,1.5,3.0,True,117,13.68,-2.119,-2.119,0.055,-403.45,0.179,30,403.45,0.4,,-1.219,-29.49,0.05,-100.0,69,48,18.75,-1.7382
ema_cross_9_20,JP225.cash,H1,2.0,1.5,3.0,True,158,12.66,-2.6254,-2.6254,0.056,-601.21,0.318,56,601.8,0.6,,-1.375,-31.01,0.05,-100.0,93,65,24.62,-1.7256
ema_pullback_20_50,US500.cash,H1,2.0,1.5,3.0,True,295,12.2,-3.8992,-3.8992,0.168,-1054.33,0.593,23,1062.97,1.06,,-1.161,-31.69,0.05,-100.0,171,124,14.52,-3.5007
ema_pullback_20_50,EU50.cash,H1,2.0,1.5,3.0,True,271,12.18,-2.9587,-2.9587,0.173,-1025.86,0.39,28,1026.72,1.03,,-1.215,-31.73,0.05,-100.0,208,63,19.05,-2.2378
donchian_55,HK50.cash,H1,2.0,1.5,3.0,True,165,12.12,-2.3013,-2.3013,0.039,-650.59,0.252,33,650.59,0.65,,-1.389,-31.82,0.05,-100.0,105,60,6.67,-2.289
donchian_20,HK50.cash,H1,2.0,1.5,3.0,True,270,11.48,-2.3456,-2.3456,0.041,-1070.88,0.412,42,1071.82,1.07,,-1.433,-32.78,0.05,-100.0,170,100,10.0,-2.2008
ema_pullback_20_50,UK100.cash,M15,2.0,1.5,3.0,True,335,11.34,-3.6133,-3.6133,0.112,-1339.81,2.585,40,1340.52,1.34,,-1.085,-32.99,0.05,-100.0,251,84,9.52,-2.9467
rsi_30_70,JP225.cash,H1,2.0,1.5,3.0,True,90,11.11,-2.4187,-2.4187,0.064,-348.04,0.181,29,348.63,0.35,,-1.352,-33.33,0.05,-100.0,58,32,21.88,-1.7737
ema_cross_12_26,EU50.cash,M15,2.0,1.5,3.0,True,132,10.61,-2.7154,-2.7154,0.037,-548.68,0.63,58,550.16,0.55,,-1.438,-34.09,0.05,-100.0,84,48,20.83,-1.9683
rsi_30_70,HK50.cash,H1,2.0,1.5,3.0,True,103,9.71,-2.5989,-2.5989,0.034,-466.2,0.157,21,466.2,0.47,,-1.498,-35.44,0.05,-100.0,61,42,9.52,-1.9213
ema_pullback_20_50,HK50.cash,H1,2.0,1.5,3.0,True,371,9.7,-3.9384,-3.9384,0.061,-1418.0,0.567,40,1418.0,1.42,,-1.237,-35.44,0.05,-100.0,192,179,3.35,-4.1282
donchian_20,JP225.cash,H1,2.0,1.5,3.0,True,238,8.82,-2.7351,-2.7351,0.03,-950.63,0.478,96,950.63,0.95,,-1.495,-36.76,0.05,-100.0,142,96,18.75,-1.966
donchian_55,JP225.cash,H1,2.0,1.5,3.0,True,154,8.44,-2.7517,-2.7517,0.03,-606.08,0.31,94,607.87,0.61,,-1.523,-37.34,0.05,-100.0,94,60,21.67,-1.7976
ema_cross_9_20,EU50.cash,M15,2.0,1.5,3.0,True,169,8.28,-2.7338,-2.7338,0.03,-727.46,0.807,77,728.48,0.73,,-1.579,-37.57,0.05,-100.0,107,62,16.13,-2.0396
donchian_55,EU50.cash,M15,2.0,1.5,3.0,True,155,7.74,-2.8063,-2.8063,0.021,-670.45,0.74,40,672.3,0.67,,-1.694,-38.39,0.05,-100.0,93,62,14.52,-2.3413
donchian_20,EU50.cash,M15,2.0,1.5,3.0,True,251,7.57,-2.8084,-2.8084,0.023,-1086.91,1.198,64,1087.46,1.09,,-1.601,-38.65,0.05,-100.0,152,99,14.14,-2.2715
ema_pullback_20_50,FRA40.cash,M15,2.0,1.5,3.0,True,266,7.52,-3.224,-3.224,0.061,-1089.1,1.273,47,1142.15,1.14,,-1.194,-38.72,0.05,-100.0,197,69,10.14,-3.1357
ema_cross_12_26,JP225.cash,H1,2.0,1.5,3.0,True,137,7.3,-2.7775,-2.7775,0.031,-587.15,0.275,51,587.15,0.59,,-1.543,-39.05,0.05,-100.0,83,54,16.67,-1.967
rsi_30_70,US2000.cash,H1,2.0,1.5,3.0,True,113,7.08,-2.6939,-2.6939,0.027,-416.17,0.227,35,416.62,0.42,,-1.45,-39.38,0.05,-100.0,64,49,10.2,-2.5882
ema_pullback_20_50,JP225.cash,H1,2.0,1.5,3.0,True,334,6.89,-4.6498,-4.6498,0.054,-1366.15,0.671,69,1366.73,1.37,,-1.156,-39.67,0.05,-100.0,160,174,8.62,-3.4039
rsi_30_70,US500.cash,M15,2.0,1.5,3.0,True,111,6.31,-3.3292,-3.3292,0.013,-456.85,0.905,37,458.05,0.46,,-1.636,-40.54,0.05,-100.0,74,37,5.41,-3.0061
rsi_30_70,JP225.cash,M15,2.0,1.5,3.0,True,114,6.14,-3.3487,-3.3487,0.013,-479.46,0.93,48,480.27,0.48,,-1.767,-40.79,0.05,-100.0,68,46,6.52,-3.1564
donchian_55,US500.cash,M15,2.0,1.5,3.0,True,132,6.06,-3.5348,-3.5348,0.019,-532.91,1.077,41,533.45,0.53,,-1.641,-40.91,0.05,-100.0,68,64,6.25,-3.1882
ema_pullback_20_50,EU50.cash,M15,2.0,1.5,3.0,True,321,4.98,-5.1082,-5.1082,0.036,-1281.98,1.532,78,1328.18,1.33,,-1.444,-42.52,0.05,-100.0,243,78,8.97,-4.4588
ema_pullback_20_50,US2000.cash,H1,2.0,1.5,3.0,True,210,4.76,-5.9957,-5.9957,0.062,-837.14,0.422,43,837.25,0.84,,-1.152,-42.86,0.05,-100.0,93,117,5.98,-5.3829
ema_cross_9_20,JP225.cash,M15,2.0,1.5,3.0,True,148,4.05,-3.5074,-3.5074,0.01,-556.62,1.207,71,557.51,0.56,,-1.649,-43.92,0.05,-100.0,87,61,4.92,-2.929
ema_pullback_20_50,JP225.cash,M15,2.0,1.5,3.0,True,347,4.03,-6.7375,-6.7375,0.018,-1356.22,2.83,71,1356.33,1.36,,-0.925,-43.95,0.05,-100.0,207,140,4.29,-6.2243
donchian_20,US500.cash,M15,2.0,1.5,3.0,True,199,4.02,-3.3587,-3.3587,0.015,-775.36,1.623,61,775.36,0.78,,-1.614,-43.97,0.05,-100.0,115,84,4.76,-2.9475
donchian_20,JP225.cash,M15,2.0,1.5,3.0,True,238,3.78,-3.6052,-3.6052,0.012,-919.21,1.941,125,919.72,0.92,,-1.616,-44.33,0.05,-100.0,144,94,5.32,-3.0438
ema_cross_9_20,US2000.cash,H1,2.0,1.5,3.0,True,161,3.73,-3.517,-3.517,0.011,-660.21,0.323,73,663.58,0.66,,-1.683,-44.41,0.05,-100.0,97,64,6.25,-3.2059
ema_cross_9_20,US500.cash,M15,2.0,1.5,3.0,True,145,3.45,-3.4494,-3.4494,0.009,-579.87,1.183,62,581.07,0.58,,-1.539,-44.83,0.05,-100.0,91,54,3.7,-3.003
donchian_55,JP225.cash,M15,2.0,1.5,3.0,True,146,3.42,-3.7301,-3.7301,0.01,-584.6,1.191,82,584.72,0.58,,-1.727,-44.86,0.05,-100.0,88,58,6.9,-3.2319
ema_pullback_20_50,US500.cash,M15,2.0,1.5,3.0,True,302,3.31,-7.8384,-7.8384,0.034,-1223.82,2.463,87,1223.82,1.22,,-1.143,-45.03,0.05,-100.0,178,124,3.23,-8.286
ema_cross_12_26,JP225.cash,M15,2.0,1.5,3.0,True,121,2.48,-3.8427,-3.8427,0.01,-489.73,0.987,62,490.61,0.49,,-1.707,-46.28,0.05,-100.0,74,47,0.0,-3.1687
ema_cross_12_26,US500.cash,M15,2.0,1.5,3.0,True,123,2.44,-3.6057,-3.6057,0.005,-494.59,1.003,54,495.79,0.5,,-1.592,-46.34,0.05,-100.0,80,43,4.65,-3.147
ema_cross_12_26,US2000.cash,H1,2.0,1.5,3.0,True,135,1.48,-3.4099,-3.4099,0.003,-561.27,0.271,94,564.64,0.56,,-1.744,-47.78,0.05,-100.0,86,49,4.08,-2.925
ema_pullback_20_50,HK50.cash,M15,2.0,1.5,3.0,True,281,1.42,-8.636,-8.636,0.01,-1109.5,1.467,144,1126.18,1.13,,-0.985,-47.86,0.05,-100.0,221,60,3.33,-6.1348
donchian_55,US2000.cash,H1,2.0,1.5,3.0,True,142,1.41,-3.5429,-3.5429,0.001,-603.05,0.285,86,604.42,0.6,,-2.106,-47.89,0.05,-100.0,87,55,1.82,-3.2436
ema_pullback_20_50,US2000.cash,M15,2.0,1.5,3.0,True,305,0.98,-13.8076,-13.8076,0.005,-1232.48,2.488,121,1232.66,1.23,,-1.095,-48.52,0.05,-100.0,176,129,0.78,-13.5249
rsi_30_70,HK50.cash,M15,2.0,1.5,3.0,True,120,0.83,-4.2157,-4.2157,0.0,-489.31,0.627,90,489.31,0.49,,-2.106,-48.75,0.05,-100.0,75,45,2.22,-3.5652
donchian_20,US2000.cash,H1,2.0,1.5,3.0,True,245,0.82,-3.6773,-3.6773,0.004,-1048.11,0.492,120,1048.11,1.05,,-1.949,-48.78,0.05,-100.0,157,88,1.14,-3.2
ema_cross_9_20,HK50.cash,M15,2.0,1.5,3.0,True,151,0.66,-4.2502,-4.2502,0.0,-603.95,0.788,105,603.95,0.6,,-2.175,-49.01,0.05,-100.0,89,62,1.61,-3.7964
ema_cross_9_20,AMD,D1,2.0,1.5,3.0,True,33,0.0,-6.5502,-6.5502,0.0,-130.33,0.016,33,130.35,0.13,,-2.174,-50.0,0.05,-100.0,22,11,0.0,-3.647
ema_cross_9_20,AMD,H1,2.0,1.5,3.0,True,149,0.0,-16.0619,-16.0619,0.0,-591.73,0.092,149,592.9,0.59,,-2.483,-50.0,0.05,-100.0,96,53,0.0,-12.8727
ema_cross_9_20,AMD,M15,2.0,1.5,3.0,True,151,0.0,-23.5598,-23.5598,0.0,-607.93,0.376,151,607.95,0.61,,-2.105,-50.0,0.05,-100.0,89,62,0.0,-16.8139
ema_cross_9_20,AMZN,D1,2.0,1.5,3.0,True,34,0.0,-7.6774,-7.6774,0.0,-127.4,0.013,34,127.52,0.13,,-1.321,-50.0,0.05,-100.0,21,13,0.0,-5.077
ema_cross_9_20,AMZN,H1,2.0,1.5,3.0,True,162,0.0,-17.9921,-17.9921,0.0,-650.08,0.097,162,650.45,0.65,,-3.128,-50.0,0.05,-100.0,97,65,0.0,-14.4298
ema_cross_9_20,AMZN,M15,2.0,1.5,3.0,True,139,0.0,-31.3986,-31.3986,0.0,-553.87,0.31,139,553.87,0.55,,-2.808,-50.0,0.05,-100.0,85,54,0.0,-30.0532
ema_cross_9_20,AVGO,D1,2.0,1.5,3.0,True,30,0.0,-14.3734,-14.3734,0.0,-117.44,0.015,30,117.44,0.12,,-1.47,-50.0,0.05,-100.0,21,9,0.0,-3.0294
ema_cross_9_20,AVGO,H1,2.0,1.5,3.0,True,157,0.0,-31.7699,-31.7699,0.0,-619.37,0.093,157,619.37,0.62,,-1.154,-50.0,0.05,-100.0,96,61,0.0,-8.375
ema_cross_9_20,AVGO,M15,2.0,1.5,3.0,True,145,0.0,-17.0381,-17.0381,0.0,-581.5,0.322,145,581.57,0.58,,-2.48,-50.0,0.05,-100.0,93,52,0.0,-12.8602
ema_cross_9_20,CSCO,H1,2.0,1.5,3.0,True,173,0.0,-81.3589,-81.3589,0.0,-692.75,0.103,173,692.84,0.69,,-3.159,-50.0,0.05,-100.0,101,72,0.0,-70.8912
ema_cross_9_20,CSCO,M15,2.0,1.5,3.0,True,154,0.0,-135.7082,-135.7082,0.0,-615.32,0.342,154,615.32,0.62,,-2.698,-50.0,0.05,-100.0,95,59,0.0,-104.6222
ema_cross_9_20,INTC,D1,2.0,1.5,3.0,True,32,0.0,-26.1754,-26.1754,0.0,-126.99,0.016,32,126.99,0.13,,-2.758,-50.0,0.05,-100.0,17,15,0.0,-23.6454
ema_cross_9_20,INTC,H1,2.0,1.5,3.0,True,159,0.0,-75.6637,-75.6637,0.0,-637.66,0.094,159,637.76,0.64,,-2.836,-50.0,0.05,-100.0,100,59,0.0,-73.0736
ema_cross_9_20,INTC,M15,2.0,1.5,3.0,True,162,0.0,-146.4849,-146.4849,0.0,-648.03,0.36,162,648.05,0.65,,-1.618,-50.0,0.05,-100.0,97,65,0.0,-78.2732
ema_cross_9_20,MSFT,D1,2.0,1.5,3.0,True,42,0.0,-6.449,-6.449,0.0,-166.39,0.013,42,166.43,0.17,,-0.986,-50.0,0.05,-100.0,29,13,0.0,-3.2047
ema_cross_9_20,MSFT,H1,2.0,1.5,3.0,True,149,0.0,-10.379,-10.379,0.0,-596.32,0.089,149,596.67,0.6,,-3.831,-50.0,0.05,-100.0,94,55,0.0,-9.6965
ema_cross_9_20,MSFT,M15,2.0,1.5,3.0,True,161,0.0,-19.8516,-19.8516,0.0,-646.56,0.359,161,646.56,0.65,,-3.406,-50.0,0.05,-100.0,104,57,0.0,-17.429
ema_cross_9_20,NVDA,D1,2.0,1.5,3.0,True,32,0.0,-26.0296,-26.0296,0.0,-127.96,0.016,32,127.96,0.13,,-0.969,-50.0,0.05,-100.0,18,14,0.0,-5.0736
ema_cross_9_20,NVDA,H1,2.0,1.5,3.0,True,166,0.0,-46.0457,-46.0457,0.0,-658.92,0.099,166,658.96,0.66,,-1.241,-50.0,0.05,-100.0,99,67,0.0,-13.9751
ema_cross_9_20,NVDA,M15,2.0,1.5,3.0,True,160,0.0,-32.1567,-32.1567,0.0,-640.78,0.356,160,641.0,0.64,,-3.1,-50.0,0.05,-100.0,92,68,0.0,-28.6617
ema_cross_9_20,US2000.cash,M15,2.0,1.5,3.0,True,135,0.0,-6.2549,-6.2549,0.0,-533.46,1.101,135,534.11,0.53,,-1.757,-50.0,0.05,-100.0,84,51,0.0,-5.8094
ema_cross_12_26,AMD,H1,2.0,1.5,3.0,True,126,0.0,-15.9043,-15.9043,0.0,-507.17,0.077,126,508.33,0.51,,-2.555,-50.0,0.05,-100.0,81,45,0.0,-13.1671
ema_cross_12_26,AMD,M15,2.0,1.5,3.0,True,118,0.0,-23.0653,-23.0653,0.0,-478.55,0.294,118,478.55,0.48,,-2.2,-50.0,0.05,-100.0,66,52,0.0,-17.2772
ema_cross_12_26,AMZN,H1,2.0,1.5,3.0,True,133,0.0,-17.7893,-17.7893,0.0,-536.67,0.08,133,537.04,0.54,,-3.358,-50.0,0.05,-100.0,78,55,0.0,-14.6695
ema_cross_12_26,AMZN,M15,2.0,1.5,3.0,True,120,0.0,-30.987,-30.987,0.0,-480.23,0.267,120,480.23,0.48,,-2.654,-50.0,0.05,-100.0,77,43,0.0,-30.2477
ema_cross_12_26,AVGO,H1,2.0,1.5,3.0,True,133,0.0,-30.935,-30.935,0.0,-529.28,0.079,133,529.28,0.53,,-1.122,-50.0,0.05,-100.0,80,53,0.0,-8.2056
ema_cross_12_26,AVGO,M15,2.0,1.5,3.0,True,116,0.0,-16.588,-16.588,0.0,-464.93,0.258,116,464.99,0.46,,-2.685,-50.0,0.05,-100.0,74,42,0.0,-12.1611
ema_cross_12_26,CSCO,H1,2.0,1.5,3.0,True,140,0.0,-83.6281,-83.6281,0.0,-560.1,0.083,140,560.18,0.56,,-3.016,-50.0,0.05,-100.0,86,54,0.0,-72.2342
ema_cross_12_26,CSCO,M15,2.0,1.5,3.0,True,120,0.0,-134.1873,-134.1873,0.0,-479.29,0.267,120,479.29,0.48,,-2.711,-50.0,0.05,-100.0,77,43,0.0,-97.7386
ema_cross_12_26,HK50.cash,M15,2.0,1.5,3.0,True,115,0.0,-3.9877,-3.9877,0.0,-421.17,0.6,115,421.17,0.42,,-1.782,-50.0,0.05,-100.0,72,43,0.0,-3.2708
ema_cross_12_26,INTC,D1,2.0,1.5,3.0,True,33,0.0,-25.7596,-25.7596,0.0,-132.3,0.017,33,132.3,0.13,,-2.72,-50.0,0.05,-100.0,18,15,0.0,-22.5718
ema_cross_12_26,INTC,H1,2.0,1.5,3.0,True,125,0.0,-75.4659,-75.4659,0.0,-499.51,0.074,125,499.62,0.5,,-2.939,-50.0,0.05,-100.0,80,45,0.0,-74.8202
ema_cross_12_26,INTC,M15,2.0,1.5,3.0,True,126,0.0,-145.6586,-145.6586,0.0,-503.06,0.28,126,503.08,0.5,,-1.551,-50.0,0.05,-100.0,81,45,0.0,-72.7212
ema_cross_12_26,MSFT,D1,2.0,1.5,3.0,True,34,0.0,-6.5464,-6.5464,0.0,-135.82,0.011,34,135.86,0.14,,-0.936,-50.0,0.05,-100.0,22,12,0.0,-3.6668
ema_cross_12_26,MSFT,H1,2.0,1.5,3.0,True,119,0.0,-10.113,-10.113,0.0,-479.23,0.071,119,479.58,0.48,,-3.824,-50.0,0.05,-100.0,74,45,0.0,-9.3852
ema_cross_12_26,MSFT,M15,2.0,1.5,3.0,True,122,0.0,-19.8477,-19.8477,0.0,-486.84,0.272,122,486.84,0.49,,-3.237,-50.0,0.05,-100.0,84,38,0.0,-17.1506
ema_cross_12_26,NVDA,H1,2.0,1.5,3.0,True,123,0.0,-47.3803,-47.3803,0.0,-486.99,0.074,123,487.02,0.49,,-1.192,-50.0,0.05,-100.0,72,51,0.0,-13.8189
ema_cross_12_26,NVDA,M15,2.0,1.5,3.0,True,121,0.0,-32.0566,-32.0566,0.0,-486.09,0.269,121,486.31,0.49,,-3.137,-50.0,0.05,-100.0,67,54,0.0,-28.7964
ema_cross_12_26,US2000.cash,M15,2.0,1.5,3.0,True,108,0.0,-6.2973,-6.2973,0.0,-431.47,0.881,108,432.13,0.43,,-1.687,-50.0,0.05,-100.0,67,41,0.0,-6.0411
ema_pullback_20_50,AMD,D1,2.0,1.5,3.0,True,95,0.0,-12.9975,-12.9975,0.0,-376.47,0.047,95,376.48,0.38,,-1.662,-50.0,0.05,-100.0,63,32,0.0,-8.8844
ema_pullback_20_50,AMD,H1,2.0,1.5,3.0,True,412,0.0,-30.3111,-30.3111,0.0,-1653.91,0.253,412,1653.91,1.65,,-1.48,-50.0,0.05,-100.0,248,164,0.0,-28.2446
ema_pullback_20_50,AMD,M15,2.0,1.5,3.0,True,338,0.0,-47.1677,-47.1677,0.0,-1351.32,0.842,338,1351.33,1.35,,-1.039,-50.0,0.05,-100.0,201,137,0.0,-29.7052
ema_pullback_20_50,AMZN,D1,2.0,1.5,3.0,True,119,0.0,-14.0461,-14.0461,0.0,-469.98,0.046,119,469.99,0.47,,-1.794,-50.0,0.05,-100.0,64,55,0.0,-12.7976
ema_pullback_20_50,AMZN,H1,2.0,1.5,3.0,True,396,0.0,-35.4885,-35.4885,0.0,-1580.86,0.237,396,1581.24,1.58,,-1.438,-50.0,0.05,-100.0,234,162,0.0,-31.2442
ema_pullback_20_50,AMZN,M15,2.0,1.5,3.0,True,324,0.0,-62.1689,-62.1689,0.0,-1297.42,0.722,324,1297.42,1.3,,-1.415,-50.0,0.05,-100.0,192,132,0.0,-59.8271
ema_pullback_20_50,AVGO,D1,2.0,1.5,3.0,True,125,0.0,-26.5305,-26.5305,0.0,-502.05,0.063,125,502.05,0.5,,-0.89,-50.0,0.05,-100.0,67,58,0.0,-9.631
ema_pullback_20_50,AVGO,H1,2.0,1.5,3.0,True,454,0.0,-59.1548,-59.1548,0.0,-1821.77,0.269,454,1821.77,1.82,,-1.023,-50.0,0.05,-100.0,271,183,0.0,-17.6216
ema_pullback_20_50,AVGO,M15,2.0,1.5,3.0,True,380,0.0,-32.8605,-32.8605,0.0,-1524.8,0.844,380,1524.87,1.52,,-1.415,-50.0,0.05,-100.0,244,136,0.0,-25.0813
ema_pullback_20_50,CSCO,D1,2.0,1.5,3.0,True,111,0.0,-59.7134,-59.7134,0.0,-442.46,0.055,111,442.46,0.44,,-2.071,-50.0,0.05,-100.0,61,50,0.0,-52.4407
ema_pullback_20_50,CSCO,H1,2.0,1.5,3.0,True,382,0.0,-147.2,-147.2,0.0,-1526.27,0.227,382,1526.29,1.53,,-1.284,-50.0,0.05,-100.0,214,168,0.0,-123.1411
ema_pullback_20_50,CSCO,M15,2.0,1.5,3.0,True,353,0.0,-247.2188,-247.2188,0.0,-1410.99,0.784,353,1411.0,1.41,,-1.287,-50.0,0.05,-100.0,212,141,0.0,-148.0202
ema_pullback_20_50,INTC,D1,2.0,1.5,3.0,True,90,0.0,-49.3521,-49.3521,0.0,-362.39,0.046,90,362.39,0.36,,-1.675,-50.0,0.05,-100.0,52,38,0.0,-47.802
ema_pullback_20_50,INTC,H1,2.0,1.5,3.0,True,362,0.0,-139.4402,-139.4402,0.0,-1448.41,0.215,362,1448.41,1.45,,-1.468,-50.0,0.05,-100.0,217,145,0.0,-144.1157
ema_pullback_20_50,INTC,M15,2.0,1.5,3.0,True,369,0.0,-264.3992,-264.3992,0.0,-1476.47,0.82,369,1476.47,1.48,,-1.088,-50.0,0.05,-100.0,222,147,0.0,-141.1158
ema_pullback_20_50,MSFT,D1,2.0,1.5,3.0,True,134,0.0,-16.1713,-16.1713,0.0,-530.15,0.042,134,530.15,0.53,,-0.963,-50.0,0.05,-100.0,92,42,0.0,-7.0123
ema_pullback_20_50,MSFT,H1,2.0,1.5,3.0,True,421,0.0,-21.2532,-21.2532,0.0,-1684.32,0.252,421,1685.04,1.69,,-1.483,-50.0,0.05,-100.0,256,165,0.0,-18.8589
ema_pullback_20_50,MSFT,M15,2.0,1.5,3.0,True,350,0.0,-40.303,-40.303,0.0,-1404.8,0.779,350,1404.8,1.4,,-1.376,-50.0,0.05,-100.0,242,108,0.0,-32.7691
ema_pullback_20_50,NVDA,D1,2.0,1.5,3.0,True,101,0.0,-54.3987,-54.3987,0.0,-406.61,0.051,101,406.61,0.41,,-0.941,-50.0,0.05,-100.0,55,46,0.0,-11.8208
ema_pullback_20_50,NVDA,H1,2.0,1.5,3.0,True,417,0.0,-89.7477,-89.7477,0.0,-1666.68,0.25,417,1666.72,1.67,,-1.055,-50.0,0.05,-100.0,262,155,0.0,-29.8709
ema_pullback_20_50,NVDA,M15,2.0,1.5,3.0,True,393,0.0,-60.9988,-60.9988,0.0,-1576.36,0.875,393,1576.58,1.58,,-1.673,-50.0,0.05,-100.0,247,146,0.0,-57.4315
donchian_20,AMD,D1,2.0,1.5,3.0,True,57,0.0,-5.7845,-5.7845,0.0,-214.16,0.028,57,214.74,0.21,,-2.084,-50.0,0.05,-100.0,35,22,0.0,-3.5697
donchian_20,AMD,H1,2.0,1.5,3.0,True,256,0.0,-15.5007,-15.5007,0.0,-1028.52,0.157,256,1029.01,1.03,,-2.454,-50.0,0.05,-100.0,152,104,0.0,-12.5071
donchian_20,AMD,M15,2.0,1.5,3.0,True,258,0.0,-22.5531,-22.5531,0.0,-1037.55,0.643,258,1037.57,1.04,,-2.075,-50.0,0.05,-100.0,153,105,0.0,-16.4012
donchian_20,AMZN,D1,2.0,1.5,3.0,True,64,0.0,-7.6477,-7.6477,0.0,-240.59,0.025,64,241.11,0.24,,-1.841,-50.0,0.05,-100.0,35,29,0.0,-5.8196
donchian_20,AMZN,H1,2.0,1.5,3.0,True,257,0.0,-18.2228,-18.2228,0.0,-1030.93,0.154,257,1031.05,1.03,,-3.333,-50.0,0.05,-100.0,151,106,0.0,-14.9996
donchian_20,AMZN,M15,2.0,1.5,3.0,True,237,0.0,-30.0976,-30.0976,0.0,-947.28,0.528,237,947.53,0.95,,-3.367,-50.0,0.05,-100.0,136,101,0.0,-27.3791
donchian_20,AVGO,D1,2.0,1.5,3.0,True,56,0.0,-12.3202,-12.3202,0.0,-220.03,0.028,56,220.26,0.22,,-1.311,-50.0,0.05,-100.0,34,22,0.0,-3.3219
donchian_20,AVGO,H1,2.0,1.5,3.0,True,275,0.0,-31.0372,-31.0372,0.0,-1097.0,0.163,275,1097.01,1.1,,-1.147,-50.0,0.05,-100.0,162,113,0.0,-8.8653
donchian_20,AVGO,M15,2.0,1.5,3.0,True,262,0.0,-16.5769,-16.5769,0.0,-1054.91,0.582,262,1054.91,1.05,,-2.748,-50.0,0.05,-100.0,152,110,0.0,-13.1218
donchian_20,CSCO,D1,2.0,1.5,3.0,True,53,0.0,-28.6008,-28.6008,0.0,-210.57,0.026,53,210.78,0.21,,-3.441,-50.0,0.05,-100.0,29,24,0.0,-25.8812
donchian_20,CSCO,H1,2.0,1.5,3.0,True,246,0.0,-82.059,-82.059,0.0,-981.99,0.146,246,982.02,0.98,,-3.066,-50.0,0.05,-100.0,141,105,0.0,-70.7242
donchian_20,CSCO,M15,2.0,1.5,3.0,True,259,0.0,-131.7289,-131.7289,0.0,-1034.5,0.575,259,1034.52,1.03,,-2.541,-50.0,0.05,-100.0,153,106,0.0,-92.5646
donchian_20,HK50.cash,M15,2.0,1.5,3.0,True,244,0.0,-4.4773,-4.4773,0.0,-1012.15,1.274,244,1012.15,1.01,,-2.444,-50.0,0.05,-100.0,150,94,0.0,-4.1443
donchian_20,INTC,D1,2.0,1.5,3.0,True,48,0.0,-21.5082,-21.5082,0.0,-190.59,0.024,48,190.8,0.19,,-2.744,-50.0,0.05,-100.0,26,22,0.0,-19.1706
donchian_20,INTC,H1,2.0,1.5,3.0,True,274,0.0,-73.3721,-73.3721,0.0,-1093.8,0.163,274,1093.85,1.09,,-2.637,-50.0,0.05,-100.0,155,119,0.0,-69.3587
donchian_20,INTC,M15,2.0,1.5,3.0,True,262,0.0,-134.2318,-134.2318,0.0,-1048.91,0.582,262,1048.91,1.05,,-1.479,-50.0,0.05,-100.0,149,113,0.0,-66.4982
donchian_20,MSFT,D1,2.0,1.5,3.0,True,78,0.0,-7.5138,-7.5138,0.0,-300.33,0.024,78,300.57,0.3,,-1.16,-50.0,0.05,-100.0,47,31,0.0,-3.4646
donchian_20,MSFT,H1,2.0,1.5,3.0,True,269,0.0,-10.8489,-10.8489,0.0,-1081.99,0.161,269,1081.99,1.08,,-3.552,-50.0,0.05,-100.0,165,104,0.0,-9.766
donchian_20,MSFT,M15,2.0,1.5,3.0,True,226,0.0,-19.3213,-19.3213,0.0,-904.02,0.503,226,904.26,0.9,,-3.463,-50.0,0.05,-100.0,145,81,0.0,-16.7161
donchian_20,NVDA,D1,2.0,1.5,3.0,True,61,0.0,-23.3505,-23.3505,0.0,-243.79,0.031,61,243.79,0.24,,-1.14,-50.0,0.05,-100.0,37,24,0.0,-5.7082
donchian_20,NVDA,H1,2.0,1.5,3.0,True,275,0.0,-48.9728,-48.9728,0.0,-1097.02,0.165,275,1097.06,1.1,,-1.31,-50.0,0.05,-100.0,173,102,0.0,-15.3174
donchian_20,NVDA,M15,2.0,1.5,3.0,True,240,0.0,-32.382,-32.382,0.0,-963.83,0.535,240,963.95,0.96,,-3.19,-50.0,0.05,-100.0,145,95,0.0,-29.3122
donchian_20,US2000.cash,M15,2.0,1.5,3.0,True,227,0.0,-6.2206,-6.2206,0.0,-906.58,1.851,227,906.97,0.91,,-1.857,-50.0,0.05,-100.0,131,96,0.0,-5.521
donchian_55,AMD,D1,2.0,1.5,3.0,True,32,0.0,-5.2955,-5.2955,0.0,-118.12,0.016,32,118.45,0.12,,-2.037,-50.0,0.05,-100.0,18,14,0.0,-3.5602
donchian_55,AMD,H1,2.0,1.5,3.0,True,168,0.0,-14.8613,-14.8613,0.0,-674.59,0.103,168,674.59,0.67,,-2.55,-50.0,0.05,-100.0,98,70,0.0,-12.4437
donchian_55,AMD,M15,2.0,1.5,3.0,True,158,0.0,-21.2409,-21.2409,0.0,-636.71,0.394,158,636.71,0.64,,-2.181,-50.0,0.05,-100.0,97,61,0.0,-15.7376
donchian_55,AMZN,D1,2.0,1.5,3.0,True,44,0.0,-7.6804,-7.6804,0.0,-174.07,0.017,44,174.22,0.17,,-2.055,-50.0,0.05,-100.0,22,22,0.0,-6.4419
donchian_55,AMZN,H1,2.0,1.5,3.0,True,166,0.0,-18.4144,-18.4144,0.0,-667.83,0.099,166,668.03,0.67,,-3.356,-50.0,0.05,-100.0,89,77,0.0,-15.6611
donchian_55,AMZN,M15,2.0,1.5,3.0,True,138,0.0,-29.158,-29.158,0.0,-553.8,0.307,138,553.85,0.55,,-3.51,-50.0,0.05,-100.0,78,60,0.0,-26.74
donchian_55,AVGO,D1,2.0,1.5,3.0,True,42,0.0,-12.5905,-12.5905,0.0,-165.55,0.021,42,165.59,0.17,,-1.211,-50.0,0.05,-100.0,25,17,0.0,-3.2472
donchian_55,AVGO,H1,2.0,1.5,3.0,True,184,0.0,-33.095,-33.095,0.0,-738.24,0.109,184,738.3,0.74,,-1.136,-50.0,0.05,-100.0,113,71,0.0,-9.0737
donchian_55,AVGO,M15,2.0,1.5,3.0,True,157,0.0,-15.8229,-15.8229,0.0,-629.57,0.349,157,629.79,0.63,,-2.806,-50.0,0.05,-100.0,90,67,0.0,-12.7639
donchian_55,CSCO,D1,2.0,1.5,3.0,True,33,0.0,-28.3445,-28.3445,0.0,-130.59,0.016,33,130.59,0.13,,-4.02,-50.0,0.05,-100.0,18,15,0.0,-25.1119
donchian_55,CSCO,H1,2.0,1.5,3.0,True,165,0.0,-81.5276,-81.5276,0.0,-659.52,0.098,165,659.53,0.66,,-3.063,-50.0,0.05,-100.0,89,76,0.0,-71.6619
donchian_55,CSCO,M15,2.0,1.5,3.0,True,172,0.0,-124.4479,-124.4479,0.0,-687.36,0.382,172,687.36,0.69,,-2.487,-50.0,0.05,-100.0,98,74,0.0,-85.4361
donchian_55,HK50.cash,M15,2.0,1.5,3.0,True,145,0.0,-4.4708,-4.4708,0.0,-611.87,0.757,145,611.87,0.61,,-2.323,-50.0,0.05,-100.0,96,49,0.0,-3.9822
donchian_55,INTC,H1,2.0,1.5,3.0,True,162,0.0,-68.8903,-68.8903,0.0,-645.2,0.096,162,645.2,0.65,,-2.631,-50.0,0.05,-100.0,90,72,0.0,-62.2209
donchian_55,INTC,M15,2.0,1.5,3.0,True,172,0.0,-116.7199,-116.7199,0.0,-689.11,0.382,172,689.13,0.69,,-1.534,-50.0,0.05,-100.0,92,80,0.0,-67.7765
donchian_55,MSFT,D1,2.0,1.5,3.0,True,61,0.0,-7.9419,-7.9419,0.0,-237.11,0.019,61,237.3,0.24,,-1.274,-50.0,0.05,-100.0,37,24,0.0,-3.4598
donchian_55,MSFT,H1,2.0,1.5,3.0,True,176,0.0,-11.3137,-11.3137,0.0,-710.54,0.105,176,710.86,0.71,,-3.718,-50.0,0.05,-100.0,110,66,0.0,-10.1801
donchian_55,MSFT,M15,2.0,1.5,3.0,True,138,0.0,-19.3951,-19.3951,0.0,-557.34,0.307,138,557.61,0.56,,-3.443,-50.0,0.05,-100.0,87,51,0.0,-17.8151
donchian_55,NVDA,D1,2.0,1.5,3.0,True,46,0.0,-22.3285,-22.3285,0.0,-179.92,0.023,46,180.01,0.18,,-1.231,-50.0,0.05,-100.0,30,16,0.0,-5.7403
donchian_55,NVDA,H1,2.0,1.5,3.0,True,185,0.0,-47.1007,-47.1007,0.0,-737.81,0.111,185,737.85,0.74,,-1.31,-50.0,0.05,-100.0,116,69,0.0,-16.7027
donchian_55,NVDA,M15,2.0,1.5,3.0,True,140,0.0,-32.3536,-32.3536,0.0,-562.79,0.312,140,562.89,0.56,,-3.342,-50.0,0.05,-100.0,81,59,0.0,-30.8092
donchian_55,US2000.cash,M15,2.0,1.5,3.0,True,146,0.0,-5.964,-5.964,0.0,-583.91,1.191,146,583.91,0.58,,-1.723,-50.0,0.05,-100.0,81,65,0.0,-5.2064
rsi_30_70,AMD,H1,2.0,1.5,3.0,True,121,0.0,-15.9321,-15.9321,0.0,-484.24,0.074,121,484.38,0.48,,-2.485,-50.0,0.05,-100.0,80,41,0.0,-12.4523
rsi_30_70,AMD,M15,2.0,1.5,3.0,True,108,0.0,-21.6742,-21.6742,0.0,-437.66,0.269,108,437.69,0.44,,-1.921,-50.0,0.05,-100.0,65,43,0.0,-14.6316
rsi_30_70,AMZN,H1,2.0,1.5,3.0,True,105,0.0,-16.1053,-16.1053,0.0,-418.36,0.063,105,418.73,0.42,,-2.914,-50.0,0.05,-100.0,57,48,0.0,-13.3295
rsi_30_70,AMZN,M15,2.0,1.5,3.0,True,120,0.0,-26.6189,-26.6189,0.0,-482.22,0.267,120,482.52,0.48,,-3.168,-50.0,0.05,-100.0,69,51,0.0,-24.7397
rsi_30_70,AVGO,H1,2.0,1.5,3.0,True,104,0.0,-30.7003,-30.7003,0.0,-406.24,0.062,104,406.28,0.41,,-1.207,-50.0,0.05,-100.0,61,43,0.0,-8.4035
rsi_30_70,AVGO,M15,2.0,1.5,3.0,True,109,0.0,-15.115,-15.115,0.0,-432.64,0.242,109,432.7,0.43,,-2.562,-50.0,0.05,-100.0,61,48,0.0,-11.662
rsi_30_70,CSCO,H1,2.0,1.5,3.0,True,102,0.0,-78.2412,-78.2412,0.0,-405.37,0.061,102,405.44,0.41,,-2.915,-50.0,0.05,-100.0,65,37,0.0,-70.7382
rsi_30_70,CSCO,M15,2.0,1.5,3.0,True,96,0.0,-119.5905,-119.5905,0.0,-383.67,0.213,96,383.69,0.38,,-2.714,-50.0,0.05,-100.0,62,34,0.0,-86.3571
rsi_30_70,INTC,H1,2.0,1.5,3.0,True,123,0.0,-77.0498,-77.0498,0.0,-492.34,0.073,123,492.39,0.49,,-2.883,-50.0,0.05,-100.0,82,41,0.0,-79.1639
rsi_30_70,INTC,M15,2.0,1.5,3.0,True,120,0.0,-137.9702,-137.9702,0.0,-479.48,0.267,120,479.49,0.48,,-1.622,-50.0,0.05,-100.0,66,54,0.0,-79.8908
rsi_30_70,MSFT,H1,2.0,1.5,3.0,True,122,0.0,-9.3775,-9.3775,0.0,-481.36,0.073,122,481.72,0.48,,-3.272,-50.0,0.05,-100.0,71,51,0.0,-8.2159
rsi_30_70,MSFT,M15,2.0,1.5,3.0,True,127,0.0,-18.2563,-18.2563,0.0,-513.39,0.283,127,513.39,0.51,,-3.084,-50.0,0.05,-100.0,66,61,0.0,-16.519
rsi_30_70,NVDA,H1,2.0,1.5,3.0,True,103,0.0,-41.858,-41.858,0.0,-410.38,0.062,103,410.39,0.41,,-1.157,-50.0,0.05,-100.0,57,46,0.0,-12.8788
rsi_30_70,NVDA,M15,2.0,1.5,3.0,True,111,0.0,-26.0665,-26.0665,0.0,-443.29,0.247,111,443.31,0.44,,-3.695,-50.0,0.05,-100.0,57,54,0.0,-24.8693
rsi_30_70,US2000.cash,M15,2.0,1.5,3.0,True,125,0.0,-5.9865,-5.9865,0.0,-514.73,1.02,125,514.73,0.51,,-1.597,-50.0,0.05,-100.0,79,46,0.0,-5.0889
